{"imu/acl_x": 0.6919242797851562, "imu/gyr_y": -5.66412213740458, "imu/temp": 32.906470588235294, "imu/acl_y": -0.0909796630859375, "imu/acl_z": 9.639055883789062, "user/mode": "user", "cam/image_array": "36_cam-image_array_.jpg", "imu/gyr_x": -7.641221374045801, "user/angle": -0.32993560594500565, "user/throttle": 0.2585656300546282, "imu/gyr_z": 2.931297709923664}