{"imu/acl_x": -1.24498486328125, "imu/gyr_y": 8.251908396946565, "imu/temp": 32.29470588235294, "imu/acl_y": 0.10295067138671875, "imu/acl_z": 10.59194814453125, "user/mode": "user", "cam/image_array": "1303_cam-image_array_.jpg", "imu/gyr_x": 20.625954198473284, "user/angle": -0.6288949247718741, "user/throttle": 0.2755757316812647, "imu/gyr_z": 81.89312977099236}