{"imu/acl_x": 0.7302315063476562, "imu/gyr_y": 2.1603053435114505, "imu/temp": 32.953529411764706, "imu/acl_y": 1.1755530151367186, "imu/acl_z": 11.291055029296874, "user/mode": "user", "cam/image_array": "55_cam-image_array_.jpg", "imu/gyr_x": -2.6946564885496183, "user/angle": -0.5670339060640278, "user/throttle": 0.26877773369548635, "imu/gyr_z": 12.381679389312977}