{"imu/acl_x": -1.2138602416992186, "imu/gyr_y": 9.511450381679388, "imu/temp": 32.671176470588236, "imu/acl_y": 0.8547299926757812, "imu/acl_z": 7.936778503417968, "user/mode": "user", "cam/image_array": "910_cam-image_array_.jpg", "imu/gyr_x": -9.648854961832061, "user/angle": -0.5154881435590686, "user/throttle": 0.27218176824243906, "imu/gyr_z": -30.221374045801525}