{"imu/acl_x": -0.22744915771484372, "imu/gyr_y": -1.8778625954198473, "imu/temp": 33.09470588235294, "imu/acl_y": 0.2609679809570312, "imu/acl_z": 11.003750830078124, "user/mode": "user", "cam/image_array": "85_cam-image_array_.jpg", "imu/gyr_x": -0.4198473282442748, "user/angle": -1.0, "user/throttle": 0.27218176824243906, "imu/gyr_z": 45.80152671755725}