{"imu/acl_x": -0.7829039428710937, "imu/gyr_y": -16.389312977099237, "imu/temp": 32.24764705882353, "imu/acl_y": 2.2649147705078123, "imu/acl_z": 8.872911352539061, "user/mode": "user", "cam/image_array": "1296_cam-image_array_.jpg", "imu/gyr_x": -20.16030534351145, "user/angle": -0.9794305246131779, "user/throttle": 0.2755757316812647, "imu/gyr_z": 77.70229007633588}