{"imu/acl_x": 0.46686932373046874, "imu/gyr_y": -17.52671755725191, "imu/temp": 32.53, "imu/acl_y": 0.7110778930664062, "imu/acl_z": 15.291766003417967, "user/mode": "user", "cam/image_array": "1150_cam-image_array_.jpg", "imu/gyr_x": -6.893129770992366, "user/angle": 0.0, "user/throttle": 0.27218176824243906, "imu/gyr_z": -8.83206106870229}