{"imu/acl_x": -0.12689268798828124, "imu/gyr_y": -2.053435114503817, "imu/temp": 32.48294117647059, "imu/acl_y": 1.1085153686523437, "imu/acl_z": 12.004527124023436, "user/mode": "user", "cam/image_array": "1034_cam-image_array_.jpg", "imu/gyr_x": -7.2748091603053435, "user/angle": -0.8660237434003724, "user/throttle": 0.2755757316812647, "imu/gyr_z": 52.6793893129771}