{"imu/acl_x": -0.25139117431640623, "imu/gyr_y": 5.343511450381679, "imu/temp": 32.48294117647059, "imu/acl_y": 0.6392518432617187, "imu/acl_z": 11.168950744628905, "user/mode": "user", "cam/image_array": "1040_cam-image_array_.jpg", "imu/gyr_x": -13.221374045801527, "user/angle": 0.0, "user/throttle": 0.27218176824243906, "imu/gyr_z": 27.564885496183205}