{"imu/acl_x": 1.8267758666992187, "imu/gyr_y": 5.435114503816794, "imu/temp": 32.24764705882353, "imu/acl_y": -0.5889736083984375, "imu/acl_z": 9.957484704589843, "user/mode": "user", "cam/image_array": "1383_cam-image_array_.jpg", "imu/gyr_x": 3.7709923664122136, "user/angle": 0.8763084810937833, "user/throttle": 0.27218176824243906, "imu/gyr_z": -86.38931297709924}