{"imu/acl_x": -0.4429273071289062, "imu/gyr_y": 10.358778625954198, "imu/temp": 33.00058823529412, "imu/acl_y": 0.3950432739257812, "imu/acl_z": 10.649408984374999, "user/mode": "user", "cam/image_array": "168_cam-image_array_.jpg", "imu/gyr_x": 1.4885496183206106, "user/angle": -0.5773491622669149, "user/throttle": 0.2619696646015809, "imu/gyr_z": 21.450381679389313}