{"imu/acl_x": 0.13168109130859373, "imu/gyr_y": -23.389312977099237, "imu/temp": 32.24764705882353, "imu/acl_y": -1.2497732666015624, "imu/acl_z": 10.912771166992187, "user/mode": "user", "cam/image_array": "1279_cam-image_array_.jpg", "imu/gyr_x": 1.2442748091603053, "user/angle": -0.32993560594500565, "user/throttle": 0.2755757316812647, "imu/gyr_z": -3.7938931297709924}