{"imu/acl_x": 1.5658078857421873, "imu/gyr_y": 9.274809160305344, "imu/temp": 31.73, "imu/acl_y": 1.7357962036132812, "imu/acl_z": 9.435548742675781, "user/mode": "user", "cam/image_array": "1757_cam-image_array_.jpg", "imu/gyr_x": 10.305343511450381, "user/angle": -1.0, "user/throttle": 0.27218176824243906, "imu/gyr_z": 69.59541984732824}