{"imu/acl_x": 0.1867477294921875, "imu/gyr_y": 6.290076335877862, "imu/temp": 33.18882352941176, "imu/acl_y": 0.12210428466796874, "imu/acl_z": 11.068394274902342, "user/mode": "user", "cam/image_array": "101_cam-image_array_.jpg", "imu/gyr_x": 0.7480916030534351, "user/angle": 0.12369151890621662, "user/throttle": 0.26877773369548635, "imu/gyr_z": 5.732824427480916}