{"imu/acl_x": 2.205059729003906, "imu/gyr_y": 1.366412213740458, "imu/temp": 33.09470588235294, "imu/acl_y": 0.2537853759765625, "imu/acl_z": 8.367734802246094, "user/mode": "user", "cam/image_array": "292_cam-image_array_.jpg", "imu/gyr_x": 3.099236641221374, "user/angle": 0.0, "user/throttle": 0.2653736991485336, "imu/gyr_z": -9.580152671755725}