{"imu/acl_x": -2.588131994628906, "imu/gyr_y": -16.30534351145038, "imu/temp": 33.00058823529412, "imu/acl_y": -0.3280056274414062, "imu/acl_z": 7.3932947265625, "user/mode": "user", "cam/image_array": "563_cam-image_array_.jpg", "imu/gyr_x": -13.145038167938932, "user/angle": 0.6391796624652852, "user/throttle": 0.27218176824243906, "imu/gyr_z": -77.06106870229007}