{"imu/acl_x": -3.3590649291992185, "imu/gyr_y": -14.86259541984733, "imu/temp": 32.953529411764706, "imu/acl_y": 0.13168109130859373, "imu/acl_z": 11.575965026855467, "user/mode": "user", "cam/image_array": "421_cam-image_array_.jpg", "imu/gyr_x": -4.0, "user/angle": -0.2165288247322001, "user/throttle": 0.2653736991485336, "imu/gyr_z": -8.534351145038167}