{"imu/acl_x": 0.4740519287109375, "imu/gyr_y": -4.916030534351145, "imu/temp": 32.43588235294118, "imu/acl_y": 0.5865794067382812, "imu/acl_z": 10.345345373535155, "user/mode": "user", "cam/image_array": "1091_cam-image_array_.jpg", "imu/gyr_x": -18.206106870229007, "user/angle": -1.0, "user/throttle": 0.27218176824243906, "imu/gyr_z": 83.05343511450381}