{"imu/acl_x": 1.22583125, "imu/gyr_y": -4.419847328244275, "imu/temp": 33.09470588235294, "imu/acl_y": -0.258573779296875, "imu/acl_z": 8.686163623046875, "user/mode": "user", "cam/image_array": "114_cam-image_array_.jpg", "imu/gyr_x": 0.061068702290076333, "user/angle": 1.0, "user/throttle": 0.26877773369548635, "imu/gyr_z": -59.7557251908397}