{"imu/acl_x": 0.5674257934570313, "imu/gyr_y": -0.45038167938931295, "imu/temp": 33.00058823529412, "imu/acl_y": 1.5514426757812498, "imu/acl_z": 8.104372619628906, "user/mode": "user", "cam/image_array": "422_cam-image_array_.jpg", "imu/gyr_x": -7.969465648854962, "user/angle": -0.22681356242561113, "user/throttle": 0.26877773369548635, "imu/gyr_z": -3.877862595419847}