{"imu/acl_x": -0.21068974609375, "imu/gyr_y": 4.633587786259542, "imu/temp": 32.906470588235294, "imu/acl_y": 0.6464344482421874, "imu/acl_z": 8.544905725097657, "user/mode": "user", "cam/image_array": "606_cam-image_array_.jpg", "imu/gyr_x": -5.8396946564885495, "user/angle": -0.7526169621875668, "user/throttle": 0.2619696646015809, "imu/gyr_z": 45.786259541984734}