{"imu/acl_x": 1.1372457885742187, "imu/gyr_y": 7.145038167938932, "imu/temp": 31.965294117647062, "imu/acl_y": -1.0941501586914062, "imu/acl_z": 6.873752966308594, "user/mode": "user", "cam/image_array": "1664_cam-image_array_.jpg", "imu/gyr_x": -1.4809160305343512, "user/angle": 0.0, "user/throttle": 0.2755757316812647, "imu/gyr_z": 8.946564885496183}