{"imu/acl_x": -0.9169792358398436, "imu/gyr_y": -9.923664122137405, "imu/temp": 31.91823529411765, "imu/acl_y": 2.2266075439453124, "imu/acl_z": 12.04762275390625, "user/mode": "user", "cam/image_array": "1652_cam-image_array_.jpg", "imu/gyr_x": -0.8015267175572519, "user/angle": -1.0, "user/throttle": 0.2755757316812647, "imu/gyr_z": 94.4885496183206}