{"imu/acl_x": -1.6519991455078125, "imu/gyr_y": 13.740458015267176, "imu/temp": 33.00058823529412, "imu/acl_y": 0.8164227661132812, "imu/acl_z": 12.892775939941405, "user/mode": "user", "cam/image_array": "485_cam-image_array_.jpg", "imu/gyr_x": -1.6412213740458015, "user/angle": -0.2577593310342723, "user/throttle": 0.2653736991485336, "imu/gyr_z": 6.702290076335878}