{"imu/acl_x": -0.430956298828125, "imu/gyr_y": -2.450381679389313, "imu/temp": 33.04764705882353, "imu/acl_y": -0.4213794921875, "imu/acl_z": 9.572018237304688, "user/mode": "user", "cam/image_array": "41_cam-image_array_.jpg", "imu/gyr_x": 2.427480916030534, "user/angle": -0.17526779992065186, "user/throttle": 0.2551716666158025, "imu/gyr_z": 4.213740458015267}