{"imu/acl_x": 0.3016694091796875, "imu/gyr_y": 8.068702290076336, "imu/temp": 32.953529411764706, "imu/acl_y": 0.8882488159179687, "imu/acl_z": 9.9215716796875, "user/mode": "user", "cam/image_array": "655_cam-image_array_.jpg", "imu/gyr_x": -14.49618320610687, "user/angle": -0.20621356852931302, "user/throttle": 0.2619696646015809, "imu/gyr_z": 6.66412213740458}