{"imu/acl_x": 2.068590234375, "imu/gyr_y": -1.0916030534351144, "imu/temp": 33.00058823529412, "imu/acl_y": -0.3902548706054687, "imu/acl_z": 7.228094812011718, "user/mode": "user", "cam/image_array": "54_cam-image_array_.jpg", "imu/gyr_x": -7.900763358778626, "user/angle": -0.5670339060640278, "user/throttle": 0.2619696646015809, "imu/gyr_z": 11.106870229007633}