{"imu/acl_x": -0.6153098266601562, "imu/gyr_y": -9.969465648854962, "imu/temp": 32.906470588235294, "imu/acl_y": 0.4836287353515625, "imu/acl_z": 10.87925234375, "user/mode": "user", "cam/image_array": "595_cam-image_array_.jpg", "imu/gyr_x": -17.702290076335878, "user/angle": -0.14435254982146672, "user/throttle": 0.2619696646015809, "imu/gyr_z": 19.900763358778626}