{"imu/acl_x": -0.6871358764648438, "imu/gyr_y": 1.4122137404580153, "imu/temp": 32.29470588235294, "imu/acl_y": 0.33758243408203126, "imu/acl_z": 9.390058911132812, "user/mode": "user", "cam/image_array": "1306_cam-image_array_.jpg", "imu/gyr_x": 2.404580152671756, "user/angle": 0.0, "user/throttle": 0.2755757316812647, "imu/gyr_z": 35.6793893129771}