{"imu/acl_x": 0.9911994873046874, "imu/gyr_y": -2.984732824427481, "imu/temp": 32.906470588235294, "imu/acl_y": 1.0127473022460938, "imu/acl_z": 9.176974963378905, "user/mode": "user", "cam/image_array": "683_cam-image_array_.jpg", "imu/gyr_x": -0.6106870229007634, "user/angle": -1.0, "user/throttle": 0.2653736991485336, "imu/gyr_z": 67.31297709923665}