{"imu/acl_x": 3.124433166503906, "imu/gyr_y": 4.977099236641221, "imu/temp": 33.09470588235294, "imu/acl_y": -0.9002198242187499, "imu/acl_z": 11.745953344726562, "user/mode": "user", "cam/image_array": "414_cam-image_array_.jpg", "imu/gyr_x": -4.343511450381679, "user/angle": -0.09280678731650746, "user/throttle": 0.2653736991485336, "imu/gyr_z": 16.83206106870229}