{"imu/acl_x": -2.7078420776367187, "imu/gyr_y": -7.977099236641221, "imu/temp": 32.671176470588236, "imu/acl_y": 1.4772224243164063, "imu/acl_z": 11.401188305664062, "user/mode": "user", "cam/image_array": "794_cam-image_array_.jpg", "imu/gyr_x": -2.984732824427481, "user/angle": -0.7732474745933409, "user/throttle": 0.2619696646015809, "imu/gyr_z": 41.61832061068702}