{"imu/acl_x": 0.39983167724609375, "imu/gyr_y": -6.778625954198473, "imu/temp": 32.29470588235294, "imu/acl_y": 0.2442085693359375, "imu/acl_z": 8.252813122558594, "user/mode": "user", "cam/image_array": "1273_cam-image_array_.jpg", "imu/gyr_x": -13.633587786259541, "user/angle": 0.0, "user/throttle": 0.2755757316812647, "imu/gyr_z": -7.648854961832061}