{"imu/acl_x": -2.636016027832031, "imu/gyr_y": 0.2824427480916031, "imu/temp": 33.42411764705882, "imu/acl_y": 0.26815058593749996, "imu/acl_z": 12.854468713378905, "user/mode": "user", "cam/image_array": "813_cam-image_array_.jpg", "imu/gyr_x": 11.038167938931299, "user/angle": -1.0, "user/throttle": 0.2755757316812647, "imu/gyr_z": 62.3587786259542}