{"imu/acl_x": -0.4429273071289062, "imu/gyr_y": -10.83206106870229, "imu/temp": 32.906470588235294, "imu/acl_y": 0.354341845703125, "imu/acl_z": 8.291120349121094, "user/mode": "user", "cam/image_array": "596_cam-image_array_.jpg", "imu/gyr_x": -13.793893129770993, "user/angle": -0.2165288247322001, "user/throttle": 0.2619696646015809, "imu/gyr_z": 7.770992366412214}