{"imu/acl_x": 0.3280056274414062, "imu/gyr_y": -1.0763358778625953, "imu/temp": 33.09470588235294, "imu/acl_y": -0.316034619140625, "imu/acl_z": 9.212887988281249, "user/mode": "user", "cam/image_array": "44_cam-image_array_.jpg", "imu/gyr_x": -6.977099236641221, "user/angle": -0.3196203497421186, "user/throttle": 0.2585656300546282, "imu/gyr_z": 1.3511450381679388}