{"imu/acl_x": -1.0007762939453124, "imu/gyr_y": -9.84732824427481, "imu/temp": 31.777058823529412, "imu/acl_y": 0.5530605834960938, "imu/acl_z": 12.746729638671875, "user/mode": "user", "cam/image_array": "1846_cam-image_array_.jpg", "imu/gyr_x": 1.2290076335877862, "user/angle": -1.0, "user/throttle": 0.2755757316812647, "imu/gyr_z": 81.27480916030534}