{"imu/acl_x": -1.917755529785156, "imu/gyr_y": -6.183206106870229, "imu/temp": 32.85941176470588, "imu/acl_y": 0.19393033447265623, "imu/acl_z": 9.734823950195311, "user/mode": "user", "cam/image_array": "632_cam-image_array_.jpg", "imu/gyr_x": -7.2748091603053435, "user/angle": -0.37116611224707785, "user/throttle": 0.2619696646015809, "imu/gyr_z": -7.931297709923665}