{"imu/acl_x": 1.4772224243164063, "imu/gyr_y": 3.5343511450381677, "imu/temp": 32.341764705882355, "imu/acl_y": 0.5051765502929687, "imu/acl_z": 10.639832177734375, "user/mode": "user", "cam/image_array": "1301_cam-image_array_.jpg", "imu/gyr_x": 7.8320610687022905, "user/angle": -0.9278847621082187, "user/throttle": 0.2755757316812647, "imu/gyr_z": 88.85496183206106}