{"imu/acl_x": -2.849099975585937, "imu/gyr_y": -10.740458015267176, "imu/temp": 32.906470588235294, "imu/acl_y": 0.13407529296874998, "imu/acl_z": 12.253524096679687, "user/mode": "user", "cam/image_array": "692_cam-image_array_.jpg", "imu/gyr_x": 3.50381679389313, "user/angle": -0.09280678731650746, "user/throttle": 0.2653736991485336, "imu/gyr_z": 57.62595419847328}