{"imu/acl_x": -1.695094775390625, "imu/gyr_y": 4.793893129770993, "imu/temp": 32.624117647058824, "imu/acl_y": 2.0374656127929685, "imu/acl_z": 11.482591162109374, "user/mode": "user", "cam/image_array": "926_cam-image_array_.jpg", "imu/gyr_x": 7.1603053435114505, "user/angle": -1.0, "user/throttle": 0.27218176824243906, "imu/gyr_z": 73.3206106870229}