{"imu/acl_x": 0.6416460449218749, "imu/gyr_y": 13.458015267175572, "imu/temp": 33.09470588235294, "imu/acl_y": 1.2617442749023438, "imu/acl_z": 11.137826123046874, "user/mode": "user", "cam/image_array": "353_cam-image_array_.jpg", "imu/gyr_x": 1.1603053435114503, "user/angle": -1.0, "user/throttle": 0.26877773369548635, "imu/gyr_z": 13.51908396946565}