{"imu/acl_x": -1.5969325073242187, "imu/gyr_y": 16.572519083969464, "imu/temp": 32.57705882352941, "imu/acl_y": 1.3670891479492187, "imu/acl_z": 7.7596075805664055, "user/mode": "user", "cam/image_array": "1029_cam-image_array_.jpg", "imu/gyr_x": -5.870229007633588, "user/angle": -0.8660237434003724, "user/throttle": 0.27218176824243906, "imu/gyr_z": 57.70992366412214}