{"imu/acl_x": -0.8762778076171874, "imu/gyr_y": -1.5648854961832062, "imu/temp": 32.81235294117647, "imu/acl_y": 0.39743747558593745, "imu/acl_z": 10.172962854003906, "user/mode": "user", "cam/image_array": "652_cam-image_array_.jpg", "imu/gyr_x": -5.076335877862595, "user/angle": -0.17526779992065186, "user/throttle": 0.2619696646015809, "imu/gyr_z": 15.259541984732824}