{"imu/acl_x": -1.5586252807617187, "imu/gyr_y": 15.053435114503817, "imu/temp": 32.29470588235294, "imu/acl_y": 2.051830822753906, "imu/acl_z": 9.952696301269532, "user/mode": "user", "cam/image_array": "1262_cam-image_array_.jpg", "imu/gyr_x": -4.076335877862595, "user/angle": -0.7938474684896389, "user/throttle": 0.2755757316812647, "imu/gyr_z": 58.31297709923664}