{"imu/acl_x": -0.7302315063476562, "imu/gyr_y": -6.244274809160306, "imu/temp": 32.43588235294118, "imu/acl_y": 0.37828386230468747, "imu/acl_z": 9.713276135253906, "user/mode": "user", "cam/image_array": "1109_cam-image_array_.jpg", "imu/gyr_x": 1.7709923664122138, "user/angle": 0.0, "user/throttle": 0.2755757316812647, "imu/gyr_z": 68.73282442748092}