{"imu/acl_x": -1.8602946899414061, "imu/gyr_y": -28.267175572519083, "imu/temp": 32.059411764705885, "imu/acl_y": 1.3024457031249999, "imu/acl_z": 7.314286071777343, "user/mode": "user", "cam/image_array": "1591_cam-image_array_.jpg", "imu/gyr_x": -14.396946564885496, "user/angle": -1.0, "user/throttle": 0.2755757316812647, "imu/gyr_z": 78.10687022900764}