{"imu/acl_x": -0.74699091796875, "imu/gyr_y": 10.412213740458014, "imu/temp": 32.341764705882355, "imu/acl_y": 1.149216796875, "imu/acl_z": 12.830526696777342, "user/mode": "user", "cam/image_array": "1268_cam-image_array_.jpg", "imu/gyr_x": 6.465648854961832, "user/angle": 0.0, "user/throttle": 0.2755757316812647, "imu/gyr_z": 54.93893129770992}