{"imu/acl_x": -0.3687070556640625, "imu/gyr_y": -12.82442748091603, "imu/temp": 32.388823529411766, "imu/acl_y": -1.0366893188476562, "imu/acl_z": 8.990227233886719, "user/mode": "user", "cam/image_array": "1062_cam-image_array_.jpg", "imu/gyr_x": -9.114503816793894, "user/angle": -0.5876644184698019, "user/throttle": 0.27218176824243906, "imu/gyr_z": 41.99236641221374}