{"imu/acl_x": 1.5490484741210937, "imu/gyr_y": 4.603053435114504, "imu/temp": 32.71823529411765, "imu/acl_y": 0.7948749511718749, "imu/acl_z": 6.868964562988281, "user/mode": "user", "cam/image_array": "844_cam-image_array_.jpg", "imu/gyr_x": -2.1755725190839694, "user/angle": -0.6701254310739464, "user/throttle": 0.2755757316812647, "imu/gyr_z": 48.70992366412214}