{"imu/acl_x": -0.9457096557617187, "imu/gyr_y": -3.717557251908397, "imu/temp": 31.73, "imu/acl_y": -0.2825157958984375, "imu/acl_z": 9.267954626464844, "user/mode": "user", "cam/image_array": "1819_cam-image_array_.jpg", "imu/gyr_x": 4.213740458015267, "user/angle": 0.0, "user/throttle": 0.27218176824243906, "imu/gyr_z": 13.595419847328245}