{"imu/acl_x": -1.0486603271484374, "imu/gyr_y": 3.0, "imu/temp": 33.04764705882353, "imu/acl_y": -0.0143652099609375, "imu/acl_z": 10.74517705078125, "user/mode": "user", "cam/image_array": "248_cam-image_array_.jpg", "imu/gyr_x": 2.312977099236641, "user/angle": -0.2577593310342723, "user/throttle": 0.2653736991485336, "imu/gyr_z": 33.51908396946565}