{"imu/acl_x": -0.4285620971679687, "imu/gyr_y": -1.3282442748091603, "imu/temp": 32.906470588235294, "imu/acl_y": 0.19871873779296872, "imu/acl_z": 9.437942944335937, "user/mode": "user", "cam/image_array": "540_cam-image_array_.jpg", "imu/gyr_x": -12.992366412213741, "user/angle": -0.4330271309549242, "user/throttle": 0.28238380077517017, "imu/gyr_z": 49.267175572519086}