{"imu/acl_x": 0.1388636962890625, "imu/gyr_y": -3.0610687022900764, "imu/temp": 32.24764705882353, "imu/acl_y": 1.0079588989257813, "imu/acl_z": 13.747505932617187, "user/mode": "user", "cam/image_array": "1361_cam-image_array_.jpg", "imu/gyr_x": 11.641221374045802, "user/angle": -1.0, "user/throttle": 0.2755757316812647, "imu/gyr_z": 88.6030534351145}