{"imu/acl_x": 0.4525041137695312, "imu/gyr_y": -4.267175572519084, "imu/temp": 33.09470588235294, "imu/acl_y": -1.01514150390625, "imu/acl_z": 7.6470801025390625, "user/mode": "user", "cam/image_array": "86_cam-image_array_.jpg", "imu/gyr_x": 4.587786259541985, "user/angle": -1.0, "user/throttle": 0.26877773369548635, "imu/gyr_z": 50.0}