{"imu/acl_x": 1.1276689819335937, "imu/gyr_y": 1.6564885496183206, "imu/temp": 31.777058823529412, "imu/acl_y": 1.1420341918945311, "imu/acl_z": 11.01332763671875, "user/mode": "user", "cam/image_array": "1743_cam-image_array_.jpg", "imu/gyr_x": -1.2671755725190839, "user/angle": -0.49488814966277045, "user/throttle": 0.27218176824243906, "imu/gyr_z": -49.51145038167939}