{"imu/acl_x": 0.43574470214843747, "imu/gyr_y": 13.320610687022901, "imu/temp": 32.15352941176471, "imu/acl_y": 1.0989385620117187, "imu/acl_z": 6.9910688476562495, "user/mode": "user", "cam/image_array": "1440_cam-image_array_.jpg", "imu/gyr_x": 4.473282442748092, "user/angle": -0.24744407483138522, "user/throttle": 0.2755757316812647, "imu/gyr_z": 76.76335877862596}