{"imu/acl_x": 1.2210428466796874, "imu/gyr_y": 5.145038167938932, "imu/temp": 32.24764705882353, "imu/acl_y": 1.8100164550781248, "imu/acl_z": 9.816226806640625, "user/mode": "user", "cam/image_array": "1309_cam-image_array_.jpg", "imu/gyr_x": -14.763358778625955, "user/angle": 0.2164983062227241, "user/throttle": 0.2755757316812647, "imu/gyr_z": -14.15267175572519}