{"imu/acl_x": 1.9847931762695312, "imu/gyr_y": -3.7404580152671754, "imu/temp": 32.24764705882353, "imu/acl_y": 1.5418658691406248, "imu/acl_z": 8.528146313476562, "user/mode": "user", "cam/image_array": "1335_cam-image_array_.jpg", "imu/gyr_x": -2.7709923664122136, "user/angle": -0.9897457808160649, "user/throttle": 0.2755757316812647, "imu/gyr_z": 86.6412213740458}