{"imu/acl_x": 1.7717092285156248, "imu/gyr_y": 10.992366412213741, "imu/temp": 32.76529411764706, "imu/acl_y": -0.47884033203125, "imu/acl_z": 10.098742602539062, "user/mode": "user", "cam/image_array": "730_cam-image_array_.jpg", "imu/gyr_x": 13.030534351145038, "user/angle": -0.7629322183904538, "user/throttle": 0.2653736991485336, "imu/gyr_z": 56.57251908396947}