{"imu/acl_x": -1.8914193115234375, "imu/gyr_y": -13.595419847328245, "imu/temp": 32.57705882352941, "imu/acl_y": 0.239420166015625, "imu/acl_z": 7.1203557373046875, "user/mode": "user", "cam/image_array": "911_cam-image_array_.jpg", "imu/gyr_x": -1.5114503816793894, "user/angle": -0.5670339060640278, "user/throttle": 0.27218176824243906, "imu/gyr_z": -0.3511450381679389}