{"imu/acl_x": 2.1643583007812497, "imu/gyr_y": 5.977099236641221, "imu/temp": 33.09470588235294, "imu/acl_y": 1.8195932617187498, "imu/acl_z": 9.988609326171874, "user/mode": "user", "cam/image_array": "298_cam-image_array_.jpg", "imu/gyr_x": -9.801526717557252, "user/angle": -0.7217017120883816, "user/throttle": 0.2653736991485336, "imu/gyr_z": 18.900763358778626}