{"imu/acl_x": -0.5530605834960938, "imu/gyr_y": -5.022900763358779, "imu/temp": 33.09470588235294, "imu/acl_y": -0.507570751953125, "imu/acl_z": 8.947131604003905, "user/mode": "user", "cam/image_array": "118_cam-image_array_.jpg", "imu/gyr_x": 5.259541984732825, "user/angle": 0.32990508743552965, "user/throttle": 0.26877773369548635, "imu/gyr_z": -56.58015267175573}