{"imu/acl_x": 2.8131869506835936, "imu/gyr_y": 6.778625954198473, "imu/temp": 33.04764705882353, "imu/acl_y": -1.1635820068359375, "imu/acl_z": 9.306261853027344, "user/mode": "user", "cam/image_array": "312_cam-image_array_.jpg", "imu/gyr_x": 3.068702290076336, "user/angle": -1.0, "user/throttle": 0.26877773369548635, "imu/gyr_z": 61.19083969465649}