{"imu/acl_x": 3.4931402221679684, "imu/gyr_y": 2.0381679389312977, "imu/temp": 32.71823529411765, "imu/acl_y": 1.4700398193359374, "imu/acl_z": 9.543287817382812, "user/mode": "user", "cam/image_array": "1523_cam-image_array_.jpg", "imu/gyr_x": -18.48854961832061, "user/angle": -0.2371288186284982, "user/throttle": 0.27218176824243906, "imu/gyr_z": -15.083969465648854}