{"imu/acl_x": -0.29927520751953124, "imu/gyr_y": 2.0763358778625953, "imu/temp": 31.965294117647062, "imu/acl_y": -1.2808978881835937, "imu/acl_z": 7.764395983886718, "user/mode": "user", "cam/image_array": "1671_cam-image_array_.jpg", "imu/gyr_x": 8.396946564885496, "user/angle": 0.17523728141117587, "user/throttle": 0.2755757316812647, "imu/gyr_z": -60.36641221374046}