{"imu/acl_x": -0.29448680419921874, "imu/gyr_y": -3.5419847328244276, "imu/temp": 31.824117647058824, "imu/acl_y": 2.319981408691406, "imu/acl_z": 9.524134204101562, "user/mode": "user", "cam/image_array": "1703_cam-image_array_.jpg", "imu/gyr_x": -8.725190839694656, "user/angle": -0.9897457808160649, "user/throttle": 0.2755757316812647, "imu/gyr_z": 20.938931297709924}