{"imu/acl_x": 0.17956512451171874, "imu/gyr_y": 5.091603053435114, "imu/temp": 32.48294117647059, "imu/acl_y": -0.009576806640625, "imu/acl_z": 10.788272680664061, "user/mode": "user", "cam/image_array": "1065_cam-image_array_.jpg", "imu/gyr_x": 9.854961832061068, "user/angle": -0.5464339121677297, "user/throttle": 0.27218176824243906, "imu/gyr_z": 39.85496183206107}