{"imu/acl_x": 0.9050082275390624, "imu/gyr_y": -1.8625954198473282, "imu/temp": 32.012352941176474, "imu/acl_y": -0.4836287353515625, "imu/acl_z": 6.957550024414062, "user/mode": "user", "cam/image_array": "816_cam-image_array_.jpg", "imu/gyr_x": -1.3435114503816794, "user/angle": -1.0, "user/throttle": 0.2755757316812647, "imu/gyr_z": 68.61068702290076}