{"imu/acl_x": -1.9895815795898437, "imu/gyr_y": -9.98473282442748, "imu/temp": 32.24764705882353, "imu/acl_y": 0.6200982299804687, "imu/acl_z": 8.24802471923828, "user/mode": "user", "cam/image_array": "1319_cam-image_array_.jpg", "imu/gyr_x": -5.00763358778626, "user/angle": -0.402081362346263, "user/throttle": 0.2755757316812647, "imu/gyr_z": -11.717557251908397}