{"imu/acl_x": -0.8092401611328125, "imu/gyr_y": -0.8702290076335878, "imu/temp": 33.14176470588235, "imu/acl_y": -0.01915361328125, "imu/acl_z": 10.467449658203124, "user/mode": "user", "cam/image_array": "190_cam-image_array_.jpg", "imu/gyr_x": -2.015267175572519, "user/angle": 0.0, "user/throttle": 0.2653736991485336, "imu/gyr_z": 11.450381679389313}