{"imu/acl_x": 3.0502129150390624, "imu/gyr_y": -0.061068702290076333, "imu/temp": 32.20058823529412, "imu/acl_y": -1.7429788085937499, "imu/acl_z": 9.756371765136718, "user/mode": "user", "cam/image_array": "1382_cam-image_array_.jpg", "imu/gyr_x": 4.183206106870229, "user/angle": 0.8763084810937833, "user/throttle": 0.27218176824243906, "imu/gyr_z": -90.8854961832061}