{"imu/acl_x": -3.1794998046874996, "imu/gyr_y": 4.290076335877862, "imu/temp": 33.04764705882353, "imu/acl_y": 1.6998831787109374, "imu/acl_z": 12.543222497558594, "user/mode": "user", "cam/image_array": "279_cam-image_array_.jpg", "imu/gyr_x": -15.51908396946565, "user/angle": -0.9382000183111057, "user/throttle": 0.26877773369548635, "imu/gyr_z": 62.42748091603053}