{"imu/acl_x": 2.9089550170898435, "imu/gyr_y": -6.770992366412214, "imu/temp": 31.824117647058824, "imu/acl_y": -0.7661445312499999, "imu/acl_z": 11.482591162109374, "user/mode": "user", "cam/image_array": "1772_cam-image_array_.jpg", "imu/gyr_x": -11.267175572519085, "user/angle": 0.0, "user/throttle": 0.27218176824243906, "imu/gyr_z": 7.526717557251908}