{"imu/acl_x": -2.70065947265625, "imu/gyr_y": -13.916030534351146, "imu/temp": 31.259411764705884, "imu/acl_y": -0.1292868896484375, "imu/acl_z": 6.643909606933593, "user/mode": "user", "cam/image_array": "1594_cam-image_array_.jpg", "imu/gyr_x": -5.068702290076335, "user/angle": -1.0, "user/throttle": 0.2755757316812647, "imu/gyr_z": 81.31297709923665}