{"imu/acl_x": -0.4333505004882812, "imu/gyr_y": 5.641221374045801, "imu/temp": 32.76529411764706, "imu/acl_y": 0.6200982299804687, "imu/acl_z": 10.098742602539062, "user/mode": "user", "cam/image_array": "815_cam-image_array_.jpg", "imu/gyr_x": 1.1450381679389312, "user/angle": -1.0, "user/throttle": 0.2755757316812647, "imu/gyr_z": 67.79389312977099}