{"imu/acl_x": 1.139639990234375, "imu/gyr_y": -2.9389312977099236, "imu/temp": 32.953529411764706, "imu/acl_y": -0.35194764404296874, "imu/acl_z": 7.587225061035156, "user/mode": "user", "cam/image_array": "505_cam-image_array_.jpg", "imu/gyr_x": -1.786259541984733, "user/angle": -0.3608508560441908, "user/throttle": 0.2619696646015809, "imu/gyr_z": 41.67175572519084}