{"imu/acl_x": 0.6703764648437499, "imu/gyr_y": -4.221374045801527, "imu/temp": 32.906470588235294, "imu/acl_y": 0.6153098266601562, "imu/acl_z": 8.705317236328124, "user/mode": "user", "cam/image_array": "669_cam-image_array_.jpg", "imu/gyr_x": 2.8244274809160306, "user/angle": -0.7732474745933409, "user/throttle": 0.2619696646015809, "imu/gyr_z": 41.47328244274809}