{"imu/acl_x": -0.17956512451171874, "imu/gyr_y": -12.595419847328245, "imu/temp": 32.953529411764706, "imu/acl_y": 1.0175357055664063, "imu/acl_z": 9.150638745117186, "user/mode": "user", "cam/image_array": "635_cam-image_array_.jpg", "imu/gyr_x": -4.458015267175573, "user/angle": -0.6392101809747612, "user/throttle": 0.2619696646015809, "imu/gyr_z": 27.870229007633586}