{"imu/acl_x": -1.7693150268554687, "imu/gyr_y": -11.641221374045802, "imu/temp": 32.059411764705885, "imu/acl_y": -1.7573440185546874, "imu/acl_z": 8.872911352539061, "user/mode": "user", "cam/image_array": "1452_cam-image_array_.jpg", "imu/gyr_x": -0.6946564885496184, "user/angle": -0.37116611224707785, "user/throttle": 0.2755757316812647, "imu/gyr_z": 27.053435114503817}