{"imu/acl_x": -3.421314172363281, "imu/gyr_y": -16.519083969465647, "imu/temp": 32.059411764705885, "imu/acl_y": 0.12689268798828124, "imu/acl_z": 7.141903552246093, "user/mode": "user", "cam/image_array": "1532_cam-image_array_.jpg", "imu/gyr_x": -9.67175572519084, "user/angle": -0.8969389934995575, "user/throttle": 0.27218176824243906, "imu/gyr_z": 64.9618320610687}