{"imu/acl_x": 1.0079588989257813, "imu/gyr_y": 3.5343511450381677, "imu/temp": 32.671176470588236, "imu/acl_y": -1.3455413330078123, "imu/acl_z": 8.391676818847655, "user/mode": "user", "cam/image_array": "789_cam-image_array_.jpg", "imu/gyr_x": 1.4427480916030535, "user/angle": -0.4330271309549242, "user/throttle": 0.2619696646015809, "imu/gyr_z": -77.18320610687023}