{"imu/acl_x": -0.8283937744140625, "imu/gyr_y": -4.549618320610687, "imu/temp": 32.341764705882355, "imu/acl_y": 0.9935936889648437, "imu/acl_z": 9.732429748535155, "user/mode": "user", "cam/image_array": "1209_cam-image_array_.jpg", "imu/gyr_x": -2.2748091603053435, "user/angle": -0.9484847560045168, "user/throttle": 0.27218176824243906, "imu/gyr_z": 34.50381679389313}