{"imu/acl_x": -2.442085693359375, "imu/gyr_y": -5.847328244274809, "imu/temp": 32.20058823529412, "imu/acl_y": 0.17238251953125, "imu/acl_z": 7.745242370605468, "user/mode": "user", "cam/image_array": "1444_cam-image_array_.jpg", "imu/gyr_x": -4.786259541984733, "user/angle": 0.0, "user/throttle": 0.2755757316812647, "imu/gyr_z": -8.16793893129771}