{"imu/acl_x": 0.45968671875, "imu/gyr_y": 0.9923664122137404, "imu/temp": 32.1064705882353, "imu/acl_y": -0.11252747802734374, "imu/acl_z": 10.491391674804687, "user/mode": "user", "cam/image_array": "1536_cam-image_array_.jpg", "imu/gyr_x": 2.366412213740458, "user/angle": -0.9484847560045168, "user/throttle": 0.2755757316812647, "imu/gyr_z": 71.94656488549619}