{"imu/acl_x": -2.2361843505859373, "imu/gyr_y": -14.259541984732824, "imu/temp": 32.15352941176471, "imu/acl_y": -0.3112462158203125, "imu/acl_z": 10.800243688964843, "user/mode": "user", "cam/image_array": "1419_cam-image_array_.jpg", "imu/gyr_x": 10.374045801526718, "user/angle": -0.8660237434003724, "user/throttle": 0.2755757316812647, "imu/gyr_z": 55.38931297709924}