{"imu/acl_x": 2.4396914916992185, "imu/gyr_y": -8.053435114503817, "imu/temp": 32.15352941176471, "imu/acl_y": 1.1923124267578125, "imu/acl_z": 12.174515441894531, "user/mode": "user", "cam/image_array": "1482_cam-image_array_.jpg", "imu/gyr_x": -4.175572519083969, "user/angle": -1.0, "user/throttle": 0.2755757316812647, "imu/gyr_z": 81.49618320610686}