{"imu/acl_x": 0.3902548706054687, "imu/gyr_y": 3.648854961832061, "imu/temp": 32.43588235294118, "imu/acl_y": 0.37828386230468747, "imu/acl_z": 9.447519750976562, "user/mode": "user", "cam/image_array": "1216_cam-image_array_.jpg", "imu/gyr_x": 0.549618320610687, "user/angle": -1.0, "user/throttle": 0.27218176824243906, "imu/gyr_z": 65.13740458015268}