{"imu/acl_x": -0.24660277099609373, "imu/gyr_y": -3.7557251908396947, "imu/temp": 33.00058823529412, "imu/acl_y": -1.0678139404296874, "imu/acl_z": 9.9215716796875, "user/mode": "user", "cam/image_array": "437_cam-image_array_.jpg", "imu/gyr_x": 6.244274809160306, "user/angle": -0.3402203436384167, "user/throttle": 0.26877773369548635, "imu/gyr_z": 16.862595419847327}