{"imu/acl_x": -2.73896669921875, "imu/gyr_y": -3.0839694656488548, "imu/temp": 32.906470588235294, "imu/acl_y": 0.584185205078125, "imu/acl_z": 9.265560424804686, "user/mode": "user", "cam/image_array": "738_cam-image_array_.jpg", "imu/gyr_x": -4.366412213740458, "user/angle": -0.5773491622669149, "user/throttle": 0.2653736991485336, "imu/gyr_z": 9.19083969465649}