{"imu/acl_x": 0.6823474731445313, "imu/gyr_y": 14.977099236641221, "imu/temp": 32.71823529411765, "imu/acl_y": 0.689530078125, "imu/acl_z": 8.568847741699217, "user/mode": "user", "cam/image_array": "1580_cam-image_array_.jpg", "imu/gyr_x": -0.09923664122137404, "user/angle": -1.0, "user/throttle": 0.2755757316812647, "imu/gyr_z": 86.19847328244275}