{"imu/acl_x": -0.0718260498046875, "imu/gyr_y": -6.374045801526718, "imu/temp": 32.53, "imu/acl_y": 0.26815058593749996, "imu/acl_z": 10.759542260742187, "user/mode": "user", "cam/image_array": "1083_cam-image_array_.jpg", "imu/gyr_x": 3.4427480916030535, "user/angle": -0.597979674672689, "user/throttle": 0.27218176824243906, "imu/gyr_z": 18.35114503816794}