{"imu/acl_x": -0.5530605834960938, "imu/gyr_y": 13.274809160305344, "imu/temp": 31.777058823529412, "imu/acl_y": 0.28730419921875, "imu/acl_z": 8.772354882812499, "user/mode": "user", "cam/image_array": "1768_cam-image_array_.jpg", "imu/gyr_x": -11.290076335877863, "user/angle": -0.5051728873561815, "user/throttle": 0.27218176824243906, "imu/gyr_z": 52.94656488549618}