{"imu/acl_x": 0.44053310546874996, "imu/gyr_y": -2.7099236641221376, "imu/temp": 32.012352941176474, "imu/acl_y": 1.120486376953125, "imu/acl_z": 10.129867224121092, "user/mode": "user", "cam/image_array": "882_cam-image_array_.jpg", "imu/gyr_x": 3.2061068702290076, "user/angle": -0.8453932309945982, "user/throttle": 0.2755757316812647, "imu/gyr_z": 78.06106870229007}