{"imu/acl_x": -1.0031704956054688, "imu/gyr_y": -13.099236641221374, "imu/temp": 32.1064705882353, "imu/acl_y": -0.8212111694335937, "imu/acl_z": 8.257601525878906, "user/mode": "user", "cam/image_array": "1425_cam-image_array_.jpg", "imu/gyr_x": -4.793893129770993, "user/angle": -0.8660237434003724, "user/throttle": 0.2755757316812647, "imu/gyr_z": 61.229007633587784}