{"imu/acl_x": 1.1444283935546875, "imu/gyr_y": 1.2671755725190839, "imu/temp": 33.09470588235294, "imu/acl_y": 0.3016694091796875, "imu/acl_z": 10.307038146972655, "user/mode": "user", "cam/image_array": "35_cam-image_array_.jpg", "imu/gyr_x": -5.603053435114504, "user/angle": -0.3402203436384167, "user/throttle": 0.2585656300546282, "imu/gyr_z": 2.8396946564885495}