{"imu/acl_x": -3.928884924316406, "imu/gyr_y": -13.610687022900763, "imu/temp": 32.48294117647059, "imu/acl_y": 1.0845733520507812, "imu/acl_z": 9.181763366699219, "user/mode": "user", "cam/image_array": "1036_cam-image_array_.jpg", "imu/gyr_x": -1.0381679389312977, "user/angle": -0.783532212286752, "user/throttle": 0.27218176824243906, "imu/gyr_z": 56.603053435114504}