{"imu/acl_x": 1.675941162109375, "imu/gyr_y": 15.251908396946565, "imu/temp": 32.1064705882353, "imu/acl_y": 0.46208092041015625, "imu/acl_z": 9.284714038085937, "user/mode": "user", "cam/image_array": "1515_cam-image_array_.jpg", "imu/gyr_x": -1.816793893129771, "user/angle": -1.0, "user/throttle": 0.27218176824243906, "imu/gyr_z": 82.74045801526718}