{"imu/acl_x": 1.0438719238281249, "imu/gyr_y": -3.2213740458015265, "imu/temp": 33.09470588235294, "imu/acl_y": 1.1372457885742187, "imu/acl_z": 10.457872851562499, "user/mode": "user", "cam/image_array": "388_cam-image_array_.jpg", "imu/gyr_x": -1.6946564885496183, "user/angle": -0.6804406872768334, "user/throttle": 0.2653736991485336, "imu/gyr_z": 41.213740458015266}