{"imu/acl_x": -0.39264907226562495, "imu/gyr_y": 24.450381679389313, "imu/temp": 32.76529411764706, "imu/acl_y": 2.5234885498046875, "imu/acl_z": 11.020510241699219, "user/mode": "user", "cam/image_array": "820_cam-image_array_.jpg", "imu/gyr_x": 0.9541984732824428, "user/angle": -1.0, "user/throttle": 0.2755757316812647, "imu/gyr_z": 68.23664122137404}