{"imu/acl_x": -1.898601916503906, "imu/gyr_y": -5.66412213740458, "imu/temp": 31.871176470588235, "imu/acl_y": 2.0925322509765625, "imu/acl_z": 15.121777685546874, "user/mode": "user", "cam/image_array": "1723_cam-image_array_.jpg", "imu/gyr_x": 1.0076335877862594, "user/angle": -1.0, "user/throttle": 0.2755757316812647, "imu/gyr_z": 79.98473282442748}