{"imu/acl_x": -0.4261678955078125, "imu/gyr_y": 4.595419847328245, "imu/temp": 33.04764705882353, "imu/acl_y": -0.8379705810546875, "imu/acl_z": 12.476184851074217, "user/mode": "user", "cam/image_array": "112_cam-image_array_.jpg", "imu/gyr_x": 9.19083969465649, "user/angle": 0.9587694936979277, "user/throttle": 0.26877773369548635, "imu/gyr_z": -64.62595419847328}