{"imu/acl_x": 0.0383072265625, "imu/gyr_y": -6.732824427480916, "imu/temp": 32.059411764705885, "imu/acl_y": 1.1324573852539062, "imu/acl_z": 10.443507641601562, "user/mode": "user", "cam/image_array": "1538_cam-image_array_.jpg", "imu/gyr_x": -9.312977099236642, "user/angle": -0.9691152684102908, "user/throttle": 0.2755757316812647, "imu/gyr_z": 74.77862595419847}