{"imu/acl_x": -0.38786066894531246, "imu/gyr_y": 9.854961832061068, "imu/temp": 33.04764705882353, "imu/acl_y": -1.2904746948242187, "imu/acl_z": 10.484209069824217, "user/mode": "user", "cam/image_array": "420_cam-image_array_.jpg", "imu/gyr_x": 5.312977099236641, "user/angle": -0.14435254982146672, "user/throttle": 0.26877773369548635, "imu/gyr_z": -10.114503816793894}