{"imu/acl_x": 1.5562310791015623, "imu/gyr_y": 5.679389312977099, "imu/temp": 32.20058823529412, "imu/acl_y": 0.7589619262695312, "imu/acl_z": 7.429207751464843, "user/mode": "user", "cam/image_array": "1318_cam-image_array_.jpg", "imu/gyr_x": -1.5572519083969465, "user/angle": -0.32993560594500565, "user/throttle": 0.2755757316812647, "imu/gyr_z": -12.442748091603054}