{"imu/acl_x": -3.4069489624023435, "imu/gyr_y": -6.106870229007634, "imu/temp": 31.91823529411765, "imu/acl_y": 2.059013427734375, "imu/acl_z": 12.026074938964843, "user/mode": "user", "cam/image_array": "1692_cam-image_array_.jpg", "imu/gyr_x": -7.99236641221374, "user/angle": -0.8557084871974853, "user/throttle": 0.2755757316812647, "imu/gyr_z": 76.26717557251908}