{"imu/acl_x": 0.08140285644531249, "imu/gyr_y": 5.541984732824427, "imu/temp": 33.04764705882353, "imu/acl_y": 1.0319009155273438, "imu/acl_z": 8.461108666992187, "user/mode": "user", "cam/image_array": "513_cam-image_array_.jpg", "imu/gyr_x": -12.595419847328245, "user/angle": -0.5773491622669149, "user/throttle": 0.20413129062776575, "imu/gyr_z": 25.595419847328245}