{"imu/acl_x": -0.4740519287109375, "imu/gyr_y": 3.3282442748091605, "imu/temp": 33.14176470588235, "imu/acl_y": 0.7350199096679687, "imu/acl_z": 9.418789331054686, "user/mode": "user", "cam/image_array": "324_cam-image_array_.jpg", "imu/gyr_x": -3.068702290076336, "user/angle": -1.0, "user/throttle": 0.26877773369548635, "imu/gyr_z": 61.94656488549618}