{"imu/acl_x": -1.47482822265625, "imu/gyr_y": 1.099236641221374, "imu/temp": 31.871176470588235, "imu/acl_y": 1.20667763671875, "imu/acl_z": 9.967061511230469, "user/mode": "user", "cam/image_array": "1769_cam-image_array_.jpg", "imu/gyr_x": -2.450381679389313, "user/angle": -0.4433423871578112, "user/throttle": 0.27218176824243906, "imu/gyr_z": 58.916030534351144}