{"imu/acl_x": 0.9983820922851562, "imu/gyr_y": 28.931297709923665, "imu/temp": 31.871176470588235, "imu/acl_y": -0.9576806640625, "imu/acl_z": 13.160926525878905, "user/mode": "user", "cam/image_array": "1728_cam-image_array_.jpg", "imu/gyr_x": -10.488549618320612, "user/angle": 0.597949156163213, "user/throttle": 0.27218176824243906, "imu/gyr_z": -1.0916030534351144}