{"imu/acl_x": 3.4524387939453125, "imu/gyr_y": 18.0, "imu/temp": 31.777058823529412, "imu/acl_y": 0.6847416748046875, "imu/acl_z": 11.281478222656249, "user/mode": "user", "cam/image_array": "1866_cam-image_array_.jpg", "imu/gyr_x": -0.9618320610687023, "user/angle": 0.04123050630207221, "user/throttle": 0.27218176824243906, "imu/gyr_z": -29.564885496183205}