{"imu/acl_x": 2.1619640991210938, "imu/gyr_y": -5.320610687022901, "imu/temp": 32.20058823529412, "imu/acl_y": 3.2704794677734372, "imu/acl_z": 8.315062365722655, "user/mode": "user", "cam/image_array": "1354_cam-image_array_.jpg", "imu/gyr_x": -11.633587786259541, "user/angle": -1.0, "user/throttle": 0.2755757316812647, "imu/gyr_z": 86.87786259541984}