{"imu/acl_x": 0.5410895751953124, "imu/gyr_y": -9.732824427480915, "imu/temp": 31.965294117647062, "imu/acl_y": -0.09337386474609374, "imu/acl_z": 9.725247143554688, "user/mode": "user", "cam/image_array": "1669_cam-image_array_.jpg", "imu/gyr_x": 7.2748091603053435, "user/angle": 0.46391186254463335, "user/throttle": 0.2755757316812647, "imu/gyr_z": -49.25190839694657}