{"imu/acl_x": -1.2330138549804688, "imu/gyr_y": -8.396946564885496, "imu/temp": 32.059411764705885, "imu/acl_y": 0.08379705810546874, "imu/acl_z": 9.054870678710937, "user/mode": "user", "cam/image_array": "1465_cam-image_array_.jpg", "imu/gyr_x": 3.7099236641221376, "user/angle": -0.7732474745933409, "user/throttle": 0.2755757316812647, "imu/gyr_z": 45.55725190839695}