{"imu/acl_x": 2.5258827514648434, "imu/gyr_y": -11.67175572519084, "imu/temp": 33.47117647058823, "imu/acl_y": 1.1923124267578125, "imu/acl_z": 8.252813122558594, "user/mode": "user", "cam/image_array": "852_cam-image_array_.jpg", "imu/gyr_x": -8.80916030534351, "user/angle": -0.5464339121677297, "user/throttle": 0.27218176824243906, "imu/gyr_z": 47.3206106870229}