{"imu/acl_x": -1.7573440185546874, "imu/gyr_y": -3.3053435114503817, "imu/temp": 32.624117647058824, "imu/acl_y": 0.7876923461914062, "imu/acl_z": 9.363722692871093, "user/mode": "user", "cam/image_array": "942_cam-image_array_.jpg", "imu/gyr_x": -7.366412213740458, "user/angle": -1.0, "user/throttle": 0.27218176824243906, "imu/gyr_z": -17.053435114503817}