{"imu/acl_x": 3.797203833007812, "imu/gyr_y": 17.6793893129771, "imu/temp": 32.341764705882355, "imu/acl_y": 1.120486376953125, "imu/acl_z": 8.67658681640625, "user/mode": "user", "cam/image_array": "1291_cam-image_array_.jpg", "imu/gyr_x": 3.0076335877862594, "user/angle": -0.9794305246131779, "user/throttle": 0.2755757316812647, "imu/gyr_z": 87.40458015267176}