{"imu/acl_x": 3.9911341674804683, "imu/gyr_y": 1.5038167938931297, "imu/temp": 32.906470588235294, "imu/acl_y": -0.3399766357421875, "imu/acl_z": 9.457096557617186, "user/mode": "user", "cam/image_array": "526_cam-image_array_.jpg", "imu/gyr_x": -7.221374045801527, "user/angle": -0.6288949247718741, "user/throttle": 0.2857878353221229, "imu/gyr_z": 24.732824427480917}