{"imu/acl_x": -1.1540052001953125, "imu/gyr_y": -15.854961832061068, "imu/temp": 31.871176470588235, "imu/acl_y": 0.5746083984375, "imu/acl_z": 10.237606298828124, "user/mode": "user", "cam/image_array": "1694_cam-image_array_.jpg", "imu/gyr_x": 2.6793893129770994, "user/angle": 0.0, "user/throttle": 0.2755757316812647, "imu/gyr_z": 73.78625954198473}