{"imu/acl_x": 0.40940848388671874, "imu/gyr_y": 22.541984732824428, "imu/temp": 32.24764705882353, "imu/acl_y": 0.7158662963867187, "imu/acl_z": 10.951078393554686, "user/mode": "user", "cam/image_array": "1298_cam-image_array_.jpg", "imu/gyr_x": 4.129770992366412, "user/angle": -0.9691152684102908, "user/throttle": 0.2755757316812647, "imu/gyr_z": 84.06870229007633}