{"imu/acl_x": -0.24899697265624998, "imu/gyr_y": -12.969465648854962, "imu/temp": 32.48294117647059, "imu/acl_y": 1.2138602416992186, "imu/acl_z": 9.600748657226562, "user/mode": "user", "cam/image_array": "1144_cam-image_array_.jpg", "imu/gyr_x": -4.870229007633588, "user/angle": -0.8660237434003724, "user/throttle": 0.27218176824243906, "imu/gyr_z": 55.17557251908397}