{"imu/acl_x": 0.6751648681640625, "imu/gyr_y": 5.66412213740458, "imu/temp": 33.00058823529412, "imu/acl_y": 0.39264907226562495, "imu/acl_z": 14.326902734374999, "user/mode": "user", "cam/image_array": "453_cam-image_array_.jpg", "imu/gyr_x": -6.473282442748092, "user/angle": -1.0, "user/throttle": 0.26877773369548635, "imu/gyr_z": 75.99236641221374}