{"imu/acl_x": -0.08858546142578125, "imu/gyr_y": 4.511450381679389, "imu/temp": 32.671176470588236, "imu/acl_y": 2.1308394775390624, "imu/acl_z": 9.698910925292969, "user/mode": "user", "cam/image_array": "1585_cam-image_array_.jpg", "imu/gyr_x": -6.816793893129771, "user/angle": -1.0, "user/throttle": 0.2755757316812647, "imu/gyr_z": 85.27480916030534}