{"imu/acl_x": 1.8315642700195311, "imu/gyr_y": 10.587786259541986, "imu/temp": 32.906470588235294, "imu/acl_y": 0.19871873779296872, "imu/acl_z": 8.966285217285156, "user/mode": "user", "cam/image_array": "689_cam-image_array_.jpg", "imu/gyr_x": -5.427480916030534, "user/angle": -1.0, "user/throttle": 0.2653736991485336, "imu/gyr_z": 66.38931297709924}