{"imu/acl_x": 0.3854664672851562, "imu/gyr_y": 8.351145038167939, "imu/temp": 32.953529411764706, "imu/acl_y": 0.9002198242187499, "imu/acl_z": 10.71884083251953, "user/mode": "user", "cam/image_array": "620_cam-image_array_.jpg", "imu/gyr_x": -0.09923664122137404, "user/angle": -0.7217017120883816, "user/throttle": 0.2619696646015809, "imu/gyr_z": 37.267175572519086}