{"imu/acl_x": 1.4341267944335936, "imu/gyr_y": 3.1603053435114505, "imu/temp": 33.14176470588235, "imu/acl_y": -0.1580173095703125, "imu/acl_z": 8.923189587402343, "user/mode": "user", "cam/image_array": "99_cam-image_array_.jpg", "imu/gyr_x": 1.6717557251908397, "user/angle": 0.0, "user/throttle": 0.26877773369548635, "imu/gyr_z": 41.16030534351145}