{"imu/acl_x": -2.961627453613281, "imu/gyr_y": 1.4580152671755726, "imu/temp": 32.341764705882355, "imu/acl_y": 0.5410895751953124, "imu/acl_z": 10.295067138671874, "user/mode": "user", "cam/image_array": "1294_cam-image_array_.jpg", "imu/gyr_x": 1.0229007633587786, "user/angle": -0.9794305246131779, "user/throttle": 0.2755757316812647, "imu/gyr_z": 86.51908396946565}