{"imu/acl_x": 1.120486376953125, "imu/gyr_y": -11.267175572519085, "imu/temp": 31.68294117647059, "imu/acl_y": 0.28730419921875, "imu/acl_z": 7.848193041992187, "user/mode": "user", "cam/image_array": "1859_cam-image_array_.jpg", "imu/gyr_x": 3.2519083969465647, "user/angle": 0.19586779381695, "user/throttle": 0.27218176824243906, "imu/gyr_z": -8.625954198473282}