{"imu/acl_x": 1.3670891479492187, "imu/gyr_y": 2.7480916030534353, "imu/temp": 32.81235294117647, "imu/acl_y": 1.0845733520507812, "imu/acl_z": 11.915941662597655, "user/mode": "user", "cam/image_array": "610_cam-image_array_.jpg", "imu/gyr_x": -0.05343511450381679, "user/angle": -0.7526169621875668, "user/throttle": 0.2619696646015809, "imu/gyr_z": 43.62595419847328}