{"imu/acl_x": 1.659181750488281, "imu/gyr_y": -3.3893129770992365, "imu/temp": 32.906470588235294, "imu/acl_y": 2.212242333984375, "imu/acl_z": 9.560047229003906, "user/mode": "user", "cam/image_array": "557_cam-image_array_.jpg", "imu/gyr_x": -14.374045801526718, "user/angle": 0.0, "user/throttle": 0.2755757316812647, "imu/gyr_z": 71.66412213740458}