{"imu/acl_x": 0.5817910034179687, "imu/gyr_y": 14.244274809160306, "imu/temp": 31.91823529411765, "imu/acl_y": 0.5722141967773438, "imu/acl_z": 9.775525378417969, "user/mode": "user", "cam/image_array": "1724_cam-image_array_.jpg", "imu/gyr_x": 6.977099236641221, "user/angle": -0.9897457808160649, "user/throttle": 0.2755757316812647, "imu/gyr_z": 75.05343511450381}