{"imu/acl_x": 4.587290380859375, "imu/gyr_y": 22.221374045801525, "imu/temp": 32.671176470588236, "imu/acl_y": -0.5267243652343749, "imu/acl_z": 7.216123803710937, "user/mode": "user", "cam/image_array": "1630_cam-image_array_.jpg", "imu/gyr_x": -7.732824427480916, "user/angle": 0.0, "user/throttle": 0.2755757316812647, "imu/gyr_z": -12.19083969465649}