{"imu/acl_x": -2.2864625854492187, "imu/gyr_y": -28.244274809160306, "imu/temp": 31.73, "imu/acl_y": -1.5179238525390624, "imu/acl_z": 7.7979148071289055, "user/mode": "user", "cam/image_array": "1802_cam-image_array_.jpg", "imu/gyr_x": -5.396946564885496, "user/angle": 0.0, "user/throttle": 0.27218176824243906, "imu/gyr_z": 12.412213740458014}