{"imu/acl_x": -1.867477294921875, "imu/gyr_y": -20.442748091603054, "imu/temp": 32.43588235294118, "imu/acl_y": -1.1827356201171875, "imu/acl_z": 9.631873278808593, "user/mode": "user", "cam/image_array": "1119_cam-image_array_.jpg", "imu/gyr_x": -6.793893129770993, "user/angle": 0.7010406811731315, "user/throttle": 0.27218176824243906, "imu/gyr_z": -73.2442748091603}