{"imu/acl_x": 1.1851298217773436, "imu/gyr_y": 2.0763358778625953, "imu/temp": 32.953529411764706, "imu/acl_y": 0.7398083129882812, "imu/acl_z": 10.570400329589843, "user/mode": "user", "cam/image_array": "57_cam-image_array_.jpg", "imu/gyr_x": -1.4885496183206106, "user/angle": -0.5670339060640278, "user/throttle": 0.27218176824243906, "imu/gyr_z": 14.50381679389313}