{"imu/acl_x": 3.6487633300781246, "imu/gyr_y": -3.717557251908397, "imu/temp": 31.91823529411765, "imu/acl_y": -0.6775590698242188, "imu/acl_z": 11.903970654296874, "user/mode": "user", "cam/image_array": "1616_cam-image_array_.jpg", "imu/gyr_x": 7.00763358778626, "user/angle": -0.6701254310739464, "user/throttle": 0.2755757316812647, "imu/gyr_z": 49.83206106870229}