{"imu/acl_x": 1.618480322265625, "imu/gyr_y": -5.427480916030534, "imu/temp": 31.824117647058824, "imu/acl_y": 0.7565677246093749, "imu/acl_z": 7.848193041992187, "user/mode": "user", "cam/image_array": "1659_cam-image_array_.jpg", "imu/gyr_x": -17.129770992366414, "user/angle": -1.0, "user/throttle": 0.2755757316812647, "imu/gyr_z": 91.4885496183206}