{"imu/acl_x": 0.7709329345703124, "imu/gyr_y": 1.213740458015267, "imu/temp": 32.624117647058824, "imu/acl_y": -0.8954314208984374, "imu/acl_z": 7.599196069335937, "user/mode": "user", "cam/image_array": "1039_cam-image_array_.jpg", "imu/gyr_x": 2.854961832061069, "user/angle": -0.11340678121280556, "user/throttle": 0.27218176824243906, "imu/gyr_z": 36.725190839694655}