{"imu/acl_x": 0.8451531860351562, "imu/gyr_y": 13.679389312977099, "imu/temp": 32.85941176470588, "imu/acl_y": 0.6105214233398437, "imu/acl_z": 10.117896215820313, "user/mode": "user", "cam/image_array": "654_cam-image_array_.jpg", "imu/gyr_x": -4.687022900763359, "user/angle": -0.16498306222724082, "user/throttle": 0.2619696646015809, "imu/gyr_z": 8.793893129770993}