{"imu/acl_x": 0.6464344482421874, "imu/gyr_y": 10.206106870229007, "imu/temp": 32.57705882352941, "imu/acl_y": 1.8914193115234375, "imu/acl_z": 10.206481677246094, "user/mode": "user", "cam/image_array": "1025_cam-image_array_.jpg", "imu/gyr_x": -2.732824427480916, "user/angle": -0.8660237434003724, "user/throttle": 0.27218176824243906, "imu/gyr_z": 50.56488549618321}