{"imu/acl_x": -0.5123591552734374, "imu/gyr_y": -2.351145038167939, "imu/temp": 32.85941176470588, "imu/acl_y": -0.16998831787109375, "imu/acl_z": 10.819397302246093, "user/mode": "user", "cam/image_array": "611_cam-image_array_.jpg", "imu/gyr_x": -1.5648854961832062, "user/angle": -0.7526169621875668, "user/throttle": 0.2619696646015809, "imu/gyr_z": 45.79389312977099}