{"imu/acl_x": -0.49799394531249996, "imu/gyr_y": 9.374045801526718, "imu/temp": 32.43588235294118, "imu/acl_y": -0.9959878906249999, "imu/acl_z": 8.441955053710936, "user/mode": "user", "cam/image_array": "1068_cam-image_array_.jpg", "imu/gyr_x": 4.908396946564886, "user/angle": 0.0, "user/throttle": 0.27218176824243906, "imu/gyr_z": 30.908396946564885}