{"imu/acl_x": 0.5363011718749999, "imu/gyr_y": -3.9083969465648853, "imu/temp": 32.1064705882353, "imu/acl_y": 2.094926452636719, "imu/acl_z": 13.335703247070311, "user/mode": "user", "cam/image_array": "1407_cam-image_array_.jpg", "imu/gyr_x": -2.213740458015267, "user/angle": -0.9897457808160649, "user/throttle": 0.2755757316812647, "imu/gyr_z": 76.03053435114504}