{"imu/acl_x": -0.8786720092773437, "imu/gyr_y": 7.603053435114504, "imu/temp": 33.14176470588235, "imu/acl_y": 0.5530605834960938, "imu/acl_z": 9.229647399902344, "user/mode": "user", "cam/image_array": "105_cam-image_array_.jpg", "imu/gyr_x": -12.450381679389313, "user/angle": 0.618549150059511, "user/throttle": 0.26877773369548635, "imu/gyr_z": -26.297709923664122}