{"imu/acl_x": 0.8714894042968749, "imu/gyr_y": -9.854961832061068, "imu/temp": 32.906470588235294, "imu/acl_y": -0.15562310791015624, "imu/acl_z": 7.888894470214844, "user/mode": "user", "cam/image_array": "576_cam-image_array_.jpg", "imu/gyr_x": -2.7404580152671754, "user/angle": -1.0, "user/throttle": 0.2619696646015809, "imu/gyr_z": 36.213740458015266}