{"imu/acl_x": -0.4381389038085937, "imu/gyr_y": 5.022900763358779, "imu/temp": 32.81235294117647, "imu/acl_y": 1.1468225952148436, "imu/acl_z": 8.94473740234375, "user/mode": "user", "cam/image_array": "685_cam-image_array_.jpg", "imu/gyr_x": -2.6412213740458017, "user/angle": -1.0, "user/throttle": 0.2653736991485336, "imu/gyr_z": 64.07633587786259}