{"imu/acl_x": -0.852335791015625, "imu/gyr_y": 12.618320610687023, "imu/temp": 32.059411764705885, "imu/acl_y": 0.8283937744140625, "imu/acl_z": 13.563152404785155, "user/mode": "user", "cam/image_array": "1512_cam-image_array_.jpg", "imu/gyr_x": -4.8320610687022905, "user/angle": -1.0, "user/throttle": 0.2755757316812647, "imu/gyr_z": 76.38931297709924}