{"imu/acl_x": -0.8116343627929687, "imu/gyr_y": -9.557251908396946, "imu/temp": 31.824117647058824, "imu/acl_y": -0.7876923461914062, "imu/acl_z": 6.339845996093749, "user/mode": "user", "cam/image_array": "1779_cam-image_array_.jpg", "imu/gyr_x": -0.5954198473282443, "user/angle": -0.6392101809747612, "user/throttle": 0.27218176824243906, "imu/gyr_z": 19.81679389312977}