{"imu/acl_x": 0.35673604736328124, "imu/gyr_y": 5.114503816793893, "imu/temp": 32.57705882352941, "imu/acl_y": 0.7637503295898437, "imu/acl_z": 11.528080993652344, "user/mode": "user", "cam/image_array": "922_cam-image_array_.jpg", "imu/gyr_x": 8.106870229007633, "user/angle": -1.0, "user/throttle": 0.27218176824243906, "imu/gyr_z": 80.77099236641222}