{"imu/acl_x": -1.1731588134765625, "imu/gyr_y": -11.603053435114504, "imu/temp": 33.09470588235294, "imu/acl_y": 0.14125789794921875, "imu/acl_z": 9.5384994140625, "user/mode": "user", "cam/image_array": "259_cam-image_array_.jpg", "imu/gyr_x": 0.5725190839694656, "user/angle": 0.0, "user/throttle": 0.26877773369548635, "imu/gyr_z": -12.954198473282442}