{"imu/acl_x": -2.454056701660156, "imu/gyr_y": 1.9770992366412214, "imu/temp": 32.48294117647059, "imu/acl_y": 1.3455413330078123, "imu/acl_z": 8.90643017578125, "user/mode": "user", "cam/image_array": "1073_cam-image_array_.jpg", "imu/gyr_x": -2.9389312977099236, "user/angle": 0.0, "user/throttle": 0.27218176824243906, "imu/gyr_z": -9.84732824427481}