{"imu/acl_x": -0.19632453613281248, "imu/gyr_y": 3.854961832061069, "imu/temp": 33.09470588235294, "imu/acl_y": 1.9704279663085937, "imu/acl_z": 9.753977563476562, "user/mode": "user", "cam/image_array": "228_cam-image_array_.jpg", "imu/gyr_x": -10.778625954198473, "user/angle": -0.9794305246131779, "user/throttle": 0.26877773369548635, "imu/gyr_z": 56.717557251908396}