{"imu/acl_x": 1.7525556152343749, "imu/gyr_y": 1.9083969465648856, "imu/temp": 33.09470588235294, "imu/acl_y": 1.1156979736328125, "imu/acl_z": 8.686163623046875, "user/mode": "user", "cam/image_array": "227_cam-image_array_.jpg", "imu/gyr_x": -6.900763358778626, "user/angle": -0.8969389934995575, "user/throttle": 0.26877773369548635, "imu/gyr_z": 51.54961832061068}