{"imu/acl_x": -0.3950432739257812, "imu/gyr_y": 4.137404580152672, "imu/temp": 33.09470588235294, "imu/acl_y": 1.7501614135742187, "imu/acl_z": 11.987767712402343, "user/mode": "user", "cam/image_array": "180_cam-image_array_.jpg", "imu/gyr_x": -1.9770992366412214, "user/angle": -0.804162724692526, "user/throttle": 0.26877773369548635, "imu/gyr_z": 44.33587786259542}