{"imu/acl_x": 0.0718260498046875, "imu/gyr_y": 3.6946564885496183, "imu/temp": 32.76529411764706, "imu/acl_y": 0.45489831542968745, "imu/acl_z": 10.022128149414062, "user/mode": "user", "cam/image_array": "736_cam-image_array_.jpg", "imu/gyr_x": -0.8320610687022901, "user/angle": -0.2577593310342723, "user/throttle": 0.2653736991485336, "imu/gyr_z": -1.7404580152671756}