{"imu/acl_x": 0.9864110839843749, "imu/gyr_y": 4.427480916030534, "imu/temp": 32.15352941176471, "imu/acl_y": 1.0510545288085937, "imu/acl_z": 11.535263598632811, "user/mode": "user", "cam/image_array": "1456_cam-image_array_.jpg", "imu/gyr_x": 8.083969465648854, "user/angle": 0.0, "user/throttle": 0.2755757316812647, "imu/gyr_z": 30.610687022900763}