{"imu/acl_x": -0.5746083984375, "imu/gyr_y": -5.3816793893129775, "imu/temp": 32.48294117647059, "imu/acl_y": 1.6400281372070311, "imu/acl_z": 13.977349291992187, "user/mode": "user", "cam/image_array": "1138_cam-image_array_.jpg", "imu/gyr_x": -1.5267175572519085, "user/angle": -0.8763389996032593, "user/throttle": 0.27218176824243906, "imu/gyr_z": 64.78625954198473}