{"imu/acl_x": -0.34715924072265625, "imu/gyr_y": -0.03816793893129771, "imu/temp": 32.388823529411766, "imu/acl_y": 1.6352397338867186, "imu/acl_z": 9.792284790039062, "user/mode": "user", "cam/image_array": "1235_cam-image_array_.jpg", "imu/gyr_x": -12.183206106870228, "user/angle": -0.7629322183904538, "user/throttle": 0.2789797662282174, "imu/gyr_z": 31.66412213740458}