{"imu/acl_x": -3.4428619873046875, "imu/gyr_y": -9.351145038167939, "imu/temp": 33.04764705882353, "imu/acl_y": -0.4261678955078125, "imu/acl_z": 11.571176623535155, "user/mode": "user", "cam/image_array": "446_cam-image_array_.jpg", "imu/gyr_x": -3.2595419847328246, "user/angle": -1.0, "user/throttle": 0.26877773369548635, "imu/gyr_z": 56.221374045801525}