{"imu/acl_x": -0.1580173095703125, "imu/gyr_y": -3.7099236641221376, "imu/temp": 32.388823529411766, "imu/acl_y": -0.6775590698242188, "imu/acl_z": 9.665392102050781, "user/mode": "user", "cam/image_array": "1202_cam-image_array_.jpg", "imu/gyr_x": 2.8702290076335877, "user/angle": -0.09280678731650746, "user/throttle": 0.27218176824243906, "imu/gyr_z": -48.11450381679389}