{"imu/acl_x": -1.0941501586914062, "imu/gyr_y": -0.916030534351145, "imu/temp": 33.00058823529412, "imu/acl_y": -0.5027823486328125, "imu/acl_z": 11.111489904785156, "user/mode": "user", "cam/image_array": "91_cam-image_array_.jpg", "imu/gyr_x": 2.9923664122137406, "user/angle": -1.0, "user/throttle": 0.27218176824243906, "imu/gyr_z": 43.17557251908397}