{"imu/acl_x": -0.17477672119140625, "imu/gyr_y": 5.473282442748092, "imu/temp": 33.09470588235294, "imu/acl_y": 0.9911994873046874, "imu/acl_z": 11.054029064941405, "user/mode": "user", "cam/image_array": "39_cam-image_array_.jpg", "imu/gyr_x": -2.9923664122137406, "user/angle": -0.16498306222724082, "user/throttle": 0.2585656300546282, "imu/gyr_z": 1.6870229007633588}