{"imu/acl_x": 4.086902233886718, "imu/gyr_y": 7.068702290076335, "imu/temp": 32.906470588235294, "imu/acl_y": -0.09576806640624999, "imu/acl_z": 8.327033374023436, "user/mode": "user", "cam/image_array": "20_cam-image_array_.jpg", "imu/gyr_x": -11.198473282442748, "user/angle": 0.0, "user/throttle": 0.22114139225440232, "imu/gyr_z": -5.709923664122138}