{"imu/acl_x": 0.7829039428710937, "imu/gyr_y": 6.068702290076335, "imu/temp": 32.906470588235294, "imu/acl_y": 0.055066638183593745, "imu/acl_z": 8.75320126953125, "user/mode": "user", "cam/image_array": "573_cam-image_array_.jpg", "imu/gyr_x": -12.48091603053435, "user/angle": 0.0, "user/throttle": 0.2755757316812647, "imu/gyr_z": -24.14503816793893}