{"imu/acl_x": -1.8171990600585937, "imu/gyr_y": -3.6030534351145036, "imu/temp": 32.906470588235294, "imu/acl_y": -0.26815058593749996, "imu/acl_z": 10.484209069824217, "user/mode": "user", "cam/image_array": "607_cam-image_array_.jpg", "imu/gyr_x": -2.954198473282443, "user/angle": -0.7526169621875668, "user/throttle": 0.2619696646015809, "imu/gyr_z": 47.93893129770992}