{"imu/acl_x": -2.31758720703125, "imu/gyr_y": -16.786259541984734, "imu/temp": 33.09470588235294, "imu/acl_y": 1.2234370483398436, "imu/acl_z": 10.529698901367187, "user/mode": "user", "cam/image_array": "428_cam-image_array_.jpg", "imu/gyr_x": -15.427480916030534, "user/angle": -0.2989898373363445, "user/throttle": 0.26877773369548635, "imu/gyr_z": 5.015267175572519}