{"imu/acl_x": -0.011971008300781249, "imu/gyr_y": 1.1374045801526718, "imu/temp": 33.04764705882353, "imu/acl_y": 0.20350714111328125, "imu/acl_z": 10.900800158691405, "user/mode": "user", "cam/image_array": "47_cam-image_array_.jpg", "imu/gyr_x": -1.4809160305343512, "user/angle": -0.49488814966277045, "user/throttle": 0.2585656300546282, "imu/gyr_z": 4.526717557251908}