{"imu/acl_x": -0.9840168823242187, "imu/gyr_y": -1.251908396946565, "imu/temp": 32.53, "imu/acl_y": 1.1540052001953125, "imu/acl_z": 9.967061511230469, "user/mode": "user", "cam/image_array": "1035_cam-image_array_.jpg", "imu/gyr_x": -3.633587786259542, "user/angle": -0.8557084871974853, "user/throttle": 0.27218176824243906, "imu/gyr_z": 49.80152671755725}