{"imu/acl_x": 0.3902548706054687, "imu/gyr_y": 1.450381679389313, "imu/temp": 32.953529411764706, "imu/acl_y": 0.20829554443359374, "imu/acl_z": 9.811438403320311, "user/mode": "user", "cam/image_array": "629_cam-image_array_.jpg", "imu/gyr_x": -4.786259541984733, "user/angle": 0.0, "user/throttle": 0.2619696646015809, "imu/gyr_z": -8.091603053435115}