{"imu/acl_x": 1.3168109130859373, "imu/gyr_y": 2.732824427480916, "imu/temp": 32.81235294117647, "imu/acl_y": 1.4724340209960938, "imu/acl_z": 10.74517705078125, "user/mode": "user", "cam/image_array": "744_cam-image_array_.jpg", "imu/gyr_x": -3.3893129770992365, "user/angle": -0.7526169621875668, "user/throttle": 0.2653736991485336, "imu/gyr_z": 53.61832061068702}