{"imu/acl_x": 0.2346317626953125, "imu/gyr_y": 17.259541984732824, "imu/temp": 31.871176470588235, "imu/acl_y": 1.4939818359375, "imu/acl_z": 11.322179650878905, "user/mode": "user", "cam/image_array": "1705_cam-image_array_.jpg", "imu/gyr_x": -5.809160305343512, "user/angle": -1.0, "user/throttle": 0.2755757316812647, "imu/gyr_z": 82.99236641221374}