{"imu/acl_x": -1.7645266235351562, "imu/gyr_y": -10.305343511450381, "imu/temp": 32.53, "imu/acl_y": 1.254561669921875, "imu/acl_z": 11.978190905761718, "user/mode": "user", "cam/image_array": "999_cam-image_array_.jpg", "imu/gyr_x": 3.6717557251908395, "user/angle": -1.0, "user/throttle": 0.27218176824243906, "imu/gyr_z": 65.34351145038168}