{"imu/acl_x": -1.2856862915039062, "imu/gyr_y": 6.1603053435114505, "imu/temp": 32.71823529411765, "imu/acl_y": -0.5410895751953124, "imu/acl_z": 8.927977990722656, "user/mode": "user", "cam/image_array": "1560_cam-image_array_.jpg", "imu/gyr_x": 11.458015267175572, "user/angle": 0.7422711874752037, "user/throttle": 0.2755757316812647, "imu/gyr_z": -80.25190839694656}