{"imu/acl_x": -2.308010400390625, "imu/gyr_y": 0.6106870229007634, "imu/temp": 33.04764705882353, "imu/acl_y": -0.49320554199218747, "imu/acl_z": 9.919177478027343, "user/mode": "user", "cam/image_array": "117_cam-image_array_.jpg", "imu/gyr_x": -0.9465648854961832, "user/angle": 0.618549150059511, "user/throttle": 0.26877773369548635, "imu/gyr_z": -66.18320610687023}