{"imu/acl_x": -1.66636435546875, "imu/gyr_y": -2.885496183206107, "imu/temp": 33.04764705882353, "imu/acl_y": 1.0869675537109373, "imu/acl_z": 10.958260998535156, "user/mode": "user", "cam/image_array": "80_cam-image_array_.jpg", "imu/gyr_x": -1.7633587786259541, "user/angle": -1.0, "user/throttle": 0.27218176824243906, "imu/gyr_z": 49.29770992366412}