{"imu/acl_x": 1.216254443359375, "imu/gyr_y": 4.778625954198473, "imu/temp": 33.04764705882353, "imu/acl_y": 1.2497732666015624, "imu/acl_z": 11.3389390625, "user/mode": "user", "cam/image_array": "427_cam-image_array_.jpg", "imu/gyr_x": -3.053435114503817, "user/angle": -0.2989898373363445, "user/throttle": 0.2653736991485336, "imu/gyr_z": 9.419847328244275}