{"imu/acl_x": 0.4477157104492187, "imu/gyr_y": 6.786259541984733, "imu/temp": 32.624117647058824, "imu/acl_y": -1.0462661254882812, "imu/acl_z": 8.413224633789062, "user/mode": "user", "cam/image_array": "941_cam-image_array_.jpg", "imu/gyr_x": 3.732824427480916, "user/angle": -0.783532212286752, "user/throttle": 0.27218176824243906, "imu/gyr_z": -32.35114503816794}