{"imu/acl_x": 1.838746875, "imu/gyr_y": 4.030534351145038, "imu/temp": 31.965294117647062, "imu/acl_y": -1.5514426757812498, "imu/acl_z": 11.451466540527344, "user/mode": "user", "cam/image_array": "1699_cam-image_array_.jpg", "imu/gyr_x": 9.206106870229007, "user/angle": 0.0, "user/throttle": 0.27218176824243906, "imu/gyr_z": -6.236641221374046}