{"imu/acl_x": -0.016759411621093748, "imu/gyr_y": 0.7480916030534351, "imu/temp": 33.00058823529412, "imu/acl_y": 0.17238251953125, "imu/acl_z": 10.864887133789061, "user/mode": "user", "cam/image_array": "32_cam-image_array_.jpg", "imu/gyr_x": -3.572519083969466, "user/angle": -0.32993560594500565, "user/throttle": 0.24836359752189704, "imu/gyr_z": 3.099236641221374}