{"imu/acl_x": 1.7549498168945312, "imu/gyr_y": -1.1908396946564885, "imu/temp": 33.04764705882353, "imu/acl_y": 0.2657563842773437, "imu/acl_z": 9.852139831542969, "user/mode": "user", "cam/image_array": "399_cam-image_array_.jpg", "imu/gyr_x": -6.374045801526718, "user/angle": -0.6907559434797205, "user/throttle": 0.26877773369548635, "imu/gyr_z": 26.908396946564885}