{"imu/acl_x": -1.1875240234375, "imu/gyr_y": 2.183206106870229, "imu/temp": 33.00058823529412, "imu/acl_y": 0.4860229370117187, "imu/acl_z": 11.729193933105469, "user/mode": "user", "cam/image_array": "21_cam-image_array_.jpg", "imu/gyr_x": 1.0, "user/angle": -0.2165288247322001, "user/throttle": 0.22114139225440232, "imu/gyr_z": -4.709923664122138}