{"imu/acl_x": -1.4724340209960938, "imu/gyr_y": -1.015267175572519, "imu/temp": 32.43588235294118, "imu/acl_y": 1.714248388671875, "imu/acl_z": 10.850521923828124, "user/mode": "user", "cam/image_array": "1063_cam-image_array_.jpg", "imu/gyr_x": -2.3740458015267176, "user/angle": -0.5876644184698019, "user/throttle": 0.27218176824243906, "imu/gyr_z": 41.51145038167939}