{"imu/acl_x": -0.0430956298828125, "imu/gyr_y": 13.770992366412214, "imu/temp": 33.04764705882353, "imu/acl_y": 2.1116858642578125, "imu/acl_z": 11.604695446777344, "user/mode": "user", "cam/image_array": "455_cam-image_array_.jpg", "imu/gyr_x": 4.488549618320611, "user/angle": -1.0, "user/throttle": 0.26877773369548635, "imu/gyr_z": 80.77099236641222}