{"imu/acl_x": 1.7764976318359373, "imu/gyr_y": 6.793893129770993, "imu/temp": 32.81235294117647, "imu/acl_y": -1.9871873779296874, "imu/acl_z": 8.762778076171875, "user/mode": "user", "cam/image_array": "561_cam-image_array_.jpg", "imu/gyr_x": 1.4045801526717556, "user/angle": 0.6907254249702445, "user/throttle": 0.27218176824243906, "imu/gyr_z": -53.67175572519084}