{"imu/acl_x": -0.22505495605468748, "imu/gyr_y": 1.5801526717557253, "imu/temp": 33.14176470588235, "imu/acl_y": 0.07900865478515624, "imu/acl_z": 11.056423266601563, "user/mode": "user", "cam/image_array": "29_cam-image_array_.jpg", "imu/gyr_x": -0.1450381679389313, "user/angle": -0.402081362346263, "user/throttle": 0.19052522354808193, "imu/gyr_z": 6.8396946564885495}