{"imu/acl_x": 0.05027823486328125, "imu/gyr_y": -3.267175572519084, "imu/temp": 32.953529411764706, "imu/acl_y": 1.5753846923828123, "imu/acl_z": 10.230423693847655, "user/mode": "user", "cam/image_array": "401_cam-image_array_.jpg", "imu/gyr_x": -8.427480916030534, "user/angle": -0.7217017120883816, "user/throttle": 0.2653736991485336, "imu/gyr_z": 37.83969465648855}