{"imu/acl_x": 1.5873557006835937, "imu/gyr_y": 21.458015267175572, "imu/temp": 32.624117647058824, "imu/acl_y": -0.44532150878906246, "imu/acl_z": 8.70771143798828, "user/mode": "user", "cam/image_array": "866_cam-image_array_.jpg", "imu/gyr_x": -8.740458015267176, "user/angle": -0.391766106143376, "user/throttle": 0.2755757316812647, "imu/gyr_z": 27.47328244274809}