{"imu/acl_x": 2.916137622070312, "imu/gyr_y": 10.335877862595419, "imu/temp": 33.04764705882353, "imu/acl_y": 1.4867992309570313, "imu/acl_z": 11.262324609375, "user/mode": "user", "cam/image_array": "502_cam-image_array_.jpg", "imu/gyr_x": -7.557251908396947, "user/angle": -0.6495254371776482, "user/throttle": 0.2653736991485336, "imu/gyr_z": 48.6793893129771}