{"imu/acl_x": -0.9816226806640624, "imu/gyr_y": -4.206106870229007, "imu/temp": 33.09470588235294, "imu/acl_y": -0.22266075439453123, "imu/acl_z": 9.8449572265625, "user/mode": "user", "cam/image_array": "28_cam-image_array_.jpg", "imu/gyr_x": -0.48854961832061067, "user/angle": -0.402081362346263, "user/throttle": 0.19052522354808193, "imu/gyr_z": 7.33587786259542}