{"imu/acl_x": -0.28730419921875, "imu/gyr_y": 9.51908396946565, "imu/temp": 33.00058823529412, "imu/acl_y": 0.51714755859375, "imu/acl_z": 9.236830004882812, "user/mode": "user", "cam/image_array": "482_cam-image_array_.jpg", "imu/gyr_x": -7.534351145038168, "user/angle": -0.13403729361857966, "user/throttle": 0.2653736991485336, "imu/gyr_z": -15.236641221374045}