{"imu/acl_x": 2.839523168945312, "imu/gyr_y": 9.145038167938932, "imu/temp": 33.09470588235294, "imu/acl_y": -0.26815058593749996, "imu/acl_z": 8.154650854492187, "user/mode": "user", "cam/image_array": "415_cam-image_array_.jpg", "imu/gyr_x": -7.862595419847328, "user/angle": 0.0, "user/throttle": 0.2653736991485336, "imu/gyr_z": 6.6106870229007635}