{"imu/acl_x": -0.48123453369140623, "imu/gyr_y": -7.480916030534351, "imu/temp": 31.965294117647062, "imu/acl_y": 0.143652099609375, "imu/acl_z": 11.978190905761718, "user/mode": "user", "cam/image_array": "1738_cam-image_array_.jpg", "imu/gyr_x": -2.763358778625954, "user/angle": 0.8969084749900815, "user/throttle": 0.27218176824243906, "imu/gyr_z": -97.52671755725191}