{"imu/acl_x": 0.0047884033203125, "imu/gyr_y": 8.030534351145038, "imu/temp": 32.43588235294118, "imu/acl_y": -0.10773907470703124, "imu/acl_z": 11.698069311523437, "user/mode": "user", "cam/image_array": "1129_cam-image_array_.jpg", "imu/gyr_x": 4.916030534351145, "user/angle": -0.7629322183904538, "user/throttle": 0.27218176824243906, "imu/gyr_z": 53.099236641221374}