{"imu/acl_x": 0.603338818359375, "imu/gyr_y": -12.923664122137405, "imu/temp": 32.388823529411766, "imu/acl_y": 0.9050082275390624, "imu/acl_z": 7.3669585083007805, "user/mode": "user", "cam/image_array": "1292_cam-image_array_.jpg", "imu/gyr_x": -1.0916030534351144, "user/angle": -0.9794305246131779, "user/throttle": 0.2755757316812647, "imu/gyr_z": 88.09923664122137}