{"imu/acl_x": -1.5945383056640625, "imu/gyr_y": -2.1068702290076335, "imu/temp": 32.57705882352941, "imu/acl_y": 0.8762778076171874, "imu/acl_z": 10.575188732910156, "user/mode": "user", "cam/image_array": "951_cam-image_array_.jpg", "imu/gyr_x": -8.16030534351145, "user/angle": -1.0, "user/throttle": 0.27218176824243906, "imu/gyr_z": 62.48854961832061}