{"imu/acl_x": 0.14604630126953125, "imu/gyr_y": -8.305343511450381, "imu/temp": 33.09470588235294, "imu/acl_y": 0.3280056274414062, "imu/acl_z": 8.736441857910156, "user/mode": "user", "cam/image_array": "129_cam-image_array_.jpg", "imu/gyr_x": -3.83206106870229, "user/angle": -0.8247932370983001, "user/throttle": 0.26877773369548635, "imu/gyr_z": 46.62595419847328}