{"imu/acl_x": 0.8547299926757812, "imu/gyr_y": 10.916030534351146, "imu/temp": 32.29470588235294, "imu/acl_y": 0.16759411621093748, "imu/acl_z": 12.50012686767578, "user/mode": "user", "cam/image_array": "1336_cam-image_array_.jpg", "imu/gyr_x": 7.809160305343512, "user/angle": -0.9897457808160649, "user/throttle": 0.2755757316812647, "imu/gyr_z": 92.93893129770993}