{"imu/acl_x": -1.22583125, "imu/gyr_y": 8.236641221374045, "imu/temp": 32.059411764705885, "imu/acl_y": 0.565031591796875, "imu/acl_z": 8.71489404296875, "user/mode": "user", "cam/image_array": "1492_cam-image_array_.jpg", "imu/gyr_x": -14.526717557251908, "user/angle": 0.46391186254463335, "user/throttle": 0.27218176824243906, "imu/gyr_z": -52.70229007633588}