{"imu/acl_x": 0.4285620971679687, "imu/gyr_y": -10.229007633587786, "imu/temp": 32.24764705882353, "imu/acl_y": -0.35194764404296874, "imu/acl_z": 9.809044201660155, "user/mode": "user", "cam/image_array": "1347_cam-image_array_.jpg", "imu/gyr_x": -5.251908396946565, "user/angle": -0.8557084871974853, "user/throttle": 0.2755757316812647, "imu/gyr_z": -41.030534351145036}