{"imu/acl_x": -0.39264907226562495, "imu/gyr_y": 15.526717557251908, "imu/temp": 31.777058823529412, "imu/acl_y": 1.936909143066406, "imu/acl_z": 7.963114721679687, "user/mode": "user", "cam/image_array": "1830_cam-image_array_.jpg", "imu/gyr_x": -4.099236641221374, "user/angle": -0.7423017059846797, "user/throttle": 0.27218176824243906, "imu/gyr_z": 20.870229007633586}