{"imu/acl_x": 0.9504980590820312, "imu/gyr_y": 5.99236641221374, "imu/temp": 31.777058823529412, "imu/acl_y": 0.30885201416015623, "imu/acl_z": 8.942343200683593, "user/mode": "user", "cam/image_array": "1780_cam-image_array_.jpg", "imu/gyr_x": -1.450381679389313, "user/angle": -0.6392101809747612, "user/throttle": 0.27218176824243906, "imu/gyr_z": 35.656488549618324}