{"imu/acl_x": -1.0726023437499999, "imu/gyr_y": 3.7099236641221376, "imu/temp": 32.906470588235294, "imu/acl_y": 1.2928688964843749, "imu/acl_z": 12.77546005859375, "user/mode": "user", "cam/image_array": "642_cam-image_array_.jpg", "imu/gyr_x": -6.427480916030534, "user/angle": -0.5258033997619557, "user/throttle": 0.2619696646015809, "imu/gyr_z": 15.664122137404581}