{"imu/acl_x": 2.602497204589844, "imu/gyr_y": -1.3969465648854962, "imu/temp": 32.81235294117647, "imu/acl_y": -0.4740519287109375, "imu/acl_z": 8.798691101074219, "user/mode": "user", "cam/image_array": "757_cam-image_array_.jpg", "imu/gyr_x": -10.045801526717558, "user/angle": -1.0, "user/throttle": 0.2653736991485336, "imu/gyr_z": 52.847328244274806}