{"imu/acl_x": -1.180341418457031, "imu/gyr_y": 12.183206106870228, "imu/temp": 33.04764705882353, "imu/acl_y": -0.2609679809570312, "imu/acl_z": 11.003750830078124, "user/mode": "user", "cam/image_array": "418_cam-image_array_.jpg", "imu/gyr_x": -1.5725190839694656, "user/angle": 0.0, "user/throttle": 0.2653736991485336, "imu/gyr_z": -8.534351145038167}