{"imu/acl_x": -1.6304513305664061, "imu/gyr_y": -3.267175572519084, "imu/temp": 32.48294117647059, "imu/acl_y": 1.0606313354492187, "imu/acl_z": 11.089942089843749, "user/mode": "user", "cam/image_array": "1016_cam-image_array_.jpg", "imu/gyr_x": -0.15267175572519084, "user/angle": -0.6598406933805353, "user/throttle": 0.27218176824243906, "imu/gyr_z": 68.05343511450381}