{"imu/acl_x": 1.9919757812499999, "imu/gyr_y": 14.954198473282442, "imu/temp": 32.24764705882353, "imu/acl_y": -0.39264907226562495, "imu/acl_z": 8.398859423828124, "user/mode": "user", "cam/image_array": "1316_cam-image_array_.jpg", "imu/gyr_x": -7.938931297709924, "user/angle": 0.0, "user/throttle": 0.2755757316812647, "imu/gyr_z": -17.80916030534351}