{"imu/acl_x": 1.6448165405273436, "imu/gyr_y": 7.099236641221374, "imu/temp": 33.14176470588235, "imu/acl_y": -0.7852981445312499, "imu/acl_z": 8.480262280273436, "user/mode": "user", "cam/image_array": "263_cam-image_array_.jpg", "imu/gyr_x": -5.213740458015267, "user/angle": 0.0, "user/throttle": 0.26877773369548635, "imu/gyr_z": -14.297709923664122}