{"imu/acl_x": -1.407790576171875, "imu/gyr_y": 4.534351145038168, "imu/temp": 32.71823529411765, "imu/acl_y": 1.350329736328125, "imu/acl_z": 7.070077502441406, "user/mode": "user", "cam/image_array": "835_cam-image_array_.jpg", "imu/gyr_x": -8.82442748091603, "user/angle": -0.6598406933805353, "user/throttle": 0.2755757316812647, "imu/gyr_z": 47.30534351145038}