{"imu/acl_x": -0.02154781494140625, "imu/gyr_y": -5.061068702290076, "imu/temp": 33.09470588235294, "imu/acl_y": -0.16280571289062498, "imu/acl_z": 10.307038146972655, "user/mode": "user", "cam/image_array": "493_cam-image_array_.jpg", "imu/gyr_x": 1.3206106870229009, "user/angle": -0.5258033997619557, "user/throttle": 0.2653736991485336, "imu/gyr_z": 21.129770992366414}