{"imu/acl_x": -0.507570751953125, "imu/gyr_y": -2.1755725190839694, "imu/temp": 31.824117647058824, "imu/acl_y": 1.8219874633789062, "imu/acl_z": 9.433154541015625, "user/mode": "user", "cam/image_array": "1707_cam-image_array_.jpg", "imu/gyr_x": -4.564885496183206, "user/angle": -1.0, "user/throttle": 0.2755757316812647, "imu/gyr_z": 87.45801526717557}