{"imu/acl_x": 2.6815058593749996, "imu/gyr_y": 7.633587786259542, "imu/temp": 33.09470588235294, "imu/acl_y": 0.9864110839843749, "imu/acl_z": 9.94072529296875, "user/mode": "user", "cam/image_array": "121_cam-image_array_.jpg", "imu/gyr_x": -9.419847328244275, "user/angle": 0.0, "user/throttle": 0.26877773369548635, "imu/gyr_z": -22.52671755725191}