{"imu/acl_x": -0.5099649536132812, "imu/gyr_y": 5.923664122137405, "imu/temp": 33.09470588235294, "imu/acl_y": 0.45489831542968745, "imu/acl_z": 10.165780249023436, "user/mode": "user", "cam/image_array": "197_cam-image_array_.jpg", "imu/gyr_x": 0.40458015267175573, "user/angle": -0.5567186498611408, "user/throttle": 0.26877773369548635, "imu/gyr_z": 37.916030534351144}