{"imu/acl_x": 1.0199299072265624, "imu/gyr_y": -11.65648854961832, "imu/temp": 32.671176470588236, "imu/acl_y": -0.4429273071289062, "imu/acl_z": 11.59990704345703, "user/mode": "user", "cam/image_array": "1629_cam-image_array_.jpg", "imu/gyr_x": 4.786259541984733, "user/angle": 0.0, "user/throttle": 0.2755757316812647, "imu/gyr_z": -10.977099236641221}