{"imu/acl_x": 0.46208092041015625, "imu/gyr_y": -17.290076335877863, "imu/temp": 32.81235294117647, "imu/acl_y": 0.5434837768554687, "imu/acl_z": 9.323021264648437, "user/mode": "user", "cam/image_array": "714_cam-image_array_.jpg", "imu/gyr_x": -10.557251908396946, "user/angle": -0.28867458113345745, "user/throttle": 0.2653736991485336, "imu/gyr_z": 12.022900763358779}