{"imu/acl_x": -3.873818286132812, "imu/gyr_y": -8.419847328244275, "imu/temp": 32.85941176470588, "imu/acl_y": 1.8818425048828125, "imu/acl_z": 11.346121667480467, "user/mode": "user", "cam/image_array": "747_cam-image_array_.jpg", "imu/gyr_x": -13.045801526717558, "user/angle": -0.7526169621875668, "user/throttle": 0.2653736991485336, "imu/gyr_z": 55.31297709923664}