{"imu/acl_x": -1.8435352783203125, "imu/gyr_y": -7.458015267175573, "imu/temp": 31.824117647058824, "imu/acl_y": 1.3215993164062498, "imu/acl_z": 11.669338891601562, "user/mode": "user", "cam/image_array": "1795_cam-image_array_.jpg", "imu/gyr_x": 7.625954198473282, "user/angle": -0.9588000122074037, "user/throttle": 0.2755757316812647, "imu/gyr_z": 63.74045801526717}