{"imu/acl_x": 1.8650830932617186, "imu/gyr_y": 11.129770992366412, "imu/temp": 31.965294117647062, "imu/acl_y": 0.5722141967773438, "imu/acl_z": 8.504204296874999, "user/mode": "user", "cam/image_array": "1596_cam-image_array_.jpg", "imu/gyr_x": -3.8473282442748094, "user/angle": -1.0, "user/throttle": 0.2755757316812647, "imu/gyr_z": 82.01526717557252}