{"imu/acl_x": 0.622492431640625, "imu/gyr_y": -1.6946564885496183, "imu/temp": 33.04764705882353, "imu/acl_y": -0.1292868896484375, "imu/acl_z": 9.409212524414063, "user/mode": "user", "cam/image_array": "246_cam-image_array_.jpg", "imu/gyr_x": -8.587786259541986, "user/angle": -0.597979674672689, "user/throttle": 0.26877773369548635, "imu/gyr_z": 51.63358778625954}