{"imu/acl_x": 0.8403647827148437, "imu/gyr_y": 2.931297709923664, "imu/temp": 31.73, "imu/acl_y": 0.7517793212890624, "imu/acl_z": 9.188945971679686, "user/mode": "user", "cam/image_array": "1785_cam-image_array_.jpg", "imu/gyr_x": -8.244274809160306, "user/angle": -0.7010711996826074, "user/throttle": 0.27218176824243906, "imu/gyr_z": 38.70229007633588}