{"imu/acl_x": -0.9935936889648437, "imu/gyr_y": -7.99236641221374, "imu/temp": 31.635882352941177, "imu/acl_y": 1.2497732666015624, "imu/acl_z": 9.564835632324218, "user/mode": "user", "cam/image_array": "1877_cam-image_array_.jpg", "imu/gyr_x": -12.877862595419847, "user/angle": -0.8866542558061464, "user/throttle": 0.2755757316812647, "imu/gyr_z": 68.93129770992367}