{"imu/acl_x": 0.20829554443359374, "imu/gyr_y": -1.4732824427480915, "imu/temp": 33.09470588235294, "imu/acl_y": 1.7741034301757812, "imu/acl_z": 6.536170532226562, "user/mode": "user", "cam/image_array": "220_cam-image_array_.jpg", "imu/gyr_x": -16.732824427480917, "user/angle": -0.49488814966277045, "user/throttle": 0.26877773369548635, "imu/gyr_z": -12.442748091603054}