{"imu/acl_x": -1.1252747802734375, "imu/gyr_y": 24.015267175572518, "imu/temp": 32.57705882352941, "imu/acl_y": 0.8978256225585937, "imu/acl_z": 9.006986645507812, "user/mode": "user", "cam/image_array": "1008_cam-image_array_.jpg", "imu/gyr_x": -0.6335877862595419, "user/angle": -1.0, "user/throttle": 0.27218176824243906, "imu/gyr_z": 64.9618320610687}