{"imu/acl_x": 4.153939880371094, "imu/gyr_y": 15.778625954198473, "imu/temp": 32.20058823529412, "imu/acl_y": 2.04943662109375, "imu/acl_z": 10.85291612548828, "user/mode": "user", "cam/image_array": "1339_cam-image_array_.jpg", "imu/gyr_x": 0.4122137404580153, "user/angle": 0.010284737693411055, "user/throttle": 0.2755757316812647, "imu/gyr_z": 60.274809160305345}