{"imu/acl_x": 2.7365724975585937, "imu/gyr_y": 10.458015267175572, "imu/temp": 32.906470588235294, "imu/acl_y": 0.718260498046875, "imu/acl_z": 11.820173596191406, "user/mode": "user", "cam/image_array": "633_cam-image_array_.jpg", "imu/gyr_x": 3.1603053435114505, "user/angle": -0.6392101809747612, "user/throttle": 0.2619696646015809, "imu/gyr_z": -3.450381679389313}