{"imu/acl_x": -0.9050082275390624, "imu/gyr_y": -11.595419847328245, "imu/temp": 32.43588235294118, "imu/acl_y": -0.8571241943359375, "imu/acl_z": 10.230423693847655, "user/mode": "user", "cam/image_array": "1250_cam-image_array_.jpg", "imu/gyr_x": 5.351145038167939, "user/angle": 0.0, "user/throttle": 0.2755757316812647, "imu/gyr_z": 12.511450381679388}