{"imu/acl_x": 1.8052280517578123, "imu/gyr_y": -8.893129770992367, "imu/temp": 32.1064705882353, "imu/acl_y": 2.4109610717773435, "imu/acl_z": 6.344634399414062, "user/mode": "user", "cam/image_array": "1462_cam-image_array_.jpg", "imu/gyr_x": -18.38167938931298, "user/angle": -0.2989898373363445, "user/throttle": 0.2755757316812647, "imu/gyr_z": 3.213740458015267}