{"imu/acl_x": 0.8044517578125, "imu/gyr_y": 32.267175572519086, "imu/temp": 33.04764705882353, "imu/acl_y": 1.8267758666992187, "imu/acl_z": 8.908824377441405, "user/mode": "user", "cam/image_array": "498_cam-image_array_.jpg", "imu/gyr_x": -5.366412213740458, "user/angle": -0.6495254371776482, "user/throttle": 0.2653736991485336, "imu/gyr_z": 49.94656488549618}