{"imu/acl_x": 0.28012159423828126, "imu/gyr_y": -2.6717557251908395, "imu/temp": 32.24764705882353, "imu/acl_y": 0.6057330200195312, "imu/acl_z": 8.202534887695313, "user/mode": "user", "cam/image_array": "1453_cam-image_array_.jpg", "imu/gyr_x": -17.96946564885496, "user/angle": -0.37116611224707785, "user/throttle": 0.2755757316812647, "imu/gyr_z": 34.01526717557252}