{"imu/acl_x": -0.3399766357421875, "imu/gyr_y": -5.8396946564885495, "imu/temp": 32.57705882352941, "imu/acl_y": 1.1468225952148436, "imu/acl_z": 10.184933862304687, "user/mode": "user", "cam/image_array": "997_cam-image_array_.jpg", "imu/gyr_x": -14.358778625954198, "user/angle": -1.0, "user/throttle": 0.27218176824243906, "imu/gyr_z": 37.00763358778626}