{"imu/acl_x": 0.3687070556640625, "imu/gyr_y": -4.374045801526718, "imu/temp": 33.04764705882353, "imu/acl_y": 0.9457096557617187, "imu/acl_z": 9.622296472167967, "user/mode": "user", "cam/image_array": "492_cam-image_array_.jpg", "imu/gyr_x": -13.244274809160306, "user/angle": -0.391766106143376, "user/throttle": 0.2653736991485336, "imu/gyr_z": 23.404580152671755}