{"imu/acl_x": -0.20829554443359374, "imu/gyr_y": -2.045801526717557, "imu/temp": 32.15352941176471, "imu/acl_y": 0.948103857421875, "imu/acl_z": 14.56871710205078, "user/mode": "user", "cam/image_array": "1403_cam-image_array_.jpg", "imu/gyr_x": 13.396946564885496, "user/angle": -1.0, "user/throttle": 0.27218176824243906, "imu/gyr_z": 72.73282442748092}