{"imu/acl_x": -1.3168109130859373, "imu/gyr_y": 0.48854961832061067, "imu/temp": 32.57705882352941, "imu/acl_y": 1.7693150268554687, "imu/acl_z": 12.531251489257812, "user/mode": "user", "cam/image_array": "925_cam-image_array_.jpg", "imu/gyr_x": 4.893129770992366, "user/angle": -1.0, "user/throttle": 0.27218176824243906, "imu/gyr_z": 78.77099236641222}