{"imu/acl_x": 0.9888052856445312, "imu/gyr_y": -6.0458015267175576, "imu/temp": 32.388823529411766, "imu/acl_y": 1.3168109130859373, "imu/acl_z": 12.073958972167969, "user/mode": "user", "cam/image_array": "1261_cam-image_array_.jpg", "imu/gyr_x": -6.358778625954199, "user/angle": -0.7938474684896389, "user/throttle": 0.2755757316812647, "imu/gyr_z": 57.343511450381676}