{"imu/acl_x": 1.7238251953125, "imu/gyr_y": 11.053435114503817, "imu/temp": 32.76529411764706, "imu/acl_y": -0.7015010864257812, "imu/acl_z": 9.411606726074218, "user/mode": "user", "cam/image_array": "783_cam-image_array_.jpg", "imu/gyr_x": -5.862595419847328, "user/angle": 1.0, "user/throttle": 0.2619696646015809, "imu/gyr_z": -78.07633587786259}