{"imu/acl_x": 0.15562310791015624, "imu/gyr_y": 11.290076335877863, "imu/temp": 32.059411764705885, "imu/acl_y": -1.6208745239257811, "imu/acl_z": 8.70771143798828, "user/mode": "user", "cam/image_array": "727_cam-image_array_.jpg", "imu/gyr_x": -0.6335877862595419, "user/angle": -0.7629322183904538, "user/throttle": 0.2653736991485336, "imu/gyr_z": 52.63358778625954}