{"imu/acl_x": 0.06464344482421874, "imu/gyr_y": -7.290076335877862, "imu/temp": 33.00058823529412, "imu/acl_y": 0.3136404174804687, "imu/acl_z": 11.571176623535155, "user/mode": "user", "cam/image_array": "449_cam-image_array_.jpg", "imu/gyr_x": -6.587786259541985, "user/angle": -1.0, "user/throttle": 0.26877773369548635, "imu/gyr_z": 73.3969465648855}