{"imu/acl_x": 0.5147533569335937, "imu/gyr_y": 8.557251908396946, "imu/temp": 33.04764705882353, "imu/acl_y": -0.44532150878906246, "imu/acl_z": 11.520898388671874, "user/mode": "user", "cam/image_array": "69_cam-image_array_.jpg", "imu/gyr_x": 0.2748091603053435, "user/angle": -0.6598406933805353, "user/throttle": 0.27218176824243906, "imu/gyr_z": 22.572519083969464}