{"imu/acl_x": 0.16280571289062498, "imu/gyr_y": 13.473282442748092, "imu/temp": 32.906470588235294, "imu/acl_y": -0.7134720947265625, "imu/acl_z": 10.333374365234375, "user/mode": "user", "cam/image_array": "570_cam-image_array_.jpg", "imu/gyr_x": 4.137404580152672, "user/angle": 0.07214575640125737, "user/throttle": 0.27218176824243906, "imu/gyr_z": -32.58015267175573}