{"imu/acl_x": -2.2266075439453124, "imu/gyr_y": -10.198473282442748, "imu/temp": 31.824117647058824, "imu/acl_y": -0.09337386474609374, "imu/acl_z": 11.329362255859374, "user/mode": "user", "cam/image_array": "1835_cam-image_array_.jpg", "imu/gyr_x": -1.015267175572519, "user/angle": -1.0, "user/throttle": 0.2755757316812647, "imu/gyr_z": 78.08396946564885}