{"imu/acl_x": -1.9800047729492187, "imu/gyr_y": 3.435114503816794, "imu/temp": 32.48294117647059, "imu/acl_y": 1.4724340209960938, "imu/acl_z": 10.070012182617187, "user/mode": "user", "cam/image_array": "1151_cam-image_array_.jpg", "imu/gyr_x": -8.51908396946565, "user/angle": 0.0, "user/throttle": 0.27218176824243906, "imu/gyr_z": -6.1679389312977095}