{"imu/acl_x": -1.1085153686523437, "imu/gyr_y": 3.114503816793893, "imu/temp": 33.09470588235294, "imu/acl_y": 0.08140285644531249, "imu/acl_z": 9.337386474609374, "user/mode": "user", "cam/image_array": "372_cam-image_array_.jpg", "imu/gyr_x": -1.5648854961832062, "user/angle": -1.0, "user/throttle": 0.26877773369548635, "imu/gyr_z": 57.595419847328245}