{"imu/acl_x": -0.37828386230468747, "imu/gyr_y": -4.641221374045801, "imu/temp": 32.85941176470588, "imu/acl_y": 0.21787235107421873, "imu/acl_z": 11.286266625976562, "user/mode": "user", "cam/image_array": "700_cam-image_array_.jpg", "imu/gyr_x": 7.213740458015267, "user/angle": 0.0, "user/throttle": 0.2653736991485336, "imu/gyr_z": -10.900763358778626}