{"imu/acl_x": 1.2904746948242187, "imu/gyr_y": 7.656488549618321, "imu/temp": 32.71823529411765, "imu/acl_y": 2.300827795410156, "imu/acl_z": 9.167398156738281, "user/mode": "user", "cam/image_array": "799_cam-image_array_.jpg", "imu/gyr_x": -11.916030534351146, "user/angle": -0.6288949247718741, "user/throttle": 0.2619696646015809, "imu/gyr_z": 43.06870229007634}