{"imu/acl_x": 0.7302315063476562, "imu/gyr_y": 2.0381679389312977, "imu/temp": 33.00058823529412, "imu/acl_y": 0.9600748657226562, "imu/acl_z": 9.287108239746093, "user/mode": "user", "cam/image_array": "181_cam-image_array_.jpg", "imu/gyr_x": -7.564885496183206, "user/angle": -0.7732474745933409, "user/throttle": 0.2653736991485336, "imu/gyr_z": 45.465648854961835}