{"imu/acl_x": -0.8092401611328125, "imu/gyr_y": -23.458015267175572, "imu/temp": 32.059411764705885, "imu/acl_y": -1.3431471313476562, "imu/acl_z": 12.495338464355468, "user/mode": "user", "cam/image_array": "1495_cam-image_array_.jpg", "imu/gyr_x": -2.717557251908397, "user/angle": 0.4433118686483352, "user/throttle": 0.27218176824243906, "imu/gyr_z": -55.48091603053435}