{"imu/acl_x": 0.11731588134765625, "imu/gyr_y": -1.2595419847328244, "imu/temp": 32.85941176470588, "imu/acl_y": -1.3144167114257812, "imu/acl_z": 8.583212951660157, "user/mode": "user", "cam/image_array": "637_cam-image_array_.jpg", "imu/gyr_x": 7.2748091603053435, "user/angle": -0.597979674672689, "user/throttle": 0.2619696646015809, "imu/gyr_z": 30.541984732824428}