{"imu/acl_x": 0.1005564697265625, "imu/gyr_y": 5.7251908396946565, "imu/temp": 33.09470588235294, "imu/acl_y": 0.3687070556640625, "imu/acl_z": 10.747571252441405, "user/mode": "user", "cam/image_array": "195_cam-image_array_.jpg", "imu/gyr_x": 5.748091603053435, "user/angle": -0.5670339060640278, "user/throttle": 0.2653736991485336, "imu/gyr_z": 28.900763358778626}