{"imu/acl_x": 0.12689268798828124, "imu/gyr_y": -7.244274809160306, "imu/temp": 32.76529411764706, "imu/acl_y": -0.2657563842773437, "imu/acl_z": 9.849745629882811, "user/mode": "user", "cam/image_array": "781_cam-image_array_.jpg", "imu/gyr_x": 0.1450381679389313, "user/angle": 1.0, "user/throttle": 0.2619696646015809, "imu/gyr_z": -73.58778625954199}