{"imu/acl_x": 5.164292980957031, "imu/gyr_y": 20.572519083969464, "imu/temp": 32.24764705882353, "imu/acl_y": 1.0797849487304687, "imu/acl_z": 9.694122521972655, "user/mode": "user", "cam/image_array": "1364_cam-image_array_.jpg", "imu/gyr_x": -19.946564885496183, "user/angle": -1.0, "user/throttle": 0.2755757316812647, "imu/gyr_z": 85.32824427480917}