{"imu/acl_x": 0.076614453125, "imu/gyr_y": 7.656488549618321, "imu/temp": 31.871176470588235, "imu/acl_y": 1.2952630981445312, "imu/acl_z": 9.725247143554688, "user/mode": "user", "cam/image_array": "1747_cam-image_array_.jpg", "imu/gyr_x": 1.0076335877862594, "user/angle": -1.0, "user/throttle": 0.27218176824243906, "imu/gyr_z": 73.70229007633588}