{"imu/acl_x": -4.378994836425781, "imu/gyr_y": -7.6183206106870225, "imu/temp": 31.73, "imu/acl_y": 1.5825672973632812, "imu/acl_z": 5.511452221679687, "user/mode": "user", "cam/image_array": "1848_cam-image_array_.jpg", "imu/gyr_x": -25.366412213740457, "user/angle": -1.0, "user/throttle": 0.2755757316812647, "imu/gyr_z": 81.1145038167939}