{"imu/acl_x": -1.4413093994140624, "imu/gyr_y": -11.763358778625955, "imu/temp": 33.235882352941175, "imu/acl_y": 0.7110778930664062, "imu/acl_z": 12.488155859374999, "user/mode": "user", "cam/image_array": "186_cam-image_array_.jpg", "imu/gyr_x": -1.816793893129771, "user/angle": -0.6392101809747612, "user/throttle": 0.2653736991485336, "imu/gyr_z": 44.52671755725191}