{"imu/acl_x": 2.5761609863281247, "imu/gyr_y": 13.068702290076336, "imu/temp": 31.824117647058824, "imu/acl_y": 1.917755529785156, "imu/acl_z": 12.67250938720703, "user/mode": "user", "cam/image_array": "1840_cam-image_array_.jpg", "imu/gyr_x": -12.48091603053435, "user/angle": -1.0, "user/throttle": 0.27218176824243906, "imu/gyr_z": 83.94656488549619}