{"imu/acl_x": 0.7445967163085937, "imu/gyr_y": 8.65648854961832, "imu/temp": 32.341764705882355, "imu/acl_y": 1.4963760375976562, "imu/acl_z": 9.485826977539062, "user/mode": "user", "cam/image_array": "1158_cam-image_array_.jpg", "imu/gyr_x": -1.4885496183206106, "user/angle": -0.9175695059053316, "user/throttle": 0.27218176824243906, "imu/gyr_z": 60.343511450381676}