{"imu/acl_x": 1.2234370483398436, "imu/gyr_y": -0.6412213740458015, "imu/temp": 32.24764705882353, "imu/acl_y": -1.62805712890625, "imu/acl_z": 10.139444030761718, "user/mode": "user", "cam/image_array": "1381_cam-image_array_.jpg", "imu/gyr_x": -6.9465648854961835, "user/angle": 0.8556779686880093, "user/throttle": 0.27218176824243906, "imu/gyr_z": -83.01526717557252}