{"imu/acl_x": 0.9624690673828125, "imu/gyr_y": -5.114503816793893, "imu/temp": 31.91823529411765, "imu/acl_y": 0.7038952880859375, "imu/acl_z": 9.351751684570312, "user/mode": "user", "cam/image_array": "1666_cam-image_array_.jpg", "imu/gyr_x": -9.557251908396946, "user/angle": 0.3608203375347148, "user/throttle": 0.2755757316812647, "imu/gyr_z": -11.748091603053435}