{"imu/acl_x": 1.1468225952148436, "imu/gyr_y": 4.00763358778626, "imu/temp": 32.85941176470588, "imu/acl_y": 1.5466542724609373, "imu/acl_z": 10.060435375976562, "user/mode": "user", "cam/image_array": "673_cam-image_array_.jpg", "imu/gyr_x": -6.603053435114504, "user/angle": -0.783532212286752, "user/throttle": 0.2619696646015809, "imu/gyr_z": 52.93893129770992}