{"imu/acl_x": -1.3120225097656248, "imu/gyr_y": 7.435114503816794, "imu/temp": 32.85941176470588, "imu/acl_y": 0.4261678955078125, "imu/acl_z": 12.097900988769531, "user/mode": "user", "cam/image_array": "651_cam-image_array_.jpg", "imu/gyr_x": -3.816793893129771, "user/angle": -0.22681356242561113, "user/throttle": 0.2619696646015809, "imu/gyr_z": 21.03053435114504}