{"imu/acl_x": -0.622492431640625, "imu/gyr_y": -7.419847328244275, "imu/temp": 32.71823529411765, "imu/acl_y": 1.0031704956054688, "imu/acl_z": 8.540117321777343, "user/mode": "user", "cam/image_array": "1582_cam-image_array_.jpg", "imu/gyr_x": -2.213740458015267, "user/angle": -1.0, "user/throttle": 0.2755757316812647, "imu/gyr_z": 87.52671755725191}