{"imu/acl_x": 1.5418658691406248, "imu/gyr_y": -25.87786259541985, "imu/temp": 32.624117647058824, "imu/acl_y": -0.21068974609375, "imu/acl_z": 9.811438403320311, "user/mode": "user", "cam/image_array": "879_cam-image_array_.jpg", "imu/gyr_x": 17.31297709923664, "user/angle": -0.8453932309945982, "user/throttle": 0.2755757316812647, "imu/gyr_z": 82.19083969465649}