{"imu/acl_x": 0.6943184814453125, "imu/gyr_y": 10.938931297709924, "imu/temp": 33.04764705882353, "imu/acl_y": 1.4963760375976562, "imu/acl_z": 9.277531433105468, "user/mode": "user", "cam/image_array": "359_cam-image_array_.jpg", "imu/gyr_x": 3.3969465648854964, "user/angle": -1.0, "user/throttle": 0.26877773369548635, "imu/gyr_z": 69.90839694656489}