{"imu/acl_x": 2.592920397949219, "imu/gyr_y": -2.015267175572519, "imu/temp": 32.059411764705885, "imu/acl_y": -2.7748797241210936, "imu/acl_z": 5.609614489746093, "user/mode": "user", "cam/image_array": "1575_cam-image_array_.jpg", "imu/gyr_x": 1.3129770992366412, "user/angle": -1.0, "user/throttle": 0.2755757316812647, "imu/gyr_z": 80.06870229007633}