{"imu/acl_x": 0.7852981445312499, "imu/gyr_y": -30.84732824427481, "imu/temp": 32.388823529411766, "imu/acl_y": 1.1085153686523437, "imu/acl_z": 10.249577307128906, "user/mode": "user", "cam/image_array": "1285_cam-image_array_.jpg", "imu/gyr_x": -14.511450381679388, "user/angle": -0.7629322183904538, "user/throttle": 0.2755757316812647, "imu/gyr_z": 49.63358778625954}