{"imu/acl_x": -1.1085153686523437, "imu/gyr_y": 0.5343511450381679, "imu/temp": 33.00058823529412, "imu/acl_y": 1.7884686401367187, "imu/acl_z": 10.769119067382812, "user/mode": "user", "cam/image_array": "554_cam-image_array_.jpg", "imu/gyr_x": -0.9389312977099237, "user/angle": -1.0, "user/throttle": 0.28238380077517017, "imu/gyr_z": 81.13740458015268}