{"imu/acl_x": 2.147598889160156, "imu/gyr_y": -7.862595419847328, "imu/temp": 31.259411764705884, "imu/acl_y": 1.6400281372070311, "imu/acl_z": 14.082694165039062, "user/mode": "user", "cam/image_array": "1573_cam-image_array_.jpg", "imu/gyr_x": -13.870229007633588, "user/angle": -1.0, "user/throttle": 0.2755757316812647, "imu/gyr_z": 83.54961832061069}