{"imu/acl_x": 0.011971008300781249, "imu/gyr_y": -10.351145038167939, "imu/temp": 32.71823529411765, "imu/acl_y": -0.5243301635742187, "imu/acl_z": 9.502586389160156, "user/mode": "user", "cam/image_array": "826_cam-image_array_.jpg", "imu/gyr_x": 3.564885496183206, "user/angle": 0.0, "user/throttle": 0.2755757316812647, "imu/gyr_z": 22.564885496183205}