{"imu/acl_x": -1.5849614990234373, "imu/gyr_y": -5.541984732824427, "imu/temp": 33.18882352941176, "imu/acl_y": 1.3287819213867187, "imu/acl_z": 7.589619262695312, "user/mode": "user", "cam/image_array": "147_cam-image_array_.jpg", "imu/gyr_x": -12.664122137404581, "user/angle": -1.0, "user/throttle": 0.27218176824243906, "imu/gyr_z": 60.908396946564885}