{"imu/acl_x": 2.2266075439453124, "imu/gyr_y": -3.786259541984733, "imu/temp": 32.953529411764706, "imu/acl_y": 2.142810485839844, "imu/acl_z": 14.250288281249999, "user/mode": "user", "cam/image_array": "578_cam-image_array_.jpg", "imu/gyr_x": -9.061068702290076, "user/angle": -1.0, "user/throttle": 0.2619696646015809, "imu/gyr_z": 80.46564885496183}