{"imu/acl_x": 1.6232687255859375, "imu/gyr_y": -4.847328244274809, "imu/temp": 33.14176470588235, "imu/acl_y": 0.9600748657226562, "imu/acl_z": 9.382876306152344, "user/mode": "user", "cam/image_array": "301_cam-image_array_.jpg", "imu/gyr_x": -11.992366412213741, "user/angle": -0.7319864497817926, "user/throttle": 0.2653736991485336, "imu/gyr_z": 48.908396946564885}