{"imu/acl_x": 1.9297265380859374, "imu/gyr_y": 12.541984732824428, "imu/temp": 32.29470588235294, "imu/acl_y": 0.5099649536132812, "imu/acl_z": 11.305420239257812, "user/mode": "user", "cam/image_array": "1218_cam-image_array_.jpg", "imu/gyr_x": -5.1603053435114505, "user/angle": -1.0, "user/throttle": 0.27218176824243906, "imu/gyr_z": 60.6412213740458}