{"imu/acl_x": 1.8243816650390623, "imu/gyr_y": -9.16030534351145, "imu/temp": 32.53, "imu/acl_y": -1.2785036865234374, "imu/acl_z": 9.816226806640625, "user/mode": "user", "cam/image_array": "1122_cam-image_array_.jpg", "imu/gyr_x": -11.580152671755725, "user/angle": 0.4742271187475204, "user/throttle": 0.27218176824243906, "imu/gyr_z": -72.61832061068702}