{"imu/acl_x": 1.6831237670898436, "imu/gyr_y": 2.969465648854962, "imu/temp": 31.91823529411765, "imu/acl_y": 2.1021090576171875, "imu/acl_z": 9.411606726074218, "user/mode": "user", "cam/image_array": "1702_cam-image_array_.jpg", "imu/gyr_x": -8.473282442748092, "user/angle": -0.8350779747917112, "user/throttle": 0.2755757316812647, "imu/gyr_z": -3.1068702290076335}