{"imu/acl_x": 0.63206923828125, "imu/gyr_y": 7.267175572519084, "imu/temp": 33.00058823529412, "imu/acl_y": -0.6488286499023437, "imu/acl_z": 12.409147204589843, "user/mode": "user", "cam/image_array": "504_cam-image_array_.jpg", "imu/gyr_x": -0.3816793893129771, "user/angle": -0.5464339121677297, "user/throttle": 0.2653736991485336, "imu/gyr_z": 39.10687022900763}