{"imu/acl_x": 1.1324573852539062, "imu/gyr_y": 7.267175572519084, "imu/temp": 31.68294117647059, "imu/acl_y": 1.180341418457031, "imu/acl_z": 9.141061938476563, "user/mode": "user", "cam/image_array": "1784_cam-image_array_.jpg", "imu/gyr_x": -8.229007633587786, "user/angle": -0.6392101809747612, "user/throttle": 0.2755757316812647, "imu/gyr_z": 39.587786259541986}