{"imu/acl_x": -1.707065783691406, "imu/gyr_y": 7.442748091603053, "imu/temp": 33.14176470588235, "imu/acl_y": -0.8188169677734375, "imu/acl_z": 8.82263311767578, "user/mode": "user", "cam/image_array": "203_cam-image_array_.jpg", "imu/gyr_x": -1.2213740458015268, "user/angle": -0.195898312326426, "user/throttle": 0.26877773369548635, "imu/gyr_z": 6.961832061068702}