{"imu/acl_x": 1.139639990234375, "imu/gyr_y": 8.198473282442748, "imu/temp": 32.85941176470588, "imu/acl_y": 0.04548983154296875, "imu/acl_z": 10.752359655761719, "user/mode": "user", "cam/image_array": "662_cam-image_array_.jpg", "imu/gyr_x": -12.488549618320612, "user/angle": -0.2680745872371593, "user/throttle": 0.2619696646015809, "imu/gyr_z": 44.16030534351145}