{"imu/acl_x": 1.838746875, "imu/gyr_y": 11.335877862595419, "imu/temp": 32.388823529411766, "imu/acl_y": 0.2154781494140625, "imu/acl_z": 8.78432589111328, "user/mode": "user", "cam/image_array": "1265_cam-image_array_.jpg", "imu/gyr_x": 9.389312977099237, "user/angle": -0.7629322183904538, "user/throttle": 0.2755757316812647, "imu/gyr_z": 67.77099236641222}