{"imu/acl_x": 1.0821791503906248, "imu/gyr_y": -3.3893129770992365, "imu/temp": 32.71823529411765, "imu/acl_y": 0.5147533569335937, "imu/acl_z": 10.81460889892578, "user/mode": "user", "cam/image_array": "836_cam-image_array_.jpg", "imu/gyr_x": -2.4885496183206106, "user/angle": -0.6598406933805353, "user/throttle": 0.2755757316812647, "imu/gyr_z": 48.47328244274809}