{"imu/acl_x": -1.7549498168945312, "imu/gyr_y": -0.48854961832061067, "imu/temp": 32.341764705882355, "imu/acl_y": -0.5147533569335937, "imu/acl_z": 12.708422412109375, "user/mode": "user", "cam/image_array": "1270_cam-image_array_.jpg", "imu/gyr_x": -1.1526717557251909, "user/angle": 0.0, "user/throttle": 0.2755757316812647, "imu/gyr_z": 1.6870229007633588}