{"imu/acl_x": 0.239420166015625, "imu/gyr_y": 27.763358778625953, "imu/temp": 31.73, "imu/acl_y": -0.63206923828125, "imu/acl_z": 11.200075366210937, "user/mode": "user", "cam/image_array": "1732_cam-image_array_.jpg", "imu/gyr_x": 21.053435114503817, "user/angle": 0.793816949980163, "user/throttle": 0.27218176824243906, "imu/gyr_z": -77.02290076335878}