{"imu/acl_x": 1.3646949462890625, "imu/gyr_y": 5.6106870229007635, "imu/temp": 33.04764705882353, "imu/acl_y": 1.0127473022460938, "imu/acl_z": 8.659827404785156, "user/mode": "user", "cam/image_array": "213_cam-image_array_.jpg", "imu/gyr_x": -14.534351145038167, "user/angle": 0.0, "user/throttle": 0.2653736991485336, "imu/gyr_z": -4.900763358778626}