{"imu/acl_x": 0.09576806640624999, "imu/gyr_y": 3.6564885496183206, "imu/temp": 33.00058823529412, "imu/acl_y": 0.35194764404296874, "imu/acl_z": 10.352527978515624, "user/mode": "user", "cam/image_array": "58_cam-image_array_.jpg", "imu/gyr_x": -2.648854961832061, "user/angle": -0.5670339060640278, "user/throttle": 0.27218176824243906, "imu/gyr_z": 14.954198473282442}