{"imu/acl_x": 3.6056677001953124, "imu/gyr_y": 16.85496183206107, "imu/temp": 32.059411764705885, "imu/acl_y": 0.8212111694335937, "imu/acl_z": 10.915165368652342, "user/mode": "user", "cam/image_array": "1571_cam-image_array_.jpg", "imu/gyr_x": 2.648854961832061, "user/angle": -0.9484847560045168, "user/throttle": 0.2755757316812647, "imu/gyr_z": 16.72519083969466}