{"imu/acl_x": 1.197100830078125, "imu/gyr_y": 29.946564885496183, "imu/temp": 31.353529411764708, "imu/acl_y": -0.8667010009765624, "imu/acl_z": 9.725247143554688, "user/mode": "user", "cam/image_array": "1501_cam-image_array_.jpg", "imu/gyr_x": -5.625954198473282, "user/angle": -0.402081362346263, "user/throttle": 0.27218176824243906, "imu/gyr_z": -4.625954198473282}