{"imu/acl_x": -0.6153098266601562, "imu/gyr_y": -5.259541984732825, "imu/temp": 32.1064705882353, "imu/acl_y": -0.00718260498046875, "imu/acl_z": 11.973402502441406, "user/mode": "user", "cam/image_array": "1434_cam-image_array_.jpg", "imu/gyr_x": 4.694656488549619, "user/angle": -0.3814813684499649, "user/throttle": 0.2755757316812647, "imu/gyr_z": 16.076335877862597}