{"imu/acl_x": 1.2210428466796874, "imu/gyr_y": 6.099236641221374, "imu/temp": 32.53, "imu/acl_y": 0.33758243408203126, "imu/acl_z": 10.196904870605469, "user/mode": "user", "cam/image_array": "961_cam-image_array_.jpg", "imu/gyr_x": -0.9007633587786259, "user/angle": -1.0, "user/throttle": 0.27218176824243906, "imu/gyr_z": 66.16030534351145}