{"imu/acl_x": -2.8371289672851563, "imu/gyr_y": 1.6946564885496183, "imu/temp": 33.00058823529412, "imu/acl_y": -0.5578489868164063, "imu/acl_z": 14.226346264648436, "user/mode": "user", "cam/image_array": "111_cam-image_array_.jpg", "imu/gyr_x": 6.793893129770993, "user/angle": 0.8659932248908964, "user/throttle": 0.26877773369548635, "imu/gyr_z": -54.51145038167939}