{"imu/acl_x": -1.8770541015625, "imu/gyr_y": -10.557251908396946, "imu/temp": 32.24764705882353, "imu/acl_y": 1.7214309936523438, "imu/acl_z": 7.218518005371093, "user/mode": "user", "cam/image_array": "1299_cam-image_array_.jpg", "imu/gyr_x": -15.694656488549619, "user/angle": -0.9588000122074037, "user/throttle": 0.2755757316812647, "imu/gyr_z": 82.63358778625954}