{"imu/acl_x": -0.10295067138671875, "imu/gyr_y": 1.099236641221374, "imu/temp": 32.906470588235294, "imu/acl_y": 0.7302315063476562, "imu/acl_z": 9.074024291992187, "user/mode": "user", "cam/image_array": "602_cam-image_array_.jpg", "imu/gyr_x": -0.8854961832061069, "user/angle": -0.7526169621875668, "user/throttle": 0.2619696646015809, "imu/gyr_z": 41.51145038167939}