{"imu/acl_x": 2.6001030029296874, "imu/gyr_y": 10.351145038167939, "imu/temp": 32.43588235294118, "imu/acl_y": 1.1348515869140625, "imu/acl_z": 10.766724865722656, "user/mode": "user", "cam/image_array": "1181_cam-image_array_.jpg", "imu/gyr_x": -4.175572519083969, "user/angle": -1.0, "user/throttle": 0.27218176824243906, "imu/gyr_z": 64.6793893129771}