{"imu/acl_x": 2.142810485839844, "imu/gyr_y": -1.9923664122137406, "imu/temp": 33.04764705882353, "imu/acl_y": 0.55545478515625, "imu/acl_z": 8.092401611328125, "user/mode": "user", "cam/image_array": "145_cam-image_array_.jpg", "imu/gyr_x": -6.687022900763359, "user/angle": -1.0, "user/throttle": 0.27218176824243906, "imu/gyr_z": 57.17557251908397}