{"imu/acl_x": 0.9600748657226562, "imu/gyr_y": 11.229007633587786, "imu/temp": 33.00058823529412, "imu/acl_y": 0.5985504150390625, "imu/acl_z": 8.262389929199218, "user/mode": "user", "cam/image_array": "568_cam-image_array_.jpg", "imu/gyr_x": 7.450381679389313, "user/angle": 0.2370983001190222, "user/throttle": 0.27218176824243906, "imu/gyr_z": -41.969465648854964}