{"imu/acl_x": 1.2808978881835937, "imu/gyr_y": 6.755725190839694, "imu/temp": 33.04764705882353, "imu/acl_y": -0.011971008300781249, "imu/acl_z": 10.958260998535156, "user/mode": "user", "cam/image_array": "24_cam-image_array_.jpg", "imu/gyr_x": -0.7862595419847328, "user/angle": -0.3196203497421186, "user/throttle": 0.22114139225440232, "imu/gyr_z": 7.847328244274809}