{"imu/acl_x": -2.3056161987304686, "imu/gyr_y": 2.1908396946564888, "imu/temp": 32.43588235294118, "imu/acl_y": 1.8842367065429686, "imu/acl_z": 11.317391247558593, "user/mode": "user", "cam/image_array": "1108_cam-image_array_.jpg", "imu/gyr_x": -7.862595419847328, "user/angle": -0.5773491622669149, "user/throttle": 0.27218176824243906, "imu/gyr_z": 68.41221374045801}