{"imu/acl_x": -1.3215993164062498, "imu/gyr_y": -8.83969465648855, "imu/temp": 33.42411764705882, "imu/acl_y": 0.01915361328125, "imu/acl_z": 10.817003100585938, "user/mode": "user", "cam/image_array": "827_cam-image_array_.jpg", "imu/gyr_x": -4.977099236641221, "user/angle": 0.0, "user/throttle": 0.2755757316812647, "imu/gyr_z": 5.122137404580153}