{"imu/acl_x": 1.139639990234375, "imu/gyr_y": -1.465648854961832, "imu/temp": 31.68294117647059, "imu/acl_y": 0.7781155395507812, "imu/acl_z": 12.509703674316405, "user/mode": "user", "cam/image_array": "1770_cam-image_array_.jpg", "imu/gyr_x": -8.885496183206106, "user/angle": 0.0, "user/throttle": 0.27218176824243906, "imu/gyr_z": 28.84732824427481}