{"imu/acl_x": -0.6272808349609375, "imu/gyr_y": 6.229007633587786, "imu/temp": 33.00058823529412, "imu/acl_y": -1.2713210815429687, "imu/acl_z": 8.93755479736328, "user/mode": "user", "cam/image_array": "191_cam-image_array_.jpg", "imu/gyr_x": 4.717557251908397, "user/angle": -0.22681356242561113, "user/throttle": 0.26877773369548635, "imu/gyr_z": -3.7099236641221376}