{"imu/acl_x": 1.6927005737304686, "imu/gyr_y": 6.488549618320611, "imu/temp": 32.953529411764706, "imu/acl_y": 1.5203180541992187, "imu/acl_z": 10.213664282226562, "user/mode": "user", "cam/image_array": "531_cam-image_array_.jpg", "imu/gyr_x": -1.9083969465648856, "user/angle": -0.8557084871974853, "user/throttle": 0.2857878353221229, "imu/gyr_z": 43.52671755725191}