{"imu/acl_x": -0.3280056274414062, "imu/gyr_y": -8.435114503816793, "imu/temp": 32.341764705882355, "imu/acl_y": 0.6488286499023437, "imu/acl_z": 10.43153663330078, "user/mode": "user", "cam/image_array": "1166_cam-image_array_.jpg", "imu/gyr_x": -1.9618320610687023, "user/angle": -0.9175695059053316, "user/throttle": 0.27218176824243906, "imu/gyr_z": 66.3587786259542}