{"imu/acl_x": 0.4381389038085937, "imu/gyr_y": 5.870229007633588, "imu/temp": 32.81235294117647, "imu/acl_y": -0.12689268798828124, "imu/acl_z": 10.711658227539061, "user/mode": "user", "cam/image_array": "708_cam-image_array_.jpg", "imu/gyr_x": -11.335877862595419, "user/angle": -0.28867458113345745, "user/throttle": 0.2653736991485336, "imu/gyr_z": 15.099236641221374}