{"imu/acl_x": 0.35194764404296874, "imu/gyr_y": 13.16030534351145, "imu/temp": 32.71823529411765, "imu/acl_y": 1.3144167114257812, "imu/acl_z": 11.805808386230469, "user/mode": "user", "cam/image_array": "890_cam-image_array_.jpg", "imu/gyr_x": 0.4198473282442748, "user/angle": -0.8350779747917112, "user/throttle": 0.2755757316812647, "imu/gyr_z": 75.35114503816794}