{"imu/acl_x": -0.047884033203124995, "imu/gyr_y": -6.32824427480916, "imu/temp": 31.73, "imu/acl_y": -0.8906430175781249, "imu/acl_z": 13.936647863769531, "user/mode": "user", "cam/image_array": "1845_cam-image_array_.jpg", "imu/gyr_x": 2.6412213740458017, "user/angle": -1.0, "user/throttle": 0.2755757316812647, "imu/gyr_z": 75.29007633587786}