{"imu/acl_x": -0.8643067993164062, "imu/gyr_y": 17.6793893129771, "imu/temp": 32.57705882352941, "imu/acl_y": 0.6344634399414062, "imu/acl_z": 8.276755139160155, "user/mode": "user", "cam/image_array": "943_cam-image_array_.jpg", "imu/gyr_x": -5.809160305343512, "user/angle": -1.0, "user/throttle": 0.27218176824243906, "imu/gyr_z": 14.992366412213741}