{"imu/acl_x": -0.5003881469726562, "imu/gyr_y": 0.9312977099236641, "imu/temp": 33.00058823529412, "imu/acl_y": 0.01915361328125, "imu/acl_z": 10.445901843261717, "user/mode": "user", "cam/image_array": "31_cam-image_array_.jpg", "imu/gyr_x": -0.7404580152671756, "user/angle": -0.32993560594500565, "user/throttle": 0.22454542680135503, "imu/gyr_z": 5.183206106870229}