{"imu/acl_x": -2.051830822753906, "imu/gyr_y": 0.4580152671755725, "imu/temp": 32.85941176470588, "imu/acl_y": -0.3064578125, "imu/acl_z": 9.392453112792968, "user/mode": "user", "cam/image_array": "640_cam-image_array_.jpg", "imu/gyr_x": -3.0076335877862594, "user/angle": -0.32993560594500565, "user/throttle": 0.2619696646015809, "imu/gyr_z": 16.732824427480917}