{"imu/acl_x": 1.7094599853515624, "imu/gyr_y": -5.282442748091603, "imu/temp": 32.85941176470588, "imu/acl_y": 0.1580173095703125, "imu/acl_z": 9.581595043945311, "user/mode": "user", "cam/image_array": "701_cam-image_array_.jpg", "imu/gyr_x": -2.450381679389313, "user/angle": 0.0, "user/throttle": 0.2653736991485336, "imu/gyr_z": -9.854961832061068}