{"imu/acl_x": -0.7302315063476562, "imu/gyr_y": -14.709923664122137, "imu/temp": 32.624117647058824, "imu/acl_y": 2.01112939453125, "imu/acl_z": 9.275137231445312, "user/mode": "user", "cam/image_array": "920_cam-image_array_.jpg", "imu/gyr_x": -9.946564885496183, "user/angle": -1.0, "user/throttle": 0.27218176824243906, "imu/gyr_z": 80.41221374045801}