{"imu/acl_x": -1.467645617675781, "imu/gyr_y": -5.32824427480916, "imu/temp": 32.341764705882355, "imu/acl_y": -0.15322890625, "imu/acl_z": 10.43871923828125, "user/mode": "user", "cam/image_array": "1241_cam-image_array_.jpg", "imu/gyr_x": 11.48091603053435, "user/angle": -0.9072542497024445, "user/throttle": 0.2755757316812647, "imu/gyr_z": 62.267175572519086}