{"imu/acl_x": -0.4525041137695312, "imu/gyr_y": -4.961832061068702, "imu/temp": 31.777058823529412, "imu/acl_y": 0.4070142822265625, "imu/acl_z": 8.434772448730468, "user/mode": "user", "cam/image_array": "1766_cam-image_array_.jpg", "imu/gyr_x": -7.9541984732824424, "user/angle": -0.9794305246131779, "user/throttle": 0.27218176824243906, "imu/gyr_z": 68.05343511450381}