{"imu/acl_x": -1.7262193969726563, "imu/gyr_y": -4.458015267175573, "imu/temp": 32.059411764705885, "imu/acl_y": 0.7445967163085937, "imu/acl_z": 12.260706701660155, "user/mode": "user", "cam/image_array": "1458_cam-image_array_.jpg", "imu/gyr_x": -9.183206106870228, "user/angle": 0.0, "user/throttle": 0.2755757316812647, "imu/gyr_z": -6.587786259541985}