{"imu/acl_x": 1.1013327636718748, "imu/gyr_y": 8.19083969465649, "imu/temp": 32.1064705882353, "imu/acl_y": 1.448492004394531, "imu/acl_z": 9.133879333496093, "user/mode": "user", "cam/image_array": "1477_cam-image_array_.jpg", "imu/gyr_x": -4.938931297709924, "user/angle": -1.0, "user/throttle": 0.2755757316812647, "imu/gyr_z": 91.62595419847328}