{"imu/acl_x": -1.0582371337890624, "imu/gyr_y": 11.0, "imu/temp": 32.29470588235294, "imu/acl_y": 1.9201497314453124, "imu/acl_z": 10.101136804199218, "user/mode": "user", "cam/image_array": "1327_cam-image_array_.jpg", "imu/gyr_x": 0.7480916030534351, "user/angle": -0.9484847560045168, "user/throttle": 0.2755757316812647, "imu/gyr_z": 76.23664122137404}