{"imu/acl_x": -1.0821791503906248, "imu/gyr_y": -10.114503816793894, "imu/temp": 32.341764705882355, "imu/acl_y": 1.5969325073242187, "imu/acl_z": 11.3389390625, "user/mode": "user", "cam/image_array": "1267_cam-image_array_.jpg", "imu/gyr_x": -6.374045801526718, "user/angle": -0.3196203497421186, "user/throttle": 0.2755757316812647, "imu/gyr_z": 60.88549618320611}