{"imu/acl_x": 0.7589619262695312, "imu/gyr_y": -5.358778625954199, "imu/temp": 33.04764705882353, "imu/acl_y": 1.946485949707031, "imu/acl_z": 11.633425866699218, "user/mode": "user", "cam/image_array": "202_cam-image_array_.jpg", "imu/gyr_x": -14.16793893129771, "user/angle": -0.195898312326426, "user/throttle": 0.26877773369548635, "imu/gyr_z": 12.86259541984733}