{"imu/acl_x": 1.62805712890625, "imu/gyr_y": 1.366412213740458, "imu/temp": 32.71823529411765, "imu/acl_y": 0.9217676391601562, "imu/acl_z": 9.042899670410156, "user/mode": "user", "cam/image_array": "875_cam-image_array_.jpg", "imu/gyr_x": -9.83969465648855, "user/angle": -0.8350779747917112, "user/throttle": 0.2755757316812647, "imu/gyr_z": 66.59541984732824}