{"imu/acl_x": -1.8626888916015625, "imu/gyr_y": -9.717557251908397, "imu/temp": 33.04764705882353, "imu/acl_y": 0.24899697265624998, "imu/acl_z": 9.536105212402344, "user/mode": "user", "cam/image_array": "132_cam-image_array_.jpg", "imu/gyr_x": -6.206106870229007, "user/angle": -1.0, "user/throttle": 0.26877773369548635, "imu/gyr_z": 54.9236641221374}