{"imu/acl_x": -3.258508459472656, "imu/gyr_y": -12.541984732824428, "imu/temp": 32.29470588235294, "imu/acl_y": 1.867477294921875, "imu/acl_z": 9.56962403564453, "user/mode": "user", "cam/image_array": "1260_cam-image_array_.jpg", "imu/gyr_x": -7.541984732824427, "user/angle": -0.7938474684896389, "user/throttle": 0.2755757316812647, "imu/gyr_z": 52.3206106870229}