{"imu/acl_x": 1.9632453613281249, "imu/gyr_y": 35.94656488549618, "imu/temp": 32.388823529411766, "imu/acl_y": 0.7062894897460937, "imu/acl_z": 9.236830004882812, "user/mode": "user", "cam/image_array": "1172_cam-image_array_.jpg", "imu/gyr_x": -24.87786259541985, "user/angle": -0.9382000183111057, "user/throttle": 0.27218176824243906, "imu/gyr_z": 61.56488549618321}