{"imu/acl_x": -0.09816226806640624, "imu/gyr_y": 9.679389312977099, "imu/temp": 33.04764705882353, "imu/acl_y": 0.5530605834960938, "imu/acl_z": 9.983820922851562, "user/mode": "user", "cam/image_array": "239_cam-image_array_.jpg", "imu/gyr_x": -0.3282442748091603, "user/angle": -1.0, "user/throttle": 0.26877773369548635, "imu/gyr_z": 62.343511450381676}