{"imu/acl_x": -1.3024457031249999, "imu/gyr_y": -11.557251908396946, "imu/temp": 32.85941176470588, "imu/acl_y": 2.109291662597656, "imu/acl_z": 10.608707556152343, "user/mode": "user", "cam/image_array": "691_cam-image_array_.jpg", "imu/gyr_x": 6.8320610687022905, "user/angle": -0.46394238105410934, "user/throttle": 0.2653736991485336, "imu/gyr_z": 67.58015267175573}