{"imu/acl_x": -2.5953145996093747, "imu/gyr_y": 14.061068702290076, "imu/temp": 32.15352941176471, "imu/acl_y": -1.2808978881835937, "imu/acl_z": 8.166621862792969, "user/mode": "user", "cam/image_array": "1388_cam-image_array_.jpg", "imu/gyr_x": 6.0534351145038165, "user/angle": 0.0, "user/throttle": 0.27218176824243906, "imu/gyr_z": -77.64885496183206}