{"imu/acl_x": 0.6057330200195312, "imu/gyr_y": -19.458015267175572, "imu/temp": 32.671176470588236, "imu/acl_y": 0.5530605834960938, "imu/acl_z": 7.307103466796875, "user/mode": "user", "cam/image_array": "904_cam-image_array_.jpg", "imu/gyr_x": -7.442748091603053, "user/angle": 0.5464033936582537, "user/throttle": 0.27218176824243906, "imu/gyr_z": -52.786259541984734}