{"imu/acl_x": 1.5849614990234373, "imu/gyr_y": 28.366412213740457, "imu/temp": 32.20058823529412, "imu/acl_y": -0.9409212524414062, "imu/acl_z": 9.713276135253906, "user/mode": "user", "cam/image_array": "1374_cam-image_array_.jpg", "imu/gyr_x": -3.2519083969465647, "user/angle": 0.0, "user/throttle": 0.2755757316812647, "imu/gyr_z": 58.01526717557252}