{"imu/acl_x": -1.5777788940429687, "imu/gyr_y": -2.7938931297709924, "imu/temp": 33.04764705882353, "imu/acl_y": 0.718260498046875, "imu/acl_z": 13.069946862792968, "user/mode": "user", "cam/image_array": "444_cam-image_array_.jpg", "imu/gyr_x": -2.6793893129770994, "user/angle": -0.7217017120883816, "user/throttle": 0.26877773369548635, "imu/gyr_z": 46.76335877862596}