{"imu/acl_x": -1.2808978881835937, "imu/gyr_y": -7.564885496183206, "imu/temp": 32.059411764705885, "imu/acl_y": -0.8283937744140625, "imu/acl_z": 9.981426721191406, "user/mode": "user", "cam/image_array": "1430_cam-image_array_.jpg", "imu/gyr_x": 0.5801526717557252, "user/angle": -0.2577593310342723, "user/throttle": 0.2755757316812647, "imu/gyr_z": 38.88549618320611}