{"imu/acl_x": -1.4628572143554686, "imu/gyr_y": -4.748091603053435, "imu/temp": 32.85941176470588, "imu/acl_y": 0.7805097412109374, "imu/acl_z": 9.258377819824219, "user/mode": "user", "cam/image_array": "653_cam-image_array_.jpg", "imu/gyr_x": -13.595419847328245, "user/angle": -0.16498306222724082, "user/throttle": 0.2619696646015809, "imu/gyr_z": 6.557251908396947}