{"imu/acl_x": 0.20829554443359374, "imu/gyr_y": 11.381679389312977, "imu/temp": 33.00058823529412, "imu/acl_y": -1.848323681640625, "imu/acl_z": 10.01733974609375, "user/mode": "user", "cam/image_array": "347_cam-image_array_.jpg", "imu/gyr_x": 8.86259541984733, "user/angle": 0.6391796624652852, "user/throttle": 0.26877773369548635, "imu/gyr_z": -55.595419847328245}