{"imu/acl_x": -1.7860744384765623, "imu/gyr_y": -8.49618320610687, "imu/temp": 32.1064705882353, "imu/acl_y": 1.9656395629882812, "imu/acl_z": 9.821015209960937, "user/mode": "user", "cam/image_array": "1542_cam-image_array_.jpg", "imu/gyr_x": -9.183206106870228, "user/angle": -0.9588000122074037, "user/throttle": 0.2755757316812647, "imu/gyr_z": 73.16030534351145}