{"imu/acl_x": -1.4628572143554686, "imu/gyr_y": -2.7786259541984735, "imu/temp": 33.09470588235294, "imu/acl_y": 0.1197100830078125, "imu/acl_z": 10.58476553955078, "user/mode": "user", "cam/image_array": "98_cam-image_array_.jpg", "imu/gyr_x": -1.717557251908397, "user/angle": -0.45362712485122225, "user/throttle": 0.27218176824243906, "imu/gyr_z": 46.3206106870229}