{"imu/acl_x": 0.47644613037109373, "imu/gyr_y": -5.755725190839694, "imu/temp": 32.48294117647059, "imu/acl_y": 0.2154781494140625, "imu/acl_z": 10.754753857421875, "user/mode": "user", "cam/image_array": "1111_cam-image_array_.jpg", "imu/gyr_x": -17.022900763358777, "user/angle": 0.0, "user/throttle": 0.2755757316812647, "imu/gyr_z": 11.931297709923664}