{"imu/acl_x": 2.731784094238281, "imu/gyr_y": 13.358778625954198, "imu/temp": 32.624117647058824, "imu/acl_y": 2.4756045166015626, "imu/acl_z": 8.451531860351562, "user/mode": "user", "cam/image_array": "919_cam-image_array_.jpg", "imu/gyr_x": -9.389312977099237, "user/angle": -1.0, "user/throttle": 0.27218176824243906, "imu/gyr_z": 84.68702290076335}