{"imu/acl_x": 0.469263525390625, "imu/gyr_y": -1.83206106870229, "imu/temp": 33.00058823529412, "imu/acl_y": -0.15083470458984374, "imu/acl_z": 7.8170684204101555, "user/mode": "user", "cam/image_array": "376_cam-image_array_.jpg", "imu/gyr_x": -14.122137404580153, "user/angle": -0.2577593310342723, "user/throttle": 0.26877773369548635, "imu/gyr_z": 34.99236641221374}