{"imu/acl_x": 4.515464331054687, "imu/gyr_y": 41.48091603053435, "imu/temp": 31.73, "imu/acl_y": -1.70467158203125, "imu/acl_z": 7.053318090820312, "user/mode": "user", "cam/image_array": "1869_cam-image_array_.jpg", "imu/gyr_x": -18.229007633587788, "user/angle": 0.0, "user/throttle": 0.27218176824243906, "imu/gyr_z": -13.511450381679388}