{"imu/acl_x": 2.1068974609374997, "imu/gyr_y": 16.83969465648855, "imu/temp": 31.824117647058824, "imu/acl_y": 1.2378022583007813, "imu/acl_z": 9.94072529296875, "user/mode": "user", "cam/image_array": "1803_cam-image_array_.jpg", "imu/gyr_x": -17.213740458015266, "user/angle": 0.0, "user/throttle": 0.27218176824243906, "imu/gyr_z": 0.5419847328244275}