{"imu/acl_x": 0.06464344482421874, "imu/gyr_y": 2.954198473282443, "imu/temp": 33.00058823529412, "imu/acl_y": -0.39264907226562495, "imu/acl_z": 10.989385620117186, "user/mode": "user", "cam/image_array": "567_cam-image_array_.jpg", "imu/gyr_x": 0.6717557251908397, "user/angle": 0.2370983001190222, "user/throttle": 0.27218176824243906, "imu/gyr_z": -57.152671755725194}