{"imu/acl_x": -1.879448303222656, "imu/gyr_y": 14.381679389312977, "imu/temp": 32.24764705882353, "imu/acl_y": -0.6631938598632812, "imu/acl_z": 9.892841259765625, "user/mode": "user", "cam/image_array": "1391_cam-image_array_.jpg", "imu/gyr_x": 15.32824427480916, "user/angle": -0.7526169621875668, "user/throttle": 0.2755757316812647, "imu/gyr_z": -14.961832061068701}