{"imu/acl_x": 0.20829554443359374, "imu/gyr_y": 9.587786259541986, "imu/temp": 32.906470588235294, "imu/acl_y": -0.023942016601562498, "imu/acl_z": 8.398859423828124, "user/mode": "user", "cam/image_array": "650_cam-image_array_.jpg", "imu/gyr_x": 3.045801526717557, "user/angle": -0.24744407483138522, "user/throttle": 0.2619696646015809, "imu/gyr_z": 19.198473282442748}