{"imu/acl_x": 2.5617957763671875, "imu/gyr_y": 13.229007633587786, "imu/temp": 31.871176470588235, "imu/acl_y": 1.0678139404296874, "imu/acl_z": 5.767631799316406, "user/mode": "user", "cam/image_array": "1588_cam-image_array_.jpg", "imu/gyr_x": -8.946564885496183, "user/angle": -1.0, "user/throttle": 0.2755757316812647, "imu/gyr_z": 80.2442748091603}