{"imu/acl_x": 1.2210428466796874, "imu/gyr_y": 10.473282442748092, "imu/temp": 32.671176470588236, "imu/acl_y": 2.6431986328124997, "imu/acl_z": 10.474632263183594, "user/mode": "user", "cam/image_array": "1658_cam-image_array_.jpg", "imu/gyr_x": -18.633587786259543, "user/angle": -1.0, "user/throttle": 0.2755757316812647, "imu/gyr_z": 91.37404580152672}