{"imu/acl_x": -1.9680337646484374, "imu/gyr_y": 8.870229007633588, "imu/temp": 32.53, "imu/acl_y": 1.898601916503906, "imu/acl_z": 12.782642663574219, "user/mode": "user", "cam/image_array": "1093_cam-image_array_.jpg", "imu/gyr_x": -1.4961832061068703, "user/angle": -1.0, "user/throttle": 0.27218176824243906, "imu/gyr_z": 82.30534351145039}