{"imu/acl_x": 1.0223241088867188, "imu/gyr_y": 10.34351145038168, "imu/temp": 33.00058823529412, "imu/acl_y": 1.1372457885742187, "imu/acl_z": 9.81862100830078, "user/mode": "user", "cam/image_array": "580_cam-image_array_.jpg", "imu/gyr_x": -13.114503816793894, "user/angle": -1.0, "user/throttle": 0.2619696646015809, "imu/gyr_z": 64.51908396946565}