{"imu/acl_x": -0.6105214233398437, "imu/gyr_y": -2.1755725190839694, "imu/temp": 32.906470588235294, "imu/acl_y": 0.07422025146484375, "imu/acl_z": 11.417947717285156, "user/mode": "user", "cam/image_array": "626_cam-image_array_.jpg", "imu/gyr_x": -1.2595419847328244, "user/angle": 0.0, "user/throttle": 0.2619696646015809, "imu/gyr_z": -7.801526717557252}