{"imu/acl_x": -3.5673604736328124, "imu/gyr_y": -20.671755725190838, "imu/temp": 31.824117647058824, "imu/acl_y": 2.5378537597656248, "imu/acl_z": 12.229582080078124, "user/mode": "user", "cam/image_array": "1715_cam-image_array_.jpg", "imu/gyr_x": -12.01526717557252, "user/angle": -1.0, "user/throttle": 0.2755757316812647, "imu/gyr_z": 85.42748091603053}