{"imu/acl_x": -0.2059013427734375, "imu/gyr_y": -11.297709923664122, "imu/temp": 32.43588235294118, "imu/acl_y": 0.7900865478515624, "imu/acl_z": 10.869675537109375, "user/mode": "user", "cam/image_array": "1184_cam-image_array_.jpg", "imu/gyr_x": 4.5038167938931295, "user/angle": -0.41239661854915005, "user/throttle": 0.27218176824243906, "imu/gyr_z": 66.00763358778626}