{"imu/acl_x": -2.73896669921875, "imu/gyr_y": -5.961832061068702, "imu/temp": 32.57705882352941, "imu/acl_y": 0.3112462158203125, "imu/acl_z": 10.958260998535156, "user/mode": "user", "cam/image_array": "1110_cam-image_array_.jpg", "imu/gyr_x": -3.4427480916030535, "user/angle": 0.0, "user/throttle": 0.2755757316812647, "imu/gyr_z": 36.16793893129771}