{"imu/acl_x": 0.5865794067382812, "imu/gyr_y": 11.595419847328245, "imu/temp": 33.04764705882353, "imu/acl_y": 0.26815058593749996, "imu/acl_z": 9.550470422363281, "user/mode": "user", "cam/image_array": "209_cam-image_array_.jpg", "imu/gyr_x": 3.4580152671755724, "user/angle": -0.4433423871578112, "user/throttle": 0.26877773369548635, "imu/gyr_z": 34.900763358778626}