{"imu/acl_x": 3.612850305175781, "imu/gyr_y": 7.038167938931298, "imu/temp": 32.059411764705885, "imu/acl_y": 0.3327940307617187, "imu/acl_z": 8.724470849609375, "user/mode": "user", "cam/image_array": "1485_cam-image_array_.jpg", "imu/gyr_x": -0.183206106870229, "user/angle": -0.7732474745933409, "user/throttle": 0.2755757316812647, "imu/gyr_z": 83.3969465648855}