{"imu/acl_x": -0.45489831542968745, "imu/gyr_y": 1.2595419847328244, "imu/temp": 32.71823529411765, "imu/acl_y": 0.8978256225585937, "imu/acl_z": 11.525686791992188, "user/mode": "user", "cam/image_array": "1508_cam-image_array_.jpg", "imu/gyr_x": -5.8320610687022905, "user/angle": -1.0, "user/throttle": 0.2755757316812647, "imu/gyr_z": 80.37404580152672}