{"imu/acl_x": 2.47081611328125, "imu/gyr_y": 14.786259541984732, "imu/temp": 32.48294117647059, "imu/acl_y": 0.55545478515625, "imu/acl_z": 8.712499841308594, "user/mode": "user", "cam/image_array": "1124_cam-image_array_.jpg", "imu/gyr_x": 7.870229007633588, "user/angle": -0.4330271309549242, "user/throttle": 0.27218176824243906, "imu/gyr_z": -50.152671755725194}