{"imu/acl_x": -2.8754361938476563, "imu/gyr_y": -19.3206106870229, "imu/temp": 32.953529411764706, "imu/acl_y": 2.2577321655273437, "imu/acl_z": 10.66137999267578, "user/mode": "user", "cam/image_array": "688_cam-image_array_.jpg", "imu/gyr_x": -8.923664122137405, "user/angle": -1.0, "user/throttle": 0.2653736991485336, "imu/gyr_z": 58.51145038167939}