{"imu/acl_x": -1.3215993164062498, "imu/gyr_y": 1.6564885496183206, "imu/temp": 32.24764705882353, "imu/acl_y": 0.03591302490234375, "imu/acl_z": 10.35492218017578, "user/mode": "user", "cam/image_array": "1349_cam-image_array_.jpg", "imu/gyr_x": 9.908396946564885, "user/angle": -1.0, "user/throttle": 0.2755757316812647, "imu/gyr_z": 53.70229007633588}