{"imu/acl_x": 0.201112939453125, "imu/gyr_y": -4.290076335877862, "imu/temp": 32.48294117647059, "imu/acl_y": 1.8243816650390623, "imu/acl_z": 16.105794567871094, "user/mode": "user", "cam/image_array": "1134_cam-image_array_.jpg", "imu/gyr_x": 2.053435114503817, "user/angle": -0.8763389996032593, "user/throttle": 0.27218176824243906, "imu/gyr_z": 58.82442748091603}