{"imu/acl_x": 0.8379705810546875, "imu/gyr_y": 0.8015267175572519, "imu/temp": 32.53, "imu/acl_y": -0.229843359375, "imu/acl_z": 9.191340173339842, "user/mode": "user", "cam/image_array": "1123_cam-image_array_.jpg", "imu/gyr_x": 9.145038167938932, "user/angle": 0.0, "user/throttle": 0.27218176824243906, "imu/gyr_z": -64.68702290076335}