{"imu/acl_x": -1.7549498168945312, "imu/gyr_y": -0.9847328244274809, "imu/temp": 32.81235294117647, "imu/acl_y": 0.20350714111328125, "imu/acl_z": 10.9941740234375, "user/mode": "user", "cam/image_array": "646_cam-image_array_.jpg", "imu/gyr_x": -3.5267175572519083, "user/angle": -0.46394238105410934, "user/throttle": 0.2619696646015809, "imu/gyr_z": 25.763358778625953}