{"imu/acl_x": 2.003946789550781, "imu/gyr_y": 11.198473282442748, "imu/temp": 32.012352941176474, "imu/acl_y": -0.6655880615234374, "imu/acl_z": 10.098742602539062, "user/mode": "user", "cam/image_array": "665_cam-image_array_.jpg", "imu/gyr_x": 0.5954198473282443, "user/angle": -0.15466780602435376, "user/throttle": 0.2619696646015809, "imu/gyr_z": 3.068702290076336}