{"imu/acl_x": -1.16837041015625, "imu/gyr_y": -12.297709923664122, "imu/temp": 33.09470588235294, "imu/acl_y": -0.6512228515624999, "imu/acl_z": 11.973402502441406, "user/mode": "user", "cam/image_array": "201_cam-image_array_.jpg", "imu/gyr_x": 0.24427480916030533, "user/angle": -0.195898312326426, "user/throttle": 0.26877773369548635, "imu/gyr_z": 22.610687022900763}