{"imu/acl_x": 2.2385785522460937, "imu/gyr_y": -2.595419847328244, "imu/temp": 31.91823529411765, "imu/acl_y": 1.4149731811523436, "imu/acl_z": 7.931990100097655, "user/mode": "user", "cam/image_array": "1661_cam-image_array_.jpg", "imu/gyr_x": -13.15267175572519, "user/angle": -0.37116611224707785, "user/throttle": 0.2755757316812647, "imu/gyr_z": 84.86259541984732}