{"imu/acl_x": -1.7094599853515624, "imu/gyr_y": 2.068702290076336, "imu/temp": 32.76529411764706, "imu/acl_y": -0.9911994873046874, "imu/acl_z": 10.378864196777343, "user/mode": "user", "cam/image_array": "823_cam-image_array_.jpg", "imu/gyr_x": -2.885496183206107, "user/angle": -0.3608508560441908, "user/throttle": 0.2755757316812647, "imu/gyr_z": 54.82442748091603}