{"imu/acl_x": -0.6248866333007812, "imu/gyr_y": 7.099236641221374, "imu/temp": 32.53, "imu/acl_y": -0.9983820922851562, "imu/acl_z": 12.08592998046875, "user/mode": "user", "cam/image_array": "1041_cam-image_array_.jpg", "imu/gyr_x": 5.374045801526718, "user/angle": 0.0, "user/throttle": 0.27218176824243906, "imu/gyr_z": 4.656488549618321}