{"imu/acl_x": 0.5267243652343749, "imu/gyr_y": 30.297709923664122, "imu/temp": 32.012352941176474, "imu/acl_y": -1.3024457031249999, "imu/acl_z": 11.844115612792969, "user/mode": "user", "cam/image_array": "1567_cam-image_array_.jpg", "imu/gyr_x": -7.931297709923665, "user/angle": 0.6082644123661001, "user/throttle": 0.27218176824243906, "imu/gyr_z": -84.80152671755725}