{"imu/acl_x": 1.0534487304687499, "imu/gyr_y": 5.099236641221374, "imu/temp": 32.953529411764706, "imu/acl_y": -0.3016694091796875, "imu/acl_z": 9.191340173339842, "user/mode": "user", "cam/image_array": "378_cam-image_array_.jpg", "imu/gyr_x": -5.656488549618321, "user/angle": -0.3608508560441908, "user/throttle": 0.2653736991485336, "imu/gyr_z": 11.740458015267176}