{"imu/acl_x": 0.12449848632812499, "imu/gyr_y": -11.129770992366412, "imu/temp": 32.953529411764706, "imu/acl_y": 0.41419688720703124, "imu/acl_z": 9.519345800781249, "user/mode": "user", "cam/image_array": "533_cam-image_array_.jpg", "imu/gyr_x": -3.053435114503817, "user/angle": -0.8557084871974853, "user/throttle": 0.2857878353221229, "imu/gyr_z": 48.770992366412216}