{"imu/acl_x": 1.4006079711914061, "imu/gyr_y": 13.458015267175572, "imu/temp": 31.965294117647062, "imu/acl_y": -0.20829554443359374, "imu/acl_z": 10.967837805175781, "user/mode": "user", "cam/image_array": "1668_cam-image_array_.jpg", "imu/gyr_x": -2.427480916030534, "user/angle": 0.46391186254463335, "user/throttle": 0.2755757316812647, "imu/gyr_z": -53.541984732824424}