{"imu/acl_x": -0.3902548706054687, "imu/gyr_y": -19.541984732824428, "imu/temp": 31.965294117647062, "imu/acl_y": 2.6671406494140624, "imu/acl_z": 7.132326745605468, "user/mode": "user", "cam/image_array": "1651_cam-image_array_.jpg", "imu/gyr_x": -22.770992366412212, "user/angle": -1.0, "user/throttle": 0.2755757316812647, "imu/gyr_z": 92.7175572519084}