{"imu/acl_x": 1.5203180541992187, "imu/gyr_y": 5.0458015267175576, "imu/temp": 32.388823529411766, "imu/acl_y": 0.7015010864257812, "imu/acl_z": 10.517727893066406, "user/mode": "user", "cam/image_array": "1206_cam-image_array_.jpg", "imu/gyr_x": -5.854961832061068, "user/angle": -0.4227118747520371, "user/throttle": 0.27218176824243906, "imu/gyr_z": 10.572519083969466}