{"imu/acl_x": -0.6368576416015624, "imu/gyr_y": -1.465648854961832, "imu/temp": 31.73, "imu/acl_y": 3.287238879394531, "imu/acl_z": 9.430760339355468, "user/mode": "user", "cam/image_array": "1843_cam-image_array_.jpg", "imu/gyr_x": -34.458015267175576, "user/angle": -1.0, "user/throttle": 0.27218176824243906, "imu/gyr_z": 73.25954198473282}