{"imu/acl_x": -3.1555577880859373, "imu/gyr_y": 0.9618320610687023, "imu/temp": 33.235882352941175, "imu/acl_y": -1.4030021728515625, "imu/acl_z": 10.577582934570312, "user/mode": "user", "cam/image_array": "230_cam-image_array_.jpg", "imu/gyr_x": 9.473282442748092, "user/angle": -1.0, "user/throttle": 0.2653736991485336, "imu/gyr_z": 66.74045801526718}