{"imu/acl_x": -1.1228805786132812, "imu/gyr_y": 18.0381679389313, "imu/temp": 33.04764705882353, "imu/acl_y": 0.6727706665039062, "imu/acl_z": 10.225635290527343, "user/mode": "user", "cam/image_array": "397_cam-image_array_.jpg", "imu/gyr_x": -0.26717557251908397, "user/angle": -0.46394238105410934, "user/throttle": 0.2653736991485336, "imu/gyr_z": 26.84732824427481}