{"imu/acl_x": -1.9752163696289062, "imu/gyr_y": -11.022900763358779, "imu/temp": 32.57705882352941, "imu/acl_y": 0.05027823486328125, "imu/acl_z": 11.310208642578125, "user/mode": "user", "cam/image_array": "986_cam-image_array_.jpg", "imu/gyr_x": -3.6717557251908395, "user/angle": 1.0, "user/throttle": 0.27218176824243906, "imu/gyr_z": -78.86259541984732}