{"imu/acl_x": -1.637633935546875, "imu/gyr_y": -5.183206106870229, "imu/temp": 32.953529411764706, "imu/acl_y": -0.7230489013671875, "imu/acl_z": 8.355763793945313, "user/mode": "user", "cam/image_array": "480_cam-image_array_.jpg", "imu/gyr_x": 3.633587786259542, "user/angle": 0.0, "user/throttle": 0.2653736991485336, "imu/gyr_z": -53.81679389312977}