{"imu/acl_x": 0.5027823486328125, "imu/gyr_y": 0.3435114503816794, "imu/temp": 32.624117647058824, "imu/acl_y": 0.9504980590820312, "imu/acl_z": 12.006921325683592, "user/mode": "user", "cam/image_array": "947_cam-image_array_.jpg", "imu/gyr_x": -2.4885496183206106, "user/angle": -1.0, "user/throttle": 0.27218176824243906, "imu/gyr_z": 65.99236641221374}