{"imu/acl_x": -0.34715924072265625, "imu/gyr_y": 16.19083969465649, "imu/temp": 33.04764705882353, "imu/acl_y": 0.39983167724609375, "imu/acl_z": 9.991003527832031, "user/mode": "user", "cam/image_array": "268_cam-image_array_.jpg", "imu/gyr_x": -7.557251908396947, "user/angle": -0.49488814966277045, "user/throttle": 0.26877773369548635, "imu/gyr_z": 20.748091603053435}