{"imu/acl_x": 0.5434837768554687, "imu/gyr_y": -0.32061068702290074, "imu/temp": 32.671176470588236, "imu/acl_y": 0.488417138671875, "imu/acl_z": 11.307814440917968, "user/mode": "user", "cam/image_array": "1574_cam-image_array_.jpg", "imu/gyr_x": -1.9541984732824427, "user/angle": -1.0, "user/throttle": 0.2755757316812647, "imu/gyr_z": 75.22900763358778}