{"imu/acl_x": 1.1037269653320312, "imu/gyr_y": -3.404580152671756, "imu/temp": 33.14176470588235, "imu/acl_y": 0.48123453369140623, "imu/acl_z": 8.91840118408203, "user/mode": "user", "cam/image_array": "102_cam-image_array_.jpg", "imu/gyr_x": -5.916030534351145, "user/angle": 0.28864406262398146, "user/throttle": 0.26877773369548635, "imu/gyr_z": -7.152671755725191}