{"imu/acl_x": 1.3527239379882812, "imu/gyr_y": 11.67175572519084, "imu/temp": 32.059411764705885, "imu/acl_y": 1.5251064575195312, "imu/acl_z": 10.881646545410156, "user/mode": "user", "cam/image_array": "1520_cam-image_array_.jpg", "imu/gyr_x": -19.83969465648855, "user/angle": 0.0, "user/throttle": 0.27218176824243906, "imu/gyr_z": -2.0839694656488548}