{"imu/acl_x": -1.2473790649414063, "imu/gyr_y": 5.022900763358779, "imu/temp": 31.824117647058824, "imu/acl_y": -0.30406361083984373, "imu/acl_z": 8.932766394042968, "user/mode": "user", "cam/image_array": "1731_cam-image_array_.jpg", "imu/gyr_x": 3.595419847328244, "user/angle": 0.783501693777276, "user/throttle": 0.27218176824243906, "imu/gyr_z": -61.717557251908396}