{"imu/acl_x": -0.7206546997070312, "imu/gyr_y": -7.66412213740458, "imu/temp": 31.824117647058824, "imu/acl_y": 0.718260498046875, "imu/acl_z": 11.93270107421875, "user/mode": "user", "cam/image_array": "1796_cam-image_array_.jpg", "imu/gyr_x": -1.717557251908397, "user/angle": -0.9484847560045168, "user/throttle": 0.27218176824243906, "imu/gyr_z": 60.732824427480914}