{"imu/acl_x": -0.29927520751953124, "imu/gyr_y": 5.435114503816794, "imu/temp": 31.965294117647062, "imu/acl_y": 1.3527239379882812, "imu/acl_z": 8.001421948242188, "user/mode": "user", "cam/image_array": "1646_cam-image_array_.jpg", "imu/gyr_x": -3.6564885496183206, "user/angle": -1.0, "user/throttle": 0.2755757316812647, "imu/gyr_z": 95.21374045801527}