{"imu/acl_x": 2.91134921875, "imu/gyr_y": 34.229007633587784, "imu/temp": 32.012352941176474, "imu/acl_y": -1.216254443359375, "imu/acl_z": 9.294290844726563, "user/mode": "user", "cam/image_array": "1557_cam-image_array_.jpg", "imu/gyr_x": -1.3893129770992367, "user/angle": 0.6907254249702445, "user/throttle": 0.2755757316812647, "imu/gyr_z": -58.74045801526717}