{"imu/acl_x": 1.7573440185546874, "imu/gyr_y": 1.0763358778625953, "imu/temp": 33.00058823529412, "imu/acl_y": 0.06464344482421874, "imu/acl_z": 10.81460889892578, "user/mode": "user", "cam/image_array": "59_cam-image_array_.jpg", "imu/gyr_x": -5.557251908396947, "user/angle": -0.5670339060640278, "user/throttle": 0.27218176824243906, "imu/gyr_z": 14.977099236641221}