{"imu/acl_x": -1.2808978881835937, "imu/gyr_y": -5.648854961832061, "imu/temp": 32.953529411764706, "imu/acl_y": -0.1149216796875, "imu/acl_z": 9.117119921875, "user/mode": "user", "cam/image_array": "465_cam-image_array_.jpg", "imu/gyr_x": -0.3816793893129771, "user/angle": -1.0, "user/throttle": 0.26877773369548635, "imu/gyr_z": 68.50381679389314}