{"imu/acl_x": -1.0678139404296874, "imu/gyr_y": -3.1908396946564888, "imu/temp": 32.671176470588236, "imu/acl_y": 1.350329736328125, "imu/acl_z": 11.319785449218749, "user/mode": "user", "cam/image_array": "804_cam-image_array_.jpg", "imu/gyr_x": -3.732824427480916, "user/angle": -0.9484847560045168, "user/throttle": 0.2653736991485336, "imu/gyr_z": 37.534351145038165}