{"imu/acl_x": 1.7310078002929687, "imu/gyr_y": -1.5190839694656488, "imu/temp": 32.906470588235294, "imu/acl_y": 1.177947216796875, "imu/acl_z": 9.397241516113281, "user/mode": "user", "cam/image_array": "593_cam-image_array_.jpg", "imu/gyr_x": -5.9465648854961835, "user/angle": -0.2989898373363445, "user/throttle": 0.2619696646015809, "imu/gyr_z": 56.51145038167939}