{"imu/acl_x": 1.946485949707031, "imu/gyr_y": -6.793893129770993, "imu/temp": 31.871176470588235, "imu/acl_y": 1.4724340209960938, "imu/acl_z": 9.974244116210937, "user/mode": "user", "cam/image_array": "1579_cam-image_array_.jpg", "imu/gyr_x": -1.015267175572519, "user/angle": -1.0, "user/throttle": 0.2755757316812647, "imu/gyr_z": 84.91603053435115}