{"imu/acl_x": -1.5897499023437498, "imu/gyr_y": -18.389312977099237, "imu/temp": 33.09470588235294, "imu/acl_y": 0.9002198242187499, "imu/acl_z": 10.568006127929687, "user/mode": "user", "cam/image_array": "125_cam-image_array_.jpg", "imu/gyr_x": -6.083969465648855, "user/angle": -0.618579668568987, "user/throttle": 0.26877773369548635, "imu/gyr_z": -1.297709923664122}