{"imu/acl_x": -0.1197100830078125, "imu/gyr_y": 6.114503816793893, "imu/temp": 32.15352941176471, "imu/acl_y": -0.48123453369140623, "imu/acl_z": 10.141838232421874, "user/mode": "user", "cam/image_array": "1341_cam-image_array_.jpg", "imu/gyr_x": 4.534351145038168, "user/angle": 0.41236610003967406, "user/throttle": 0.2755757316812647, "imu/gyr_z": -0.3969465648854962}