{"imu/acl_x": 0.34715924072265625, "imu/gyr_y": -13.34351145038168, "imu/temp": 32.1064705882353, "imu/acl_y": 0.32561142578124996, "imu/acl_z": 8.20971749267578, "user/mode": "user", "cam/image_array": "1413_cam-image_array_.jpg", "imu/gyr_x": -4.816793893129771, "user/angle": -0.4742576372569964, "user/throttle": 0.2755757316812647, "imu/gyr_z": 20.709923664122137}