{"imu/acl_x": 0.36152445068359373, "imu/gyr_y": 14.17557251908397, "imu/temp": 32.20058823529412, "imu/acl_y": 1.7501614135742187, "imu/acl_z": 10.46984385986328, "user/mode": "user", "cam/image_array": "1369_cam-image_array_.jpg", "imu/gyr_x": -10.541984732824428, "user/angle": -1.0, "user/throttle": 0.2755757316812647, "imu/gyr_z": 81.74045801526718}