{"imu/acl_x": 0.7541735229492187, "imu/gyr_y": -4.885496183206107, "imu/temp": 32.20058823529412, "imu/acl_y": -0.10773907470703124, "imu/acl_z": 11.954248889160155, "user/mode": "user", "cam/image_array": "1380_cam-image_array_.jpg", "imu/gyr_x": -6.595419847328245, "user/angle": 0.8556779686880093, "user/throttle": 0.27218176824243906, "imu/gyr_z": -80.29007633587786}