{"imu/acl_x": -1.5155296508789062, "imu/gyr_y": -16.38167938931298, "imu/temp": 33.04764705882353, "imu/acl_y": 2.1619640991210938, "imu/acl_z": 12.528857287597656, "user/mode": "user", "cam/image_array": "356_cam-image_array_.jpg", "imu/gyr_x": -10.709923664122137, "user/angle": -1.0, "user/throttle": 0.26877773369548635, "imu/gyr_z": 67.41984732824427}