{"imu/acl_x": -0.6823474731445313, "imu/gyr_y": 12.526717557251908, "imu/temp": 32.24764705882353, "imu/acl_y": 1.7310078002929687, "imu/acl_z": 11.111489904785156, "user/mode": "user", "cam/image_array": "1352_cam-image_array_.jpg", "imu/gyr_x": -11.458015267175572, "user/angle": -1.0, "user/throttle": 0.2755757316812647, "imu/gyr_z": 83.69465648854961}