{"imu/acl_x": -0.239420166015625, "imu/gyr_y": 25.541984732824428, "imu/temp": 32.059411764705885, "imu/acl_y": 1.1635820068359375, "imu/acl_z": 12.057199560546874, "user/mode": "user", "cam/image_array": "1469_cam-image_array_.jpg", "imu/gyr_x": -2.0, "user/angle": -0.7732474745933409, "user/throttle": 0.2755757316812647, "imu/gyr_z": 71.23664122137404}