{"imu/acl_x": 2.310404602050781, "imu/gyr_y": -12.358778625954198, "imu/temp": 32.671176470588236, "imu/acl_y": -1.1444283935546875, "imu/acl_z": 7.752424975585937, "user/mode": "user", "cam/image_array": "828_cam-image_array_.jpg", "imu/gyr_x": -2.7938931297709924, "user/angle": 0.0, "user/throttle": 0.2755757316812647, "imu/gyr_z": -2.549618320610687}