{"imu/acl_x": -0.3232172241210937, "imu/gyr_y": -3.045801526717557, "imu/temp": 33.09470588235294, "imu/acl_y": 0.8283937744140625, "imu/acl_z": 9.112331518554686, "user/mode": "user", "cam/image_array": "179_cam-image_array_.jpg", "imu/gyr_x": 2.763358778625954, "user/angle": -0.8453932309945982, "user/throttle": 0.2653736991485336, "imu/gyr_z": 46.778625954198475}