{"imu/acl_x": -1.9656395629882812, "imu/gyr_y": -1.6564885496183206, "imu/temp": 32.29470588235294, "imu/acl_y": -0.24660277099609373, "imu/acl_z": 11.058817468261719, "user/mode": "user", "cam/image_array": "1276_cam-image_array_.jpg", "imu/gyr_x": -8.320610687022901, "user/angle": 0.0, "user/throttle": 0.2755757316812647, "imu/gyr_z": -12.778625954198473}