{"imu/acl_x": 0.5770026000976562, "imu/gyr_y": 11.236641221374045, "imu/temp": 32.85941176470588, "imu/acl_y": 1.0007762939453124, "imu/acl_z": 9.842563024902343, "user/mode": "user", "cam/image_array": "737_cam-image_array_.jpg", "imu/gyr_x": -6.022900763358779, "user/angle": -0.5154881435590686, "user/throttle": 0.2653736991485336, "imu/gyr_z": -2.7480916030534353}