{"imu/acl_x": 0.3758896606445312, "imu/gyr_y": -3.618320610687023, "imu/temp": 31.871176470588235, "imu/acl_y": 1.0726023437499999, "imu/acl_z": 12.696451403808593, "user/mode": "user", "cam/image_array": "1774_cam-image_array_.jpg", "imu/gyr_x": -4.633587786259542, "user/angle": 0.0, "user/throttle": 0.27218176824243906, "imu/gyr_z": -8.320610687022901}