{"imu/acl_x": -0.031124621582031248, "imu/gyr_y": -12.595419847328245, "imu/temp": 32.85941176470588, "imu/acl_y": -0.3064578125, "imu/acl_z": 9.421183532714844, "user/mode": "user", "cam/image_array": "491_cam-image_array_.jpg", "imu/gyr_x": -14.030534351145038, "user/angle": -0.391766106143376, "user/throttle": 0.2653736991485336, "imu/gyr_z": 23.82442748091603}