{"imu/acl_x": -0.6727706665039062, "imu/gyr_y": 8.061068702290076, "imu/temp": 32.953529411764706, "imu/acl_y": 0.26336218261718747, "imu/acl_z": 14.449007019042968, "user/mode": "user", "cam/image_array": "569_cam-image_array_.jpg", "imu/gyr_x": 1.0916030534351144, "user/angle": 0.12369151890621662, "user/throttle": 0.27218176824243906, "imu/gyr_z": -40.55725190839695}