{"imu/acl_x": 2.31758720703125, "imu/gyr_y": -0.8702290076335878, "imu/temp": 33.04764705882353, "imu/acl_y": -0.5602431884765625, "imu/acl_z": 8.032546569824218, "user/mode": "user", "cam/image_array": "379_cam-image_array_.jpg", "imu/gyr_x": 1.83206106870229, "user/angle": -0.7423017059846797, "user/throttle": 0.2653736991485336, "imu/gyr_z": 9.34351145038168}