{"imu/acl_x": 2.77727392578125, "imu/gyr_y": 4.183206106870229, "imu/temp": 32.43588235294118, "imu/acl_y": 1.1085153686523437, "imu/acl_z": 8.106766821289062, "user/mode": "user", "cam/image_array": "1114_cam-image_array_.jpg", "imu/gyr_x": -19.0381679389313, "user/angle": 0.3814508499404889, "user/throttle": 0.27218176824243906, "imu/gyr_z": -8.587786259541986}