{"imu/acl_x": -2.999934680175781, "imu/gyr_y": 11.541984732824428, "imu/temp": 32.341764705882355, "imu/acl_y": 2.068590234375, "imu/acl_z": 10.941501586914061, "user/mode": "user", "cam/image_array": "1245_cam-image_array_.jpg", "imu/gyr_x": -9.961832061068701, "user/angle": -0.8660237434003724, "user/throttle": 0.2755757316812647, "imu/gyr_z": 65.70229007633588}