{"imu/acl_x": -0.10295067138671875, "imu/gyr_y": 2.5419847328244276, "imu/temp": 32.953529411764706, "imu/acl_y": 0.9241618408203125, "imu/acl_z": 8.190563879394531, "user/mode": "user", "cam/image_array": "490_cam-image_array_.jpg", "imu/gyr_x": -6.396946564885496, "user/angle": -0.391766106143376, "user/throttle": 0.2653736991485336, "imu/gyr_z": 19.045801526717558}