{"imu/acl_x": 0.0718260498046875, "imu/gyr_y": 13.053435114503817, "imu/temp": 32.388823529411766, "imu/acl_y": 1.3239935180664062, "imu/acl_z": 8.583212951660157, "user/mode": "user", "cam/image_array": "1146_cam-image_array_.jpg", "imu/gyr_x": -5.1679389312977095, "user/angle": -0.15466780602435376, "user/throttle": 0.27218176824243906, "imu/gyr_z": 61.43511450381679}