{"imu/acl_x": 1.9009961181640624, "imu/gyr_y": 9.198473282442748, "imu/temp": 31.777058823529412, "imu/acl_y": 1.9728221679687499, "imu/acl_z": 9.576806640625, "user/mode": "user", "cam/image_array": "1816_cam-image_array_.jpg", "imu/gyr_x": -0.7480916030534351, "user/angle": -0.4845728934598834, "user/throttle": 0.27218176824243906, "imu/gyr_z": 33.717557251908396}