{"imu/acl_x": 0.6392518432617187, "imu/gyr_y": 9.748091603053435, "imu/temp": 33.14176470588235, "imu/acl_y": 0.16998831787109375, "imu/acl_z": 10.723629235839843, "user/mode": "user", "cam/image_array": "79_cam-image_array_.jpg", "imu/gyr_x": -0.15267175572519084, "user/angle": -1.0, "user/throttle": 0.27218176824243906, "imu/gyr_z": 44.969465648854964}