{"imu/acl_x": 1.1851298217773436, "imu/gyr_y": -0.6106870229007634, "imu/temp": 33.04764705882353, "imu/acl_y": -0.737414111328125, "imu/acl_z": 8.633491186523438, "user/mode": "user", "cam/image_array": "371_cam-image_array_.jpg", "imu/gyr_x": 7.00763358778626, "user/angle": -1.0, "user/throttle": 0.26877773369548635, "imu/gyr_z": 57.35114503816794}