{"imu/acl_x": 0.603338818359375, "imu/gyr_y": 10.732824427480915, "imu/temp": 33.09470588235294, "imu/acl_y": 0.6272808349609375, "imu/acl_z": 10.199299072265624, "user/mode": "user", "cam/image_array": "257_cam-image_array_.jpg", "imu/gyr_x": -13.465648854961833, "user/angle": 0.0, "user/throttle": 0.26877773369548635, "imu/gyr_z": -11.404580152671755}