{"imu/acl_x": 0.9816226806640624, "imu/gyr_y": -3.83206106870229, "imu/temp": 32.24764705882353, "imu/acl_y": 0.8355763793945312, "imu/acl_z": 10.70686982421875, "user/mode": "user", "cam/image_array": "1409_cam-image_array_.jpg", "imu/gyr_x": -0.25190839694656486, "user/angle": -0.08249153111362041, "user/throttle": 0.2755757316812647, "imu/gyr_z": 71.80916030534351}