{"imu/acl_x": 0.08140285644531249, "imu/gyr_y": 12.17557251908397, "imu/temp": 31.259411764705884, "imu/acl_y": 0.9696516723632812, "imu/acl_z": 8.497021691894531, "user/mode": "user", "cam/image_array": "1611_cam-image_array_.jpg", "imu/gyr_x": -7.259541984732825, "user/angle": -0.597979674672689, "user/throttle": 0.2755757316812647, "imu/gyr_z": 47.20610687022901}