{"imu/acl_x": 0.296881005859375, "imu/gyr_y": 11.84732824427481, "imu/temp": 33.00058823529412, "imu/acl_y": -1.4437036010742186, "imu/acl_z": 9.591171850585937, "user/mode": "user", "cam/image_array": "336_cam-image_array_.jpg", "imu/gyr_x": 5.137404580152672, "user/angle": 0.80413220618305, "user/throttle": 0.2653736991485336, "imu/gyr_z": -51.06106870229008}