{"imu/acl_x": 1.139639990234375, "imu/gyr_y": 11.206106870229007, "imu/temp": 33.09470588235294, "imu/acl_y": 1.0917559570312498, "imu/acl_z": 11.111489904785156, "user/mode": "user", "cam/image_array": "137_cam-image_array_.jpg", "imu/gyr_x": -3.7404580152671754, "user/angle": -1.0, "user/throttle": 0.26877773369548635, "imu/gyr_z": 62.29007633587786}