{"imu/acl_x": 1.1156979736328125, "imu/gyr_y": 9.404580152671755, "imu/temp": 33.04764705882353, "imu/acl_y": 0.6919242797851562, "imu/acl_z": 10.182539660644531, "user/mode": "user", "cam/image_array": "337_cam-image_array_.jpg", "imu/gyr_x": 1.2061068702290076, "user/angle": 0.793816949980163, "user/throttle": 0.2653736991485336, "imu/gyr_z": -60.13740458015267}