{"imu/acl_x": -2.750937707519531, "imu/gyr_y": -8.49618320610687, "imu/temp": 32.388823529411766, "imu/acl_y": -0.10773907470703124, "imu/acl_z": 12.686874597167968, "user/mode": "user", "cam/image_array": "1311_cam-image_array_.jpg", "imu/gyr_x": 7.290076335877862, "user/angle": 0.28864406262398146, "user/throttle": 0.2755757316812647, "imu/gyr_z": -27.061068702290076}