{"imu/acl_x": -1.7310078002929687, "imu/gyr_y": 5.267175572519084, "imu/temp": 33.04764705882353, "imu/acl_y": 0.852335791015625, "imu/acl_z": 12.878410729980468, "user/mode": "user", "cam/image_array": "153_cam-image_array_.jpg", "imu/gyr_x": -3.6259541984732824, "user/angle": -0.6392101809747612, "user/throttle": 0.26877773369548635, "imu/gyr_z": 51.0}