{"imu/acl_x": -0.09816226806640624, "imu/gyr_y": 6.641221374045801, "imu/temp": 32.624117647058824, "imu/acl_y": -0.9864110839843749, "imu/acl_z": 7.220912207031249, "user/mode": "user", "cam/image_array": "888_cam-image_array_.jpg", "imu/gyr_x": 8.50381679389313, "user/angle": -0.8453932309945982, "user/throttle": 0.2755757316812647, "imu/gyr_z": 76.14503816793894}