{"imu/acl_x": -0.12689268798828124, "imu/gyr_y": -3.0763358778625953, "imu/temp": 33.00058823529412, "imu/acl_y": 0.143652099609375, "imu/acl_z": 11.089942089843749, "user/mode": "user", "cam/image_array": "333_cam-image_array_.jpg", "imu/gyr_x": 1.2748091603053435, "user/angle": 0.4742271187475204, "user/throttle": 0.26877773369548635, "imu/gyr_z": 6.038167938931298}