{"imu/acl_x": 1.5179238525390624, "imu/gyr_y": 6.229007633587786, "imu/temp": 32.57705882352941, "imu/acl_y": 2.518700146484375, "imu/acl_z": 10.977414611816405, "user/mode": "user", "cam/image_array": "953_cam-image_array_.jpg", "imu/gyr_x": -14.82442748091603, "user/angle": -1.0, "user/throttle": 0.27218176824243906, "imu/gyr_z": 64.0}