{"imu/acl_x": -0.8978256225585937, "imu/gyr_y": 18.022900763358777, "imu/temp": 33.00058823529412, "imu/acl_y": 1.599326708984375, "imu/acl_z": 14.33887374267578, "user/mode": "user", "cam/image_array": "451_cam-image_array_.jpg", "imu/gyr_x": 0.8549618320610687, "user/angle": -1.0, "user/throttle": 0.26877773369548635, "imu/gyr_z": 72.58015267175573}