{"imu/acl_x": -1.2928688964843749, "imu/gyr_y": 0.2748091603053435, "imu/temp": 31.306470588235296, "imu/acl_y": 0.239420166015625, "imu/acl_z": 10.24718310546875, "user/mode": "user", "cam/image_array": "1634_cam-image_array_.jpg", "imu/gyr_x": -6.969465648854962, "user/angle": 0.0, "user/throttle": 0.2755757316812647, "imu/gyr_z": -8.511450381679388}