{"imu/acl_x": 0.11013327636718749, "imu/gyr_y": 3.450381679389313, "imu/temp": 33.09470588235294, "imu/acl_y": 0.9600748657226562, "imu/acl_z": 11.159373937988281, "user/mode": "user", "cam/image_array": "48_cam-image_array_.jpg", "imu/gyr_x": -1.1526717557251909, "user/angle": -0.49488814966277045, "user/throttle": 0.2585656300546282, "imu/gyr_z": 9.358778625954198}