{"imu/acl_x": 0.7302315063476562, "imu/gyr_y": -10.633587786259541, "imu/temp": 31.73, "imu/acl_y": 1.697488977050781, "imu/acl_z": 8.961496813964843, "user/mode": "user", "cam/image_array": "1794_cam-image_array_.jpg", "imu/gyr_x": -22.81679389312977, "user/angle": -0.9588000122074037, "user/throttle": 0.2755757316812647, "imu/gyr_z": 61.267175572519086}