{"imu/acl_x": -1.1133037719726562, "imu/gyr_y": -8.877862595419847, "imu/temp": 33.09470588235294, "imu/acl_y": 0.7278373046875, "imu/acl_z": 7.694964135742187, "user/mode": "user", "cam/image_array": "440_cam-image_array_.jpg", "imu/gyr_x": -9.381679389312977, "user/angle": -0.5258033997619557, "user/throttle": 0.26877773369548635, "imu/gyr_z": 21.519083969465647}