{"imu/acl_x": -0.29448680419921874, "imu/gyr_y": 3.450381679389313, "imu/temp": 33.37705882352941, "imu/acl_y": 0.22505495605468748, "imu/acl_z": 11.717222924804688, "user/mode": "user", "cam/image_array": "869_cam-image_array_.jpg", "imu/gyr_x": -6.740458015267175, "user/angle": -0.2577593310342723, "user/throttle": 0.27218176824243906, "imu/gyr_z": 26.16030534351145}