{"imu/acl_x": -0.17238251953125, "imu/gyr_y": 2.3053435114503817, "imu/temp": 32.85941176470588, "imu/acl_y": 1.5370774658203123, "imu/acl_z": 9.581595043945311, "user/mode": "user", "cam/image_array": "723_cam-image_array_.jpg", "imu/gyr_x": -6.5038167938931295, "user/angle": -0.7629322183904538, "user/throttle": 0.2653736991485336, "imu/gyr_z": 59.274809160305345}