{"imu/acl_x": 1.6065093139648436, "imu/gyr_y": 21.290076335877863, "imu/temp": 33.00058823529412, "imu/acl_y": 0.5578489868164063, "imu/acl_z": 10.156203442382813, "user/mode": "user", "cam/image_array": "67_cam-image_array_.jpg", "imu/gyr_x": 0.7709923664122137, "user/angle": -0.5773491622669149, "user/throttle": 0.27218176824243906, "imu/gyr_z": 24.557251908396946}