{"imu/acl_x": 0.4165910888671875, "imu/gyr_y": 1.4961832061068703, "imu/temp": 31.965294117647062, "imu/acl_y": -2.1499930908203124, "imu/acl_z": 11.851298217773437, "user/mode": "user", "cam/image_array": "1600_cam-image_array_.jpg", "imu/gyr_x": 2.213740458015267, "user/angle": 0.0, "user/throttle": 0.2755757316812647, "imu/gyr_z": 31.80916030534351}