{"imu/acl_x": 1.3718775512695311, "imu/gyr_y": 5.0458015267175576, "imu/temp": 33.04764705882353, "imu/acl_y": 0.19871873779296872, "imu/acl_z": 9.555258825683593, "user/mode": "user", "cam/image_array": "45_cam-image_array_.jpg", "imu/gyr_x": -6.809160305343512, "user/angle": -0.32993560594500565, "user/throttle": 0.2551716666158025, "imu/gyr_z": 4.961832061068702}