{"imu/acl_x": -0.7517793212890624, "imu/gyr_y": 12.488549618320612, "imu/temp": 32.81235294117647, "imu/acl_y": -0.5243301635742187, "imu/acl_z": 8.418013037109375, "user/mode": "user", "cam/image_array": "696_cam-image_array_.jpg", "imu/gyr_x": 2.122137404580153, "user/angle": 0.0, "user/throttle": 0.2653736991485336, "imu/gyr_z": -11.549618320610687}