{"imu/acl_x": 0.7924807495117187, "imu/gyr_y": -12.900763358778626, "imu/temp": 32.953529411764706, "imu/acl_y": 1.4125789794921875, "imu/acl_z": 10.280701928710936, "user/mode": "user", "cam/image_array": "429_cam-image_array_.jpg", "imu/gyr_x": 5.717557251908397, "user/angle": -0.2783593249305704, "user/throttle": 0.2653736991485336, "imu/gyr_z": 12.740458015267176}