{"imu/acl_x": 0.9600748657226562, "imu/gyr_y": -3.595419847328244, "imu/temp": 32.906470588235294, "imu/acl_y": 1.678335363769531, "imu/acl_z": 10.575188732910156, "user/mode": "user", "cam/image_array": "581_cam-image_array_.jpg", "imu/gyr_x": -22.870229007633586, "user/angle": -1.0, "user/throttle": 0.2619696646015809, "imu/gyr_z": 77.80152671755725}