{"imu/acl_x": -0.06943184814453125, "imu/gyr_y": 4.885496183206107, "imu/temp": 32.1064705882353, "imu/acl_y": 0.7110778930664062, "imu/acl_z": 8.863334545898438, "user/mode": "user", "cam/image_array": "1489_cam-image_array_.jpg", "imu/gyr_x": -7.015267175572519, "user/angle": 0.3917355876339, "user/throttle": 0.27218176824243906, "imu/gyr_z": -5.030534351145038}