{"imu/acl_x": -0.258573779296875, "imu/gyr_y": -5.1603053435114505, "imu/temp": 33.00058823529412, "imu/acl_y": 0.488417138671875, "imu/acl_z": 9.423577734375, "user/mode": "user", "cam/image_array": "386_cam-image_array_.jpg", "imu/gyr_x": -6.038167938931298, "user/angle": -0.5464339121677297, "user/throttle": 0.2653736991485336, "imu/gyr_z": 27.221374045801525}