{"imu/acl_x": -2.8131869506835936, "imu/gyr_y": 7.595419847328245, "imu/temp": 33.09470588235294, "imu/acl_y": -1.16837041015625, "imu/acl_z": 8.99501563720703, "user/mode": "user", "cam/image_array": "214_cam-image_array_.jpg", "imu/gyr_x": 16.458015267175572, "user/angle": 0.0, "user/throttle": 0.26877773369548635, "imu/gyr_z": -3.717557251908397}