{"imu/acl_x": 1.3910311645507811, "imu/gyr_y": 3.50381679389313, "imu/temp": 32.81235294117647, "imu/acl_y": 2.0638018310546875, "imu/acl_z": 9.512163195800781, "user/mode": "user", "cam/image_array": "729_cam-image_array_.jpg", "imu/gyr_x": -1.5190839694656488, "user/angle": -0.7629322183904538, "user/throttle": 0.2653736991485336, "imu/gyr_z": 53.045801526717554}