{"imu/acl_x": 0.8595183959960937, "imu/gyr_y": -1.8778625954198473, "imu/temp": 32.85941176470588, "imu/acl_y": 1.5418658691406248, "imu/acl_z": 9.430760339355468, "user/mode": "user", "cam/image_array": "678_cam-image_array_.jpg", "imu/gyr_x": -19.709923664122137, "user/angle": -0.783532212286752, "user/throttle": 0.2619696646015809, "imu/gyr_z": 52.274809160305345}