{"imu/acl_x": 2.379836450195312, "imu/gyr_y": 5.877862595419847, "imu/temp": 32.341764705882355, "imu/acl_y": 2.389413256835937, "imu/acl_z": 8.47786807861328, "user/mode": "user", "cam/image_array": "1208_cam-image_array_.jpg", "imu/gyr_x": -28.053435114503817, "user/angle": -0.8969389934995575, "user/throttle": 0.27218176824243906, "imu/gyr_z": 19.137404580152673}