{"imu/acl_x": -1.3192051147460937, "imu/gyr_y": -7.8396946564885495, "imu/temp": 32.624117647058824, "imu/acl_y": 1.5705962890624998, "imu/acl_z": 11.137826123046874, "user/mode": "user", "cam/image_array": "894_cam-image_array_.jpg", "imu/gyr_x": -7.580152671755725, "user/angle": -0.618579668568987, "user/throttle": 0.2755757316812647, "imu/gyr_z": 66.89312977099236}