{"imu/acl_x": -1.4030021728515625, "imu/gyr_y": -12.786259541984732, "imu/temp": 32.953529411764706, "imu/acl_y": 0.11252747802734374, "imu/acl_z": 13.91749425048828, "user/mode": "user", "cam/image_array": "457_cam-image_array_.jpg", "imu/gyr_x": -3.8931297709923665, "user/angle": -1.0, "user/throttle": 0.26877773369548635, "imu/gyr_z": 70.66412213740458}