{"imu/acl_x": -0.16519991455078123, "imu/gyr_y": 4.519083969465649, "imu/temp": 32.20058823529412, "imu/acl_y": 2.118868469238281, "imu/acl_z": 6.667851623535156, "user/mode": "user", "cam/image_array": "1365_cam-image_array_.jpg", "imu/gyr_x": -24.717557251908396, "user/angle": -1.0, "user/throttle": 0.2755757316812647, "imu/gyr_z": 80.77862595419847}