{"imu/acl_x": 0.55545478515625, "imu/gyr_y": -7.534351145038168, "imu/temp": 33.00058823529412, "imu/acl_y": 0.8667010009765624, "imu/acl_z": 8.188169677734374, "user/mode": "user", "cam/image_array": "534_cam-image_array_.jpg", "imu/gyr_x": -9.145038167938932, "user/angle": -0.8453932309945982, "user/throttle": 0.2857878353221229, "imu/gyr_z": 49.9236641221374}