{"imu/acl_x": 3.5793314819335937, "imu/gyr_y": 29.793893129770993, "imu/temp": 31.824117647058824, "imu/acl_y": 1.1659762084960936, "imu/acl_z": 7.709329345703124, "user/mode": "user", "cam/image_array": "1821_cam-image_array_.jpg", "imu/gyr_x": -7.465648854961832, "user/angle": -0.010315256202887051, "user/throttle": 0.27218176824243906, "imu/gyr_z": -6.374045801526718}