{"imu/acl_x": -0.20829554443359374, "imu/gyr_y": -4.984732824427481, "imu/temp": 32.012352941176474, "imu/acl_y": -0.8810662109374999, "imu/acl_z": 10.259154113769531, "user/mode": "user", "cam/image_array": "1631_cam-image_array_.jpg", "imu/gyr_x": 3.9618320610687023, "user/angle": 0.0, "user/throttle": 0.2755757316812647, "imu/gyr_z": -9.954198473282442}