{"imu/acl_x": -3.373430139160156, "imu/gyr_y": -3.4580152671755724, "imu/temp": 32.85941176470588, "imu/acl_y": 0.7110778930664062, "imu/acl_z": 11.291055029296874, "user/mode": "user", "cam/image_array": "684_cam-image_array_.jpg", "imu/gyr_x": -4.038167938931298, "user/angle": -1.0, "user/throttle": 0.2653736991485336, "imu/gyr_z": 59.35114503816794}