{"imu/acl_x": -0.430956298828125, "imu/gyr_y": 4.419847328244275, "imu/temp": 32.059411764705885, "imu/acl_y": 1.7501614135742187, "imu/acl_z": 11.444283935546874, "user/mode": "user", "cam/image_array": "1529_cam-image_array_.jpg", "imu/gyr_x": -2.7557251908396947, "user/angle": -0.6804406872768334, "user/throttle": 0.2755757316812647, "imu/gyr_z": 54.267175572519086}