{"imu/acl_x": -2.04943662109375, "imu/gyr_y": 8.969465648854962, "imu/temp": 32.71823529411765, "imu/acl_y": 2.710236279296875, "imu/acl_z": 12.624625354003905, "user/mode": "user", "cam/image_array": "924_cam-image_array_.jpg", "imu/gyr_x": 9.83206106870229, "user/angle": -1.0, "user/throttle": 0.27218176824243906, "imu/gyr_z": 77.58015267175573}