{"imu/acl_x": 0.5386953735351562, "imu/gyr_y": -2.4122137404580153, "imu/temp": 33.04764705882353, "imu/acl_y": -0.031124621582031248, "imu/acl_z": 11.2240173828125, "user/mode": "user", "cam/image_array": "307_cam-image_array_.jpg", "imu/gyr_x": 6.809160305343512, "user/angle": -0.8144779808954131, "user/throttle": 0.26877773369548635, "imu/gyr_z": 49.86259541984733}