{"imu/acl_x": 1.936909143066406, "imu/gyr_y": 17.84732824427481, "imu/temp": 32.388823529411766, "imu/acl_y": 0.16519991455078123, "imu/acl_z": 7.582436657714843, "user/mode": "user", "cam/image_array": "1323_cam-image_array_.jpg", "imu/gyr_x": -3.4656488549618323, "user/angle": -0.6804406872768334, "user/throttle": 0.2755757316812647, "imu/gyr_z": 32.221374045801525}