{"imu/acl_x": -0.5219359619140624, "imu/gyr_y": -6.33587786259542, "imu/temp": 33.04764705882353, "imu/acl_y": -1.9728221679687499, "imu/acl_z": 8.022969763183593, "user/mode": "user", "cam/image_array": "345_cam-image_array_.jpg", "imu/gyr_x": 1.4351145038167938, "user/angle": 0.6907254249702445, "user/throttle": 0.26877773369548635, "imu/gyr_z": -62.06106870229008}