{"imu/acl_x": 1.7717092285156248, "imu/gyr_y": 24.977099236641223, "imu/temp": 31.965294117647062, "imu/acl_y": 2.0278888061523435, "imu/acl_z": 10.1131078125, "user/mode": "user", "cam/image_array": "1590_cam-image_array_.jpg", "imu/gyr_x": -17.435114503816795, "user/angle": -1.0, "user/throttle": 0.2755757316812647, "imu/gyr_z": 83.03053435114504}