{"imu/acl_x": -1.2808978881835937, "imu/gyr_y": 5.33587786259542, "imu/temp": 33.04764705882353, "imu/acl_y": 0.5195417602539062, "imu/acl_z": 8.82263311767578, "user/mode": "user", "cam/image_array": "456_cam-image_array_.jpg", "imu/gyr_x": -4.5038167938931295, "user/angle": -1.0, "user/throttle": 0.26877773369548635, "imu/gyr_z": 67.41221374045801}