{"imu/acl_x": 0.40462008056640625, "imu/gyr_y": -4.694656488549619, "imu/temp": 33.04764705882353, "imu/acl_y": -1.0462661254882812, "imu/acl_z": 10.357316381835936, "user/mode": "user", "cam/image_array": "106_cam-image_array_.jpg", "imu/gyr_x": 0.030534351145038167, "user/angle": 0.6598101748710593, "user/throttle": 0.26877773369548635, "imu/gyr_z": -33.396946564885496}