{"imu/acl_x": -1.5370774658203123, "imu/gyr_y": -1.534351145038168, "imu/temp": 31.91823529411765, "imu/acl_y": 0.6703764648437499, "imu/acl_z": 9.196128576660156, "user/mode": "user", "cam/image_array": "1618_cam-image_array_.jpg", "imu/gyr_x": 0.007633587786259542, "user/angle": -0.7319864497817926, "user/throttle": 0.2755757316812647, "imu/gyr_z": 58.76335877862596}