{"imu/acl_x": -1.0534487304687499, "imu/gyr_y": 12.84732824427481, "imu/temp": 33.04764705882353, "imu/acl_y": -0.20829554443359374, "imu/acl_z": 10.002974536132811, "user/mode": "user", "cam/image_array": "277_cam-image_array_.jpg", "imu/gyr_x": 8.618320610687023, "user/angle": -0.8350779747917112, "user/throttle": 0.26877773369548635, "imu/gyr_z": 56.900763358778626}