{"imu/acl_x": -0.02154781494140625, "imu/gyr_y": -11.0, "imu/temp": 31.965294117647062, "imu/acl_y": -0.74699091796875, "imu/acl_z": 7.838616235351562, "user/mode": "user", "cam/image_array": "1676_cam-image_array_.jpg", "imu/gyr_x": -1.4885496183206106, "user/angle": -0.597979674672689, "user/throttle": 0.2755757316812647, "imu/gyr_z": 7.816793893129771}