{"imu/acl_x": 0.9648632690429687, "imu/gyr_y": 2.1603053435114505, "imu/temp": 33.18882352941176, "imu/acl_y": 1.2330138549804688, "imu/acl_z": 10.66137999267578, "user/mode": "user", "cam/image_array": "303_cam-image_array_.jpg", "imu/gyr_x": 0.549618320610687, "user/angle": -0.7217017120883816, "user/throttle": 0.26877773369548635, "imu/gyr_z": 47.70229007633588}