{"imu/acl_x": 0.6679822631835937, "imu/gyr_y": -0.6870229007633588, "imu/temp": 31.68294117647059, "imu/acl_y": 2.5474305664062498, "imu/acl_z": 9.919177478027343, "user/mode": "user", "cam/image_array": "1839_cam-image_array_.jpg", "imu/gyr_x": 11.030534351145038, "user/angle": -1.0, "user/throttle": 0.27218176824243906, "imu/gyr_z": 83.04580152671755}