{"imu/acl_x": 1.350329736328125, "imu/gyr_y": 13.007633587786259, "imu/temp": 32.48294117647059, "imu/acl_y": 0.9576806640625, "imu/acl_z": 9.102754711914063, "user/mode": "user", "cam/image_array": "1027_cam-image_array_.jpg", "imu/gyr_x": -7.244274809160306, "user/angle": -0.8660237434003724, "user/throttle": 0.27218176824243906, "imu/gyr_z": 52.61832061068702}