{"imu/acl_x": -1.687912170410156, "imu/gyr_y": 0.8778625954198473, "imu/temp": 33.00058823529412, "imu/acl_y": 0.4955997436523437, "imu/acl_z": 11.877634436035155, "user/mode": "user", "cam/image_array": "49_cam-image_array_.jpg", "imu/gyr_x": 1.7099236641221374, "user/angle": -0.5567186498611408, "user/throttle": 0.2551716666158025, "imu/gyr_z": 9.16793893129771}