{"imu/acl_x": 3.380612744140625, "imu/gyr_y": 22.053435114503817, "imu/temp": 32.906470588235294, "imu/acl_y": 2.1595698974609374, "imu/acl_z": 10.443507641601562, "user/mode": "user", "cam/image_array": "552_cam-image_array_.jpg", "imu/gyr_x": 1.6717557251908397, "user/angle": -1.0, "user/throttle": 0.28238380077517017, "imu/gyr_z": 71.58015267175573}