{"imu/acl_x": -0.5363011718749999, "imu/gyr_y": 6.488549618320611, "imu/temp": 32.85941176470588, "imu/acl_y": 0.4213794921875, "imu/acl_z": 11.173739147949219, "user/mode": "user", "cam/image_array": "598_cam-image_array_.jpg", "imu/gyr_x": -1.9312977099236641, "user/angle": -0.5567186498611408, "user/throttle": 0.2619696646015809, "imu/gyr_z": 9.572519083969466}