{"imu/acl_x": 0.6607996582031249, "imu/gyr_y": -16.81679389312977, "imu/temp": 32.059411764705885, "imu/acl_y": 0.5865794067382812, "imu/acl_z": 10.793061083984375, "user/mode": "user", "cam/image_array": "1463_cam-image_array_.jpg", "imu/gyr_x": -2.6564885496183206, "user/angle": -0.6804406872768334, "user/throttle": 0.2755757316812647, "imu/gyr_z": 18.541984732824428}