{"imu/acl_x": 3.1938650146484373, "imu/gyr_y": 2.66412213740458, "imu/temp": 32.906470588235294, "imu/acl_y": -0.11731588134765625, "imu/acl_z": 8.616731774902343, "user/mode": "user", "cam/image_array": "16_cam-image_array_.jpg", "imu/gyr_x": -11.068702290076336, "user/angle": 0.0, "user/throttle": 0.30960600604266486, "imu/gyr_z": -2.0076335877862594}