{"imu/acl_x": 0.8738836059570312, "imu/gyr_y": 15.687022900763358, "imu/temp": 32.953529411764706, "imu/acl_y": 1.3766659545898436, "imu/acl_z": 10.05564697265625, "user/mode": "user", "cam/image_array": "608_cam-image_array_.jpg", "imu/gyr_x": -21.282442748091604, "user/angle": -0.7526169621875668, "user/throttle": 0.2619696646015809, "imu/gyr_z": 42.091603053435115}