{"imu/acl_x": -0.5410895751953124, "imu/gyr_y": 6.541984732824427, "imu/temp": 33.04764705882353, "imu/acl_y": 0.5602431884765625, "imu/acl_z": 10.465055456542968, "user/mode": "user", "cam/image_array": "520_cam-image_array_.jpg", "imu/gyr_x": -2.7022900763358777, "user/angle": -0.618579668568987, "user/throttle": 0.2551716666158025, "imu/gyr_z": 20.19083969465649}