{"imu/acl_x": 0.086191259765625, "imu/gyr_y": -0.10687022900763359, "imu/temp": 32.341764705882355, "imu/acl_y": 0.028730419921875, "imu/acl_z": 9.634267480468749, "user/mode": "user", "cam/image_array": "1156_cam-image_array_.jpg", "imu/gyr_x": 4.648854961832061, "user/angle": -0.8350779747917112, "user/throttle": 0.27218176824243906, "imu/gyr_z": 29.893129770992367}