{"imu/acl_x": -1.6136919189453125, "imu/gyr_y": -5.198473282442748, "imu/temp": 32.81235294117647, "imu/acl_y": 0.00239420166015625, "imu/acl_z": 9.892841259765625, "user/mode": "user", "cam/image_array": "855_cam-image_array_.jpg", "imu/gyr_x": -3.549618320610687, "user/angle": 0.0, "user/throttle": 0.2755757316812647, "imu/gyr_z": 9.351145038167939}