{"imu/acl_x": 0.5123591552734374, "imu/gyr_y": 4.221374045801527, "imu/temp": 32.76529411764706, "imu/acl_y": 1.4796166259765624, "imu/acl_z": 8.738836059570312, "user/mode": "user", "cam/image_array": "767_cam-image_array_.jpg", "imu/gyr_x": -10.86259541984733, "user/angle": -1.0, "user/throttle": 0.2653736991485336, "imu/gyr_z": 63.83969465648855}