{"imu/acl_x": 0.32561142578124996, "imu/gyr_y": -1.6564885496183206, "imu/temp": 32.953529411764706, "imu/acl_y": 0.5722141967773438, "imu/acl_z": 10.532093103027343, "user/mode": "user", "cam/image_array": "68_cam-image_array_.jpg", "imu/gyr_x": -3.2748091603053435, "user/angle": -0.6288949247718741, "user/throttle": 0.27218176824243906, "imu/gyr_z": 23.412213740458014}