{"imu/acl_x": -0.37828386230468747, "imu/gyr_y": -9.534351145038167, "imu/temp": 32.53, "imu/acl_y": -1.5203180541992187, "imu/acl_z": 12.713210815429687, "user/mode": "user", "cam/image_array": "1032_cam-image_array_.jpg", "imu/gyr_x": 3.122137404580153, "user/angle": -0.8660237434003724, "user/throttle": 0.27218176824243906, "imu/gyr_z": 55.17557251908397}