{"imu/acl_x": -1.5753846923828123, "imu/gyr_y": 9.65648854961832, "imu/temp": 32.624117647058824, "imu/acl_y": 0.35673604736328124, "imu/acl_z": 13.213598962402344, "user/mode": "user", "cam/image_array": "931_cam-image_array_.jpg", "imu/gyr_x": 0.8015267175572519, "user/angle": 0.0, "user/throttle": 0.27218176824243906, "imu/gyr_z": 60.458015267175576}