{"imu/acl_x": 0.7852981445312499, "imu/gyr_y": 8.15267175572519, "imu/temp": 32.341764705882355, "imu/acl_y": 0.28969840087890625, "imu/acl_z": 9.76116016845703, "user/mode": "user", "cam/image_array": "1286_cam-image_array_.jpg", "imu/gyr_x": 2.7786259541984735, "user/angle": -0.9175695059053316, "user/throttle": 0.2755757316812647, "imu/gyr_z": 61.916030534351144}