{"imu/acl_x": -1.9871873779296874, "imu/gyr_y": 5.1603053435114505, "imu/temp": 32.29470588235294, "imu/acl_y": -0.08858546142578125, "imu/acl_z": 6.835445739746094, "user/mode": "user", "cam/image_array": "1277_cam-image_array_.jpg", "imu/gyr_x": -8.854961832061068, "user/angle": -0.09280678731650746, "user/throttle": 0.2755757316812647, "imu/gyr_z": -11.877862595419847}