{"imu/acl_x": -0.4261678955078125, "imu/gyr_y": 2.786259541984733, "imu/temp": 33.00058823529412, "imu/acl_y": 1.8339584716796873, "imu/acl_z": 9.320627062988281, "user/mode": "user", "cam/image_array": "532_cam-image_array_.jpg", "imu/gyr_x": -1.9618320610687023, "user/angle": -0.8557084871974853, "user/throttle": 0.2857878353221229, "imu/gyr_z": 49.76335877862596}