{"imu/acl_x": -0.07900865478515624, "imu/gyr_y": 12.793893129770993, "imu/temp": 31.777058823529412, "imu/acl_y": -0.1484405029296875, "imu/acl_z": 11.44667813720703, "user/mode": "user", "cam/image_array": "1793_cam-image_array_.jpg", "imu/gyr_x": 9.885496183206106, "user/angle": -0.9588000122074037, "user/throttle": 0.27218176824243906, "imu/gyr_z": 60.656488549618324}