{"imu/acl_x": 5.293579870605469, "imu/gyr_y": 6.4961832061068705, "imu/temp": 32.76529411764706, "imu/acl_y": 0.29927520751953124, "imu/acl_z": 10.922347973632812, "user/mode": "user", "cam/image_array": "711_cam-image_array_.jpg", "imu/gyr_x": 3.030534351145038, "user/angle": -0.28867458113345745, "user/throttle": 0.2653736991485336, "imu/gyr_z": 16.625954198473284}