{"imu/acl_x": -0.19153613281249998, "imu/gyr_y": -0.7786259541984732, "imu/temp": 33.00058823529412, "imu/acl_y": 0.4740519287109375, "imu/acl_z": 8.33182177734375, "user/mode": "user", "cam/image_array": "553_cam-image_array_.jpg", "imu/gyr_x": -9.557251908396946, "user/angle": -1.0, "user/throttle": 0.28238380077517017, "imu/gyr_z": 81.29770992366412}