{"imu/acl_x": -1.915361328125, "imu/gyr_y": -6.190839694656488, "imu/temp": 31.871176470588235, "imu/acl_y": -1.1540052001953125, "imu/acl_z": 7.9655089233398435, "user/mode": "user", "cam/image_array": "1729_cam-image_array_.jpg", "imu/gyr_x": -9.091603053435115, "user/angle": 0.6494949186681722, "user/throttle": 0.27218176824243906, "imu/gyr_z": -37.86259541984733}