{"imu/acl_x": 0.7541735229492187, "imu/gyr_y": 3.8244274809160306, "imu/temp": 33.00058823529412, "imu/acl_y": 0.5027823486328125, "imu/acl_z": 7.970297326660156, "user/mode": "user", "cam/image_array": "387_cam-image_array_.jpg", "imu/gyr_x": -11.549618320610687, "user/angle": -0.6804406872768334, "user/throttle": 0.2653736991485336, "imu/gyr_z": 30.603053435114504}