{"imu/acl_x": -0.45010991210937495, "imu/gyr_y": -5.465648854961832, "imu/temp": 32.671176470588236, "imu/acl_y": 0.10295067138671875, "imu/acl_z": 9.141061938476563, "user/mode": "user", "cam/image_array": "891_cam-image_array_.jpg", "imu/gyr_x": -7.687022900763359, "user/angle": -0.8247932370983001, "user/throttle": 0.27218176824243906, "imu/gyr_z": 74.00763358778626}