{"imu/acl_x": -1.3096283081054687, "imu/gyr_y": 17.221374045801525, "imu/temp": 32.953529411764706, "imu/acl_y": -0.679953271484375, "imu/acl_z": 9.437942944335937, "user/mode": "user", "cam/image_array": "473_cam-image_array_.jpg", "imu/gyr_x": -0.030534351145038167, "user/angle": 0.41236610003967406, "user/throttle": 0.2653736991485336, "imu/gyr_z": -7.259541984732825}