{"imu/acl_x": 3.574543078613281, "imu/gyr_y": 13.389312977099237, "imu/temp": 32.29470588235294, "imu/acl_y": 0.5578489868164063, "imu/acl_z": 9.069235888671875, "user/mode": "user", "cam/image_array": "1287_cam-image_array_.jpg", "imu/gyr_x": -12.84732824427481, "user/angle": -0.9794305246131779, "user/throttle": 0.2755757316812647, "imu/gyr_z": 83.42748091603053}