{"imu/acl_x": -1.0678139404296874, "imu/gyr_y": -9.65648854961832, "imu/temp": 33.09470588235294, "imu/acl_y": -0.3950432739257812, "imu/acl_z": 11.02529864501953, "user/mode": "user", "cam/image_array": "143_cam-image_array_.jpg", "imu/gyr_x": 5.511450381679389, "user/angle": -1.0, "user/throttle": 0.27218176824243906, "imu/gyr_z": 60.12213740458015}