{"imu/acl_x": -3.4165257690429685, "imu/gyr_y": -3.595419847328244, "imu/temp": 32.624117647058824, "imu/acl_y": 0.239420166015625, "imu/acl_z": 9.873687646484374, "user/mode": "user", "cam/image_array": "907_cam-image_array_.jpg", "imu/gyr_x": 6.709923664122138, "user/angle": 0.5051423688467055, "user/throttle": 0.27218176824243906, "imu/gyr_z": -64.10687022900764}