{"imu/acl_x": 0.8714894042968749, "imu/gyr_y": 3.2061068702290076, "imu/temp": 32.341764705882355, "imu/acl_y": 1.3479355346679687, "imu/acl_z": 8.540117321777343, "user/mode": "user", "cam/image_array": "1251_cam-image_array_.jpg", "imu/gyr_x": -3.3969465648854964, "user/angle": 0.0, "user/throttle": 0.2755757316812647, "imu/gyr_z": -3.045801526717557}