{"imu/acl_x": 3.2704794677734372, "imu/gyr_y": 20.18320610687023, "imu/temp": 32.81235294117647, "imu/acl_y": 1.2138602416992186, "imu/acl_z": 7.244854223632812, "user/mode": "user", "cam/image_array": "703_cam-image_array_.jpg", "imu/gyr_x": -8.297709923664122, "user/angle": -0.15466780602435376, "user/throttle": 0.2653736991485336, "imu/gyr_z": -7.893129770992366}