{"imu/acl_x": 3.5146880371093747, "imu/gyr_y": 11.335877862595419, "imu/temp": 31.777058823529412, "imu/acl_y": -0.40462008056640625, "imu/acl_z": 7.888894470214844, "user/mode": "user", "cam/image_array": "1807_cam-image_array_.jpg", "imu/gyr_x": -0.8549618320610687, "user/angle": 0.0, "user/throttle": 0.27218176824243906, "imu/gyr_z": -9.122137404580153}