{"imu/acl_x": 0.9600748657226562, "imu/gyr_y": 11.49618320610687, "imu/temp": 32.81235294117647, "imu/acl_y": 0.9840168823242187, "imu/acl_z": 9.907206469726562, "user/mode": "user", "cam/image_array": "712_cam-image_array_.jpg", "imu/gyr_x": -8.80916030534351, "user/angle": -0.28867458113345745, "user/throttle": 0.2653736991485336, "imu/gyr_z": 12.335877862595419}