{"imu/acl_x": -0.7302315063476562, "imu/gyr_y": -1.3129770992366412, "imu/temp": 32.953529411764706, "imu/acl_y": -0.3447650390625, "imu/acl_z": 10.807426293945312, "user/mode": "user", "cam/image_array": "12_cam-image_array_.jpg", "imu/gyr_x": 0.22137404580152673, "user/angle": 0.0, "user/throttle": 0.33, "imu/gyr_z": -1.3053435114503817}