{"imu/acl_x": -1.6256629272460936, "imu/gyr_y": 27.35114503816794, "imu/temp": 32.1064705882353, "imu/acl_y": 0.3447650390625, "imu/acl_z": 10.862492932128905, "user/mode": "user", "cam/image_array": "1405_cam-image_array_.jpg", "imu/gyr_x": 0.7709923664122137, "user/angle": -1.0, "user/throttle": 0.2755757316812647, "imu/gyr_z": 81.42748091603053}