{"imu/acl_x": 2.3056161987304686, "imu/gyr_y": 7.152671755725191, "imu/temp": 33.04764705882353, "imu/acl_y": -1.0558429321289062, "imu/acl_z": 10.687716210937499, "user/mode": "user", "cam/image_array": "72_cam-image_array_.jpg", "imu/gyr_x": 5.587786259541985, "user/angle": -1.0, "user/throttle": 0.27218176824243906, "imu/gyr_z": 33.80152671755725}