{"imu/acl_x": 0.02154781494140625, "imu/gyr_y": -1.9923664122137406, "imu/temp": 32.15352941176471, "imu/acl_y": -0.16759411621093748, "imu/acl_z": 10.572794531249999, "user/mode": "user", "cam/image_array": "1451_cam-image_array_.jpg", "imu/gyr_x": 7.931297709923665, "user/angle": -0.37116611224707785, "user/throttle": 0.2755757316812647, "imu/gyr_z": 29.938931297709924}