{"imu/acl_x": 1.0414777221679687, "imu/gyr_y": 8.534351145038167, "imu/temp": 32.43588235294118, "imu/acl_y": 0.016759411621093748, "imu/acl_z": 10.563217724609375, "user/mode": "user", "cam/image_array": "1201_cam-image_array_.jpg", "imu/gyr_x": 3.519083969465649, "user/angle": 0.0, "user/throttle": 0.27218176824243906, "imu/gyr_z": -73.31297709923665}