{"imu/acl_x": 0.35194764404296874, "imu/gyr_y": 0.08396946564885496, "imu/temp": 32.671176470588236, "imu/acl_y": 0.22505495605468748, "imu/acl_z": 10.402806213378906, "user/mode": "user", "cam/image_array": "939_cam-image_array_.jpg", "imu/gyr_x": -8.51908396946565, "user/angle": 0.28864406262398146, "user/throttle": 0.27218176824243906, "imu/gyr_z": -28.03053435114504}