{"imu/acl_x": 2.7964275390625, "imu/gyr_y": -2.114503816793893, "imu/temp": 32.53, "imu/acl_y": -1.1348515869140625, "imu/acl_z": 13.936647863769531, "user/mode": "user", "cam/image_array": "1047_cam-image_array_.jpg", "imu/gyr_x": 7.2748091603053435, "user/angle": -0.6288949247718741, "user/throttle": 0.27218176824243906, "imu/gyr_z": 0.5190839694656488}