{"imu/acl_x": -0.2753331909179687, "imu/gyr_y": 4.824427480916031, "imu/temp": 32.341764705882355, "imu/acl_y": 0.8259995727539062, "imu/acl_z": 9.56962403564453, "user/mode": "user", "cam/image_array": "1247_cam-image_array_.jpg", "imu/gyr_x": 7.7251908396946565, "user/angle": -0.45362712485122225, "user/throttle": 0.2755757316812647, "imu/gyr_z": 64.80152671755725}