{"imu/acl_x": -2.588131994628906, "imu/gyr_y": -15.259541984732824, "imu/temp": 32.57705882352941, "imu/acl_y": -0.8858546142578124, "imu/acl_z": 11.947066284179687, "user/mode": "user", "cam/image_array": "989_cam-image_array_.jpg", "imu/gyr_x": -0.4732824427480916, "user/angle": 0.9587694936979277, "user/throttle": 0.27218176824243906, "imu/gyr_z": -85.91603053435115}