{"imu/acl_x": -1.2018892333984375, "imu/gyr_y": 15.587786259541986, "imu/temp": 32.57705882352941, "imu/acl_y": 1.6328455322265625, "imu/acl_z": 8.767566479492187, "user/mode": "user", "cam/image_array": "955_cam-image_array_.jpg", "imu/gyr_x": 1.4122137404580153, "user/angle": -1.0, "user/throttle": 0.27218176824243906, "imu/gyr_z": 67.83969465648855}