{"imu/acl_x": -1.2808978881835937, "imu/gyr_y": -9.816793893129772, "imu/temp": 33.09470588235294, "imu/acl_y": 0.38786066894531246, "imu/acl_z": 9.655815295410155, "user/mode": "user", "cam/image_array": "222_cam-image_array_.jpg", "imu/gyr_x": -11.312977099236642, "user/angle": -0.5361186559648426, "user/throttle": 0.26877773369548635, "imu/gyr_z": 27.916030534351144}