{"imu/acl_x": 2.9496564453125, "imu/gyr_y": 11.305343511450381, "imu/temp": 33.14176470588235, "imu/acl_y": 2.2768857788085937, "imu/acl_z": 10.900800158691405, "user/mode": "user", "cam/image_array": "289_cam-image_array_.jpg", "imu/gyr_x": -9.625954198473282, "user/angle": 0.0, "user/throttle": 0.2653736991485336, "imu/gyr_z": 3.50381679389313}