{"imu/acl_x": -0.25139117431640623, "imu/gyr_y": 20.389312977099237, "imu/temp": 32.624117647058824, "imu/acl_y": -0.39983167724609375, "imu/acl_z": 8.951920007324219, "user/mode": "user", "cam/image_array": "977_cam-image_array_.jpg", "imu/gyr_x": 0.8091603053435115, "user/angle": 0.3092745750297555, "user/throttle": 0.27218176824243906, "imu/gyr_z": -14.816793893129772}