{"imu/acl_x": 0.2346317626953125, "imu/gyr_y": 17.16030534351145, "imu/temp": 32.29470588235294, "imu/acl_y": 0.737414111328125, "imu/acl_z": 9.172186560058593, "user/mode": "user", "cam/image_array": "1362_cam-image_array_.jpg", "imu/gyr_x": -9.297709923664122, "user/angle": -1.0, "user/throttle": 0.2755757316812647, "imu/gyr_z": 82.12213740458016}