{"imu/acl_x": -1.2761094848632812, "imu/gyr_y": 3.1068702290076335, "imu/temp": 32.059411764705885, "imu/acl_y": 0.24899697265624998, "imu/acl_z": 10.888829150390624, "user/mode": "user", "cam/image_array": "1460_cam-image_array_.jpg", "imu/gyr_x": 2.7022900763358777, "user/angle": -0.195898312326426, "user/throttle": 0.2755757316812647, "imu/gyr_z": -10.854961832061068}