{"imu/acl_x": -1.0606313354492187, "imu/gyr_y": -5.198473282442748, "imu/temp": 33.04764705882353, "imu/acl_y": -0.737414111328125, "imu/acl_z": 11.882422839355469, "user/mode": "user", "cam/image_array": "565_cam-image_array_.jpg", "imu/gyr_x": 7.916030534351145, "user/angle": 0.4742271187475204, "user/throttle": 0.27218176824243906, "imu/gyr_z": -74.38167938931298}