{"imu/acl_x": -1.3934253662109375, "imu/gyr_y": -4.099236641221374, "imu/temp": 32.76529411764706, "imu/acl_y": 2.051830822753906, "imu/acl_z": 11.434707128906249, "user/mode": "user", "cam/image_array": "643_cam-image_array_.jpg", "imu/gyr_x": -3.0916030534351147, "user/angle": -0.5876644184698019, "user/throttle": 0.2619696646015809, "imu/gyr_z": 23.96946564885496}