{"imu/acl_x": 0.718260498046875, "imu/gyr_y": -4.106870229007634, "imu/temp": 32.71823529411765, "imu/acl_y": 1.4628572143554686, "imu/acl_z": 9.706093530273437, "user/mode": "user", "cam/image_array": "1583_cam-image_array_.jpg", "imu/gyr_x": -8.992366412213741, "user/angle": -1.0, "user/throttle": 0.2755757316812647, "imu/gyr_z": 78.22900763358778}