{"imu/acl_x": 0.076614453125, "imu/gyr_y": -9.694656488549619, "imu/temp": 33.00058823529412, "imu/acl_y": 1.1444283935546875, "imu/acl_z": 10.884040747070312, "user/mode": "user", "cam/image_array": "306_cam-image_array_.jpg", "imu/gyr_x": -5.33587786259542, "user/angle": -0.7938474684896389, "user/throttle": 0.26877773369548635, "imu/gyr_z": 49.83969465648855}