{"imu/acl_x": -1.448492004394531, "imu/gyr_y": -13.65648854961832, "imu/temp": 32.24764705882353, "imu/acl_y": 1.2785036865234374, "imu/acl_z": 9.622296472167967, "user/mode": "user", "cam/image_array": "1300_cam-image_array_.jpg", "imu/gyr_x": -4.519083969465649, "user/angle": -0.9588000122074037, "user/throttle": 0.2755757316812647, "imu/gyr_z": 84.82442748091603}