{"imu/acl_x": 0.5386953735351562, "imu/gyr_y": -7.541984732824427, "imu/temp": 33.00058823529412, "imu/acl_y": 1.1851298217773436, "imu/acl_z": 7.307103466796875, "user/mode": "user", "cam/image_array": "360_cam-image_array_.jpg", "imu/gyr_x": -13.32824427480916, "user/angle": -1.0, "user/throttle": 0.26877773369548635, "imu/gyr_z": 64.99236641221374}