{"imu/acl_x": -0.8020575561523438, "imu/gyr_y": -14.312977099236642, "imu/temp": 32.388823529411766, "imu/acl_y": -0.5458779785156249, "imu/acl_z": 9.715670336914062, "user/mode": "user", "cam/image_array": "1197_cam-image_array_.jpg", "imu/gyr_x": -6.022900763358779, "user/angle": 0.9897152623065889, "user/throttle": 0.26877773369548635, "imu/gyr_z": -75.1145038167939}