{"imu/acl_x": -0.28730419921875, "imu/gyr_y": -9.732824427480915, "imu/temp": 33.04764705882353, "imu/acl_y": 0.469263525390625, "imu/acl_z": 10.249577307128906, "user/mode": "user", "cam/image_array": "78_cam-image_array_.jpg", "imu/gyr_x": -6.435114503816794, "user/angle": -1.0, "user/throttle": 0.27218176824243906, "imu/gyr_z": 49.396946564885496}