{"imu/acl_x": -0.3495534423828125, "imu/gyr_y": -1.9618320610687023, "imu/temp": 33.04764705882353, "imu/acl_y": 1.0869675537109373, "imu/acl_z": 10.967837805175781, "user/mode": "user", "cam/image_array": "396_cam-image_array_.jpg", "imu/gyr_x": -1.3358778625954197, "user/angle": -0.46394238105410934, "user/throttle": 0.26877773369548635, "imu/gyr_z": 30.717557251908396}