{"imu/acl_x": -0.9002198242187499, "imu/gyr_y": 1.3358778625954197, "imu/temp": 31.777058823529412, "imu/acl_y": 0.5003881469726562, "imu/acl_z": 10.900800158691405, "user/mode": "user", "cam/image_array": "1815_cam-image_array_.jpg", "imu/gyr_x": 5.748091603053435, "user/angle": -0.5567186498611408, "user/throttle": 0.27218176824243906, "imu/gyr_z": 33.48091603053435}