{"imu/acl_x": 1.2306196533203124, "imu/gyr_y": -7.732824427480916, "imu/temp": 31.871176470588235, "imu/acl_y": 0.5985504150390625, "imu/acl_z": 8.262389929199218, "user/mode": "user", "cam/image_array": "1626_cam-image_array_.jpg", "imu/gyr_x": -15.916030534351146, "user/angle": 0.0, "user/throttle": 0.2755757316812647, "imu/gyr_z": 38.36641221374046}