{"imu/acl_x": -0.689530078125, "imu/gyr_y": -23.068702290076335, "imu/temp": 33.00058823529412, "imu/acl_y": 1.4628572143554686, "imu/acl_z": 10.225635290527343, "user/mode": "user", "cam/image_array": "352_cam-image_array_.jpg", "imu/gyr_x": -6.1603053435114505, "user/angle": -0.8247932370983001, "user/throttle": 0.26877773369548635, "imu/gyr_z": -17.458015267175572}