{"imu/acl_x": -0.22744915771484372, "imu/gyr_y": 3.381679389312977, "imu/temp": 33.09470588235294, "imu/acl_y": -0.6919242797851562, "imu/acl_z": 9.327809667968749, "user/mode": "user", "cam/image_array": "416_cam-image_array_.jpg", "imu/gyr_x": 5.465648854961832, "user/angle": 0.0, "user/throttle": 0.26877773369548635, "imu/gyr_z": -3.854961832061069}