{"imu/acl_x": 2.3582886352539063, "imu/gyr_y": 18.48854961832061, "imu/temp": 31.871176470588235, "imu/acl_y": -0.3758896606445312, "imu/acl_z": 5.516240625, "user/mode": "user", "cam/image_array": "1684_cam-image_array_.jpg", "imu/gyr_x": 14.709923664122137, "user/angle": -0.7938474684896389, "user/throttle": 0.2755757316812647, "imu/gyr_z": 72.62595419847328}