{"imu/acl_x": 0.15322890625, "imu/gyr_y": 5.717557251908397, "imu/temp": 32.012352941176474, "imu/acl_y": -0.18435352783203124, "imu/acl_z": 9.215282189941405, "user/mode": "user", "cam/image_array": "800_cam-image_array_.jpg", "imu/gyr_x": -5.0458015267175576, "user/angle": -0.6082949308755761, "user/throttle": 0.2619696646015809, "imu/gyr_z": 42.42748091603053}