{"imu/acl_x": -0.9241618408203125, "imu/gyr_y": 11.732824427480915, "imu/temp": 31.965294117647062, "imu/acl_y": -1.2114660400390624, "imu/acl_z": 8.966285217285156, "user/mode": "user", "cam/image_array": "1604_cam-image_array_.jpg", "imu/gyr_x": 8.938931297709924, "user/angle": 0.0, "user/throttle": 0.27218176824243906, "imu/gyr_z": -9.870229007633588}