{"imu/acl_x": -0.603338818359375, "imu/gyr_y": -4.396946564885496, "imu/temp": 33.00058823529412, "imu/acl_y": 0.9504980590820312, "imu/acl_z": 10.357316381835936, "user/mode": "user", "cam/image_array": "127_cam-image_array_.jpg", "imu/gyr_x": 11.709923664122137, "user/angle": -0.7629322183904538, "user/throttle": 0.26877773369548635, "imu/gyr_z": 34.282442748091604}