{"imu/acl_x": -0.9169792358398436, "imu/gyr_y": -12.34351145038168, "imu/temp": 32.48294117647059, "imu/acl_y": 0.5147533569335937, "imu/acl_z": 10.496180078124999, "user/mode": "user", "cam/image_array": "1056_cam-image_array_.jpg", "imu/gyr_x": -10.83206106870229, "user/angle": -0.6288949247718741, "user/throttle": 0.27218176824243906, "imu/gyr_z": 43.83969465648855}