{"imu/acl_x": 0.38307226562499996, "imu/gyr_y": -8.732824427480915, "imu/temp": 32.1064705882353, "imu/acl_y": 0.16519991455078123, "imu/acl_z": 13.967772485351562, "user/mode": "user", "cam/image_array": "1443_cam-image_array_.jpg", "imu/gyr_x": 0.42748091603053434, "user/angle": 0.0, "user/throttle": 0.2755757316812647, "imu/gyr_z": -2.5572519083969465}