{"imu/acl_x": 1.7501614135742187, "imu/gyr_y": 5.572519083969466, "imu/temp": 33.04764705882353, "imu/acl_y": 1.7645266235351562, "imu/acl_z": 9.674968908691406, "user/mode": "user", "cam/image_array": "241_cam-image_array_.jpg", "imu/gyr_x": 3.0076335877862594, "user/angle": -0.9897457808160649, "user/throttle": 0.26877773369548635, "imu/gyr_z": 66.86259541984732}