{"imu/acl_x": 0.1771709228515625, "imu/gyr_y": -0.29770992366412213, "imu/temp": 32.624117647058824, "imu/acl_y": 0.9600748657226562, "imu/acl_z": 7.587225061035156, "user/mode": "user", "cam/image_array": "960_cam-image_array_.jpg", "imu/gyr_x": -17.709923664122137, "user/angle": -1.0, "user/throttle": 0.27218176824243906, "imu/gyr_z": 64.80916030534351}