{"imu/acl_x": 0.967257470703125, "imu/gyr_y": 8.740458015267176, "imu/temp": 33.09470588235294, "imu/acl_y": 1.2425906616210938, "imu/acl_z": 9.560047229003906, "user/mode": "user", "cam/image_array": "395_cam-image_array_.jpg", "imu/gyr_x": -15.34351145038168, "user/angle": -0.45362712485122225, "user/throttle": 0.2653736991485336, "imu/gyr_z": 27.870229007633586}