{"imu/acl_x": 1.8195932617187498, "imu/gyr_y": 16.27480916030534, "imu/temp": 33.04764705882353, "imu/acl_y": 0.8092401611328125, "imu/acl_z": 9.047688073730468, "user/mode": "user", "cam/image_array": "329_cam-image_array_.jpg", "imu/gyr_x": 5.580152671755725, "user/angle": -0.7629322183904538, "user/throttle": 0.26877773369548635, "imu/gyr_z": 56.74045801526717}