{"imu/acl_x": 1.4724340209960938, "imu/gyr_y": 7.488549618320611, "imu/temp": 31.965294117647062, "imu/acl_y": -0.6057330200195312, "imu/acl_z": 11.18571015625, "user/mode": "user", "cam/image_array": "1620_cam-image_array_.jpg", "imu/gyr_x": 2.3206106870229006, "user/angle": -0.7319864497817926, "user/throttle": 0.2755757316812647, "imu/gyr_z": 54.10687022900763}