{"imu/acl_x": -0.35673604736328124, "imu/gyr_y": 24.396946564885496, "imu/temp": 32.85941176470588, "imu/acl_y": 0.2561795776367187, "imu/acl_z": 8.951920007324219, "user/mode": "user", "cam/image_array": "675_cam-image_array_.jpg", "imu/gyr_x": -1.6488549618320612, "user/angle": -0.783532212286752, "user/throttle": 0.2619696646015809, "imu/gyr_z": 52.52671755725191}