{"imu/acl_x": 1.2210428466796874, "imu/gyr_y": -5.1603053435114505, "imu/temp": 32.53, "imu/acl_y": 1.120486376953125, "imu/acl_z": 9.409212524414063, "user/mode": "user", "cam/image_array": "1023_cam-image_array_.jpg", "imu/gyr_x": -2.33587786259542, "user/angle": -0.8453932309945982, "user/throttle": 0.27218176824243906, "imu/gyr_z": 0.0916030534351145}