{"imu/acl_x": 2.090138049316406, "imu/gyr_y": 3.5572519083969465, "imu/temp": 32.624117647058824, "imu/acl_y": -0.6775590698242188, "imu/acl_z": 10.563217724609375, "user/mode": "user", "cam/image_array": "884_cam-image_array_.jpg", "imu/gyr_x": 20.557251908396946, "user/angle": -0.8453932309945982, "user/throttle": 0.2755757316812647, "imu/gyr_z": 77.70229007633588}