{"imu/acl_x": -0.21787235107421873, "imu/gyr_y": 9.793893129770993, "imu/temp": 33.04764705882353, "imu/acl_y": 0.9193734375, "imu/acl_z": 10.381258398437499, "user/mode": "user", "cam/image_array": "406_cam-image_array_.jpg", "imu/gyr_x": -3.3282442748091605, "user/angle": -0.6804406872768334, "user/throttle": 0.2653736991485336, "imu/gyr_z": 45.19847328244275}