{"imu/acl_x": -0.6009446166992187, "imu/gyr_y": 4.603053435114504, "imu/temp": 32.341764705882355, "imu/acl_y": 0.40462008056640625, "imu/acl_z": 8.827421520996094, "user/mode": "user", "cam/image_array": "1207_cam-image_array_.jpg", "imu/gyr_x": -0.33587786259541985, "user/angle": -0.618579668568987, "user/throttle": 0.27218176824243906, "imu/gyr_z": 14.931297709923664}