{"imu/acl_x": 1.0534487304687499, "imu/gyr_y": 14.236641221374045, "imu/temp": 32.906470588235294, "imu/acl_y": 1.5131354492187499, "imu/acl_z": 11.458649145507811, "user/mode": "user", "cam/image_array": "613_cam-image_array_.jpg", "imu/gyr_x": -10.13740458015267, "user/angle": -0.7526169621875668, "user/throttle": 0.2619696646015809, "imu/gyr_z": 42.587786259541986}