{"imu/acl_x": -2.300827795410156, "imu/gyr_y": -12.030534351145038, "imu/temp": 32.57705882352941, "imu/acl_y": -0.8714894042968749, "imu/acl_z": 8.985438830566405, "user/mode": "user", "cam/image_array": "978_cam-image_array_.jpg", "imu/gyr_x": 5.396946564885496, "user/angle": 0.35050508133182773, "user/throttle": 0.27218176824243906, "imu/gyr_z": -25.82442748091603}