{"imu/acl_x": -1.8004396484374998, "imu/gyr_y": -3.969465648854962, "imu/temp": 32.48294117647059, "imu/acl_y": 1.3431471313476562, "imu/acl_z": 12.342109558105468, "user/mode": "user", "cam/image_array": "1101_cam-image_array_.jpg", "imu/gyr_x": 1.4580152671755726, "user/angle": -1.0, "user/throttle": 0.27218176824243906, "imu/gyr_z": 74.55725190839695}