{"imu/acl_x": 3.5960908935546874, "imu/gyr_y": 2.4656488549618323, "imu/temp": 31.91823529411765, "imu/acl_y": -2.080561242675781, "imu/acl_z": 13.998897106933592, "user/mode": "user", "cam/image_array": "1613_cam-image_array_.jpg", "imu/gyr_x": 15.961832061068701, "user/angle": -0.6082949308755761, "user/throttle": 0.2755757316812647, "imu/gyr_z": 50.091603053435115}