{"imu/acl_x": 1.3958195678710936, "imu/gyr_y": -8.694656488549619, "imu/temp": 33.14176470588235, "imu/acl_y": 0.6727706665039062, "imu/acl_z": 8.291120349121094, "user/mode": "user", "cam/image_array": "229_cam-image_array_.jpg", "imu/gyr_x": 8.053435114503817, "user/angle": -1.0, "user/throttle": 0.2653736991485336, "imu/gyr_z": 70.86259541984732}