{"imu/acl_x": 0.1580173095703125, "imu/gyr_y": 0.6106870229007634, "imu/temp": 32.953529411764706, "imu/acl_y": 0.16759411621093748, "imu/acl_z": 10.072406384277343, "user/mode": "user", "cam/image_array": "3_cam-image_array_.jpg", "imu/gyr_x": -3.0381679389312977, "user/angle": 0.0, "user/throttle": 0.16331308938871425, "imu/gyr_z": -1.5648854961832062}