{"imu/acl_x": 1.5945383056640625, "imu/gyr_y": -6.229007633587786, "imu/temp": 32.671176470588236, "imu/acl_y": -0.40222587890625, "imu/acl_z": 9.2320416015625, "user/mode": "user", "cam/image_array": "867_cam-image_array_.jpg", "imu/gyr_x": 11.572519083969466, "user/angle": -0.37116611224707785, "user/throttle": 0.2755757316812647, "imu/gyr_z": 30.755725190839694}