{"imu/acl_x": 0.4285620971679687, "imu/gyr_y": -0.4351145038167939, "imu/temp": 32.71823529411765, "imu/acl_y": 1.7381904052734374, "imu/acl_z": 11.118672509765624, "user/mode": "user", "cam/image_array": "811_cam-image_array_.jpg", "imu/gyr_x": 3.5801526717557253, "user/angle": -1.0, "user/throttle": 0.2755757316812647, "imu/gyr_z": 66.91603053435115}