{"imu/acl_x": 1.4508862060546874, "imu/gyr_y": 8.954198473282442, "imu/temp": 32.012352941176474, "imu/acl_y": 1.0127473022460938, "imu/acl_z": 12.619836950683593, "user/mode": "user", "cam/image_array": "822_cam-image_array_.jpg", "imu/gyr_x": 4.251908396946565, "user/angle": -0.6288949247718741, "user/throttle": 0.2755757316812647, "imu/gyr_z": 64.78625954198473}