{"imu/acl_x": -1.9895815795898437, "imu/gyr_y": -7.33587786259542, "imu/temp": 32.43588235294118, "imu/acl_y": 0.062249243164062495, "imu/acl_z": 12.148179223632813, "user/mode": "user", "cam/image_array": "1186_cam-image_array_.jpg", "imu/gyr_x": 1.1526717557251909, "user/angle": 0.0, "user/throttle": 0.27218176824243906, "imu/gyr_z": 22.068702290076335}