{"imu/acl_x": 1.446097802734375, "imu/gyr_y": -0.2824427480916031, "imu/temp": 33.09470588235294, "imu/acl_y": -0.02154781494140625, "imu/acl_z": 9.318232861328125, "user/mode": "user", "cam/image_array": "260_cam-image_array_.jpg", "imu/gyr_x": -3.267175572519084, "user/angle": 0.0, "user/throttle": 0.26877773369548635, "imu/gyr_z": -11.030534351145038}