{"imu/acl_x": -0.6703764648437499, "imu/gyr_y": -9.564885496183207, "imu/temp": 32.48294117647059, "imu/acl_y": 0.29927520751953124, "imu/acl_z": 8.343792785644531, "user/mode": "user", "cam/image_array": "1076_cam-image_array_.jpg", "imu/gyr_x": 2.6717557251908395, "user/angle": 0.0, "user/throttle": 0.27218176824243906, "imu/gyr_z": -10.717557251908397}