{"imu/acl_x": 0.6775590698242188, "imu/gyr_y": -15.099236641221374, "imu/temp": 32.24764705882353, "imu/acl_y": 0.507570751953125, "imu/acl_z": 6.648698010253906, "user/mode": "user", "cam/image_array": "1278_cam-image_array_.jpg", "imu/gyr_x": -16.908396946564885, "user/angle": -0.2165288247322001, "user/throttle": 0.2755757316812647, "imu/gyr_z": -15.992366412213741}