{"imu/acl_x": 0.13646949462890623, "imu/gyr_y": -0.5267175572519084, "imu/temp": 33.04764705882353, "imu/acl_y": -0.7517793212890624, "imu/acl_z": 9.80665, "user/mode": "user", "cam/image_array": "40_cam-image_array_.jpg", "imu/gyr_x": 0.030534351145038167, "user/angle": -0.16498306222724082, "user/throttle": 0.2551716666158025, "imu/gyr_z": 1.1603053435114503}