{"imu/acl_x": 3.201047619628906, "imu/gyr_y": -2.7099236641221376, "imu/temp": 33.04764705882353, "imu/acl_y": 0.12689268798828124, "imu/acl_z": 10.002974536132811, "user/mode": "user", "cam/image_array": "18_cam-image_array_.jpg", "imu/gyr_x": -7.5038167938931295, "user/angle": 0.0, "user/throttle": 0.28238380077517017, "imu/gyr_z": -5.67175572519084}