{"imu/acl_x": -0.22505495605468748, "imu/gyr_y": -12.297709923664122, "imu/temp": 33.09470588235294, "imu/acl_y": 1.8195932617187498, "imu/acl_z": 9.811438403320311, "user/mode": "user", "cam/image_array": "302_cam-image_array_.jpg", "imu/gyr_x": -0.4122137404580153, "user/angle": -0.7217017120883816, "user/throttle": 0.26877773369548635, "imu/gyr_z": 49.396946564885496}