{"imu/acl_x": 0.39264907226562495, "imu/gyr_y": -5.969465648854962, "imu/temp": 33.00058823529412, "imu/acl_y": 0.48123453369140623, "imu/acl_z": 10.931924780273437, "user/mode": "user", "cam/image_array": "497_cam-image_array_.jpg", "imu/gyr_x": -1.8778625954198473, "user/angle": -0.6598406933805353, "user/throttle": 0.2653736991485336, "imu/gyr_z": 55.9236641221374}