{"imu/acl_x": -1.13006318359375, "imu/gyr_y": 6.305343511450381, "imu/temp": 33.04764705882353, "imu/acl_y": 1.2018892333984375, "imu/acl_z": 11.846509814453125, "user/mode": "user", "cam/image_array": "126_cam-image_array_.jpg", "imu/gyr_x": -0.6106870229007634, "user/angle": -0.7113864558854945, "user/throttle": 0.26877773369548635, "imu/gyr_z": 15.427480916030534}