{"imu/acl_x": 1.1827356201171875, "imu/gyr_y": 10.625954198473282, "imu/temp": 32.906470588235294, "imu/acl_y": -0.09337386474609374, "imu/acl_z": 11.468225952148437, "user/mode": "user", "cam/image_array": "616_cam-image_array_.jpg", "imu/gyr_x": -3.8091603053435112, "user/angle": -0.7526169621875668, "user/throttle": 0.2619696646015809, "imu/gyr_z": 43.29770992366412}