{"imu/acl_x": 0.13646949462890623, "imu/gyr_y": -7.305343511450381, "imu/temp": 32.953529411764706, "imu/acl_y": 1.4796166259765624, "imu/acl_z": 8.207323291015625, "user/mode": "user", "cam/image_array": "494_cam-image_array_.jpg", "imu/gyr_x": -12.038167938931299, "user/angle": -0.7938474684896389, "user/throttle": 0.2653736991485336, "imu/gyr_z": 19.412213740458014}