{"imu/acl_x": 0.2825157958984375, "imu/gyr_y": 1.8702290076335877, "imu/temp": 32.624117647058824, "imu/acl_y": 1.0079588989257813, "imu/acl_z": 10.759542260742187, "user/mode": "user", "cam/image_array": "974_cam-image_array_.jpg", "imu/gyr_x": -11.473282442748092, "user/angle": 0.0, "user/throttle": 0.27218176824243906, "imu/gyr_z": 35.38167938931298}