{"imu/acl_x": 0.7350199096679687, "imu/gyr_y": -6.183206106870229, "imu/temp": 33.09470588235294, "imu/acl_y": 1.3311761230468748, "imu/acl_z": 9.354145886230468, "user/mode": "user", "cam/image_array": "70_cam-image_array_.jpg", "imu/gyr_x": -10.992366412213741, "user/angle": -0.6598406933805353, "user/throttle": 0.27218176824243906, "imu/gyr_z": 25.83206106870229}