{"imu/acl_x": 0.3447650390625, "imu/gyr_y": 21.229007633587788, "imu/temp": 31.259411764705884, "imu/acl_y": 1.4125789794921875, "imu/acl_z": 8.190563879394531, "user/mode": "user", "cam/image_array": "1593_cam-image_array_.jpg", "imu/gyr_x": -1.984732824427481, "user/angle": -1.0, "user/throttle": 0.2755757316812647, "imu/gyr_z": 81.83206106870229}