{"imu/acl_x": 0.34715924072265625, "imu/gyr_y": -0.5877862595419847, "imu/temp": 33.04764705882353, "imu/acl_y": -0.45010991210937495, "imu/acl_z": 7.314286071777343, "user/mode": "user", "cam/image_array": "244_cam-image_array_.jpg", "imu/gyr_x": -8.83206106870229, "user/angle": -0.9175695059053316, "user/throttle": 0.26877773369548635, "imu/gyr_z": 59.916030534351144}