{"imu/acl_x": 0.3184288208007812, "imu/gyr_y": -13.778625954198473, "imu/temp": 33.00058823529412, "imu/acl_y": 1.6998831787109374, "imu/acl_z": 11.84890401611328, "user/mode": "user", "cam/image_array": "81_cam-image_array_.jpg", "imu/gyr_x": -9.793893129770993, "user/angle": -1.0, "user/throttle": 0.27218176824243906, "imu/gyr_z": 48.404580152671755}