{"imu/acl_x": -0.47884033203125, "imu/gyr_y": 0.25190839694656486, "imu/temp": 32.29470588235294, "imu/acl_y": 2.5953145996093747, "imu/acl_z": 9.117119921875, "user/mode": "user", "cam/image_array": "1239_cam-image_array_.jpg", "imu/gyr_x": -7.099236641221374, "user/angle": -0.9072542497024445, "user/throttle": 0.2755757316812647, "imu/gyr_z": 60.541984732824424}