{"imu/acl_x": 1.4173673828125, "imu/gyr_y": 6.396946564885496, "imu/temp": 32.57705882352941, "imu/acl_y": 0.39743747558593745, "imu/acl_z": 9.60793126220703, "user/mode": "user", "cam/image_array": "994_cam-image_array_.jpg", "imu/gyr_x": 1.1984732824427482, "user/angle": -0.32993560594500565, "user/throttle": 0.27218176824243906, "imu/gyr_z": -20.48854961832061}