{"imu/acl_x": -0.086191259765625, "imu/gyr_y": -8.091603053435115, "imu/temp": 32.341764705882355, "imu/acl_y": 2.5761609863281247, "imu/acl_z": 13.283030810546874, "user/mode": "user", "cam/image_array": "1338_cam-image_array_.jpg", "imu/gyr_x": -0.9236641221374046, "user/angle": -0.020630512405774102, "user/throttle": 0.2755757316812647, "imu/gyr_z": 82.77862595419847}