{"imu/acl_x": 0.354341845703125, "imu/gyr_y": 2.2290076335877864, "imu/temp": 32.953529411764706, "imu/acl_y": 0.4908113403320312, "imu/acl_z": 9.842563024902343, "user/mode": "user", "cam/image_array": "518_cam-image_array_.jpg", "imu/gyr_x": -7.190839694656488, "user/angle": -0.618579668568987, "user/throttle": 0.22794946134830776, "imu/gyr_z": 22.908396946564885}