{"imu/acl_x": 2.4205378784179685, "imu/gyr_y": 7.679389312977099, "imu/temp": 33.18882352941176, "imu/acl_y": -0.6823474731445313, "imu/acl_z": 11.762712756347655, "user/mode": "user", "cam/image_array": "219_cam-image_array_.jpg", "imu/gyr_x": -0.7480916030534351, "user/angle": -0.2165288247322001, "user/throttle": 0.26877773369548635, "imu/gyr_z": -9.580152671755725}