{"imu/acl_x": 3.2058360229492187, "imu/gyr_y": 15.572519083969466, "imu/temp": 33.18882352941176, "imu/acl_y": -0.5243301635742187, "imu/acl_z": 10.180145458984374, "user/mode": "user", "cam/image_array": "225_cam-image_array_.jpg", "imu/gyr_x": 3.1068702290076335, "user/angle": -0.7010711996826074, "user/throttle": 0.26877773369548635, "imu/gyr_z": 39.595419847328245}