{"imu/acl_x": 0.5793968017578125, "imu/gyr_y": 21.442748091603054, "imu/temp": 32.81235294117647, "imu/acl_y": 0.19153613281249998, "imu/acl_z": 10.517727893066406, "user/mode": "user", "cam/image_array": "706_cam-image_array_.jpg", "imu/gyr_x": -10.213740458015268, "user/angle": -0.2783593249305704, "user/throttle": 0.2653736991485336, "imu/gyr_z": 13.65648854961832}