{"imu/acl_x": 0.6584054565429687, "imu/gyr_y": 1.0076335877862594, "imu/temp": 33.14176470588235, "imu/acl_y": 0.009576806640625, "imu/acl_z": 9.287108239746093, "user/mode": "user", "cam/image_array": "349_cam-image_array_.jpg", "imu/gyr_x": -8.732824427480915, "user/angle": 0.49485763115329445, "user/throttle": 0.26877773369548635, "imu/gyr_z": -60.98473282442748}