{"imu/acl_x": -1.0223241088867188, "imu/gyr_y": -1.1221374045801527, "imu/temp": 33.00058823529412, "imu/acl_y": 0.229843359375, "imu/acl_z": 10.771513269042968, "user/mode": "user", "cam/image_array": "158_cam-image_array_.jpg", "imu/gyr_x": -0.4961832061068702, "user/angle": 0.0, "user/throttle": 0.26877773369548635, "imu/gyr_z": -4.633587786259542}