{"imu/acl_x": 0.5770026000976562, "imu/gyr_y": -0.20610687022900764, "imu/temp": 33.09470588235294, "imu/acl_y": 0.04548983154296875, "imu/acl_z": 9.303867651367186, "user/mode": "user", "cam/image_array": "400_cam-image_array_.jpg", "imu/gyr_x": 2.2213740458015265, "user/angle": -0.7217017120883816, "user/throttle": 0.2653736991485336, "imu/gyr_z": 35.969465648854964}