{"imu/acl_x": 2.0159177978515626, "imu/gyr_y": -25.076335877862597, "imu/temp": 32.48294117647059, "imu/acl_y": -0.469263525390625, "imu/acl_z": 12.69884560546875, "user/mode": "user", "cam/image_array": "1128_cam-image_array_.jpg", "imu/gyr_x": -6.763358778625954, "user/angle": -0.7629322183904538, "user/throttle": 0.27218176824243906, "imu/gyr_z": 45.030534351145036}