{"imu/acl_x": -0.4285620971679687, "imu/gyr_y": -2.2900763358778624, "imu/temp": 33.00058823529412, "imu/acl_y": -0.9864110839843749, "imu/acl_z": 10.034099157714843, "user/mode": "user", "cam/image_array": "115_cam-image_array_.jpg", "imu/gyr_x": -0.11450381679389313, "user/angle": 0.9794000061037019, "user/throttle": 0.26877773369548635, "imu/gyr_z": -68.14503816793894}