{"imu/acl_x": 1.158793603515625, "imu/gyr_y": 15.793893129770993, "imu/temp": 31.824117647058824, "imu/acl_y": -1.2713210815429687, "imu/acl_z": 8.999804040527343, "user/mode": "user", "cam/image_array": "1814_cam-image_array_.jpg", "imu/gyr_x": 3.045801526717557, "user/angle": -0.5567186498611408, "user/throttle": 0.27218176824243906, "imu/gyr_z": 34.10687022900763}