{"imu/acl_x": -0.016759411621093748, "imu/gyr_y": -11.076335877862595, "imu/temp": 31.824117647058824, "imu/acl_y": -0.05985504150390625, "imu/acl_z": 10.520122094726561, "user/mode": "user", "cam/image_array": "1737_cam-image_array_.jpg", "imu/gyr_x": -11.877862595419847, "user/angle": 0.8969084749900815, "user/throttle": 0.27218176824243906, "imu/gyr_z": -82.38931297709924}