{"imu/acl_x": -0.22266075439453123, "imu/gyr_y": 13.259541984732824, "imu/temp": 32.43588235294118, "imu/acl_y": 1.1516109985351561, "imu/acl_z": 8.920795385742187, "user/mode": "user", "cam/image_array": "1107_cam-image_array_.jpg", "imu/gyr_x": -4.9465648854961835, "user/angle": -0.9897457808160649, "user/throttle": 0.27218176824243906, "imu/gyr_z": 61.66412213740458}