{"imu/acl_x": 1.66636435546875, "imu/gyr_y": 1.0458015267175573, "imu/temp": 31.871176470588235, "imu/acl_y": -0.7829039428710937, "imu/acl_z": 8.008604553222655, "user/mode": "user", "cam/image_array": "1742_cam-image_array_.jpg", "imu/gyr_x": -3.9160305343511452, "user/angle": -0.32993560594500565, "user/throttle": 0.27218176824243906, "imu/gyr_z": -70.16793893129771}