{"imu/acl_x": 0.5410895751953124, "imu/gyr_y": 6.305343511450381, "imu/temp": 32.85941176470588, "imu/acl_y": 1.2713210815429687, "imu/acl_z": 10.196904870605469, "user/mode": "user", "cam/image_array": "589_cam-image_array_.jpg", "imu/gyr_x": -5.213740458015267, "user/angle": -1.0, "user/throttle": 0.2619696646015809, "imu/gyr_z": 68.7557251908397}