{"imu/acl_x": -3.220201232910156, "imu/gyr_y": 0.48091603053435117, "imu/temp": 33.14176470588235, "imu/acl_y": 0.28730419921875, "imu/acl_z": 11.784260571289062, "user/mode": "user", "cam/image_array": "205_cam-image_array_.jpg", "imu/gyr_x": -3.145038167938931, "user/angle": -0.3093050935392315, "user/throttle": 0.26877773369548635, "imu/gyr_z": 8.442748091603054}