{"imu/acl_x": 2.887407202148437, "imu/gyr_y": -1.6030534351145038, "imu/temp": 33.09470588235294, "imu/acl_y": -0.3806780639648437, "imu/acl_z": 8.233659509277343, "user/mode": "user", "cam/image_array": "51_cam-image_array_.jpg", "imu/gyr_x": -6.412213740458015, "user/angle": -0.5670339060640278, "user/throttle": 0.2551716666158025, "imu/gyr_z": 12.49618320610687}