{"imu/acl_x": -0.296881005859375, "imu/gyr_y": -2.404580152671756, "imu/temp": 33.04764705882353, "imu/acl_y": 0.7685387329101562, "imu/acl_z": 9.555258825683593, "user/mode": "user", "cam/image_array": "355_cam-image_array_.jpg", "imu/gyr_x": -2.572519083969466, "user/angle": -1.0, "user/throttle": 0.2653736991485336, "imu/gyr_z": 61.74045801526717}