{"imu/acl_x": 0.023942016601562498, "imu/gyr_y": 13.65648854961832, "imu/temp": 32.20058823529412, "imu/acl_y": -0.8212111694335937, "imu/acl_z": 10.900800158691405, "user/mode": "user", "cam/image_array": "1359_cam-image_array_.jpg", "imu/gyr_x": 5.320610687022901, "user/angle": -1.0, "user/throttle": 0.2755757316812647, "imu/gyr_z": 80.54961832061069}