{"imu/acl_x": 0.47165772705078124, "imu/gyr_y": -13.793893129770993, "imu/temp": 33.04764705882353, "imu/acl_y": -0.5793968017578125, "imu/acl_z": 11.192892761230468, "user/mode": "user", "cam/image_array": "343_cam-image_array_.jpg", "imu/gyr_x": 3.3969465648854964, "user/angle": 0.7113559373760185, "user/throttle": 0.26877773369548635, "imu/gyr_z": -57.717557251908396}