{"imu/acl_x": 1.1540052001953125, "imu/gyr_y": 11.01526717557252, "imu/temp": 32.341764705882355, "imu/acl_y": 0.63206923828125, "imu/acl_z": 11.7603185546875, "user/mode": "user", "cam/image_array": "1149_cam-image_array_.jpg", "imu/gyr_x": -0.6412213740458015, "user/angle": 0.0, "user/throttle": 0.27218176824243906, "imu/gyr_z": -3.8473282442748094}