{"imu/acl_x": 2.1883003173828124, "imu/gyr_y": 18.404580152671755, "imu/temp": 32.953529411764706, "imu/acl_y": 1.4963760375976562, "imu/acl_z": 9.26316622314453, "user/mode": "user", "cam/image_array": "381_cam-image_array_.jpg", "imu/gyr_x": -4.1679389312977095, "user/angle": -0.8144779808954131, "user/throttle": 0.2653736991485336, "imu/gyr_z": 38.93129770992366}