{"imu/acl_x": -1.47482822265625, "imu/gyr_y": -7.908396946564886, "imu/temp": 32.71823529411765, "imu/acl_y": -1.5825672973632812, "imu/acl_z": 6.5505357421875, "user/mode": "user", "cam/image_array": "1562_cam-image_array_.jpg", "imu/gyr_x": -1.1450381679389312, "user/angle": 0.7629016998809778, "user/throttle": 0.27218176824243906, "imu/gyr_z": -79.63358778625954}