{"imu/acl_x": -1.0941501586914062, "imu/gyr_y": 2.7557251908396947, "imu/temp": 32.012352941176474, "imu/acl_y": 1.908178723144531, "imu/acl_z": 11.84890401611328, "user/mode": "user", "cam/image_array": "1437_cam-image_array_.jpg", "imu/gyr_x": -6.6106870229007635, "user/angle": -0.8763389996032593, "user/throttle": 0.2755757316812647, "imu/gyr_z": 66.19847328244275}