{"imu/acl_x": -2.1811177124023438, "imu/gyr_y": 0.8778625954198473, "imu/temp": 31.68294117647059, "imu/acl_y": 2.5570073730468748, "imu/acl_z": 10.58476553955078, "user/mode": "user", "cam/image_array": "1870_cam-image_array_.jpg", "imu/gyr_x": -10.305343511450381, "user/angle": -0.2783593249305704, "user/throttle": 0.27218176824243906, "imu/gyr_z": -15.01526717557252}