{"imu/acl_x": 0.6703764648437499, "imu/gyr_y": 8.80916030534351, "imu/temp": 32.43588235294118, "imu/acl_y": 0.3399766357421875, "imu/acl_z": 9.117119921875, "user/mode": "user", "cam/image_array": "1053_cam-image_array_.jpg", "imu/gyr_x": -6.740458015267175, "user/angle": -0.6495254371776482, "user/throttle": 0.27218176824243906, "imu/gyr_z": 45.29770992366412}