{"imu/acl_x": 0.09816226806640624, "imu/gyr_y": 1.5801526717557253, "imu/temp": 32.53, "imu/acl_y": 0.40222587890625, "imu/acl_z": 12.574347119140624, "user/mode": "user", "cam/image_array": "1095_cam-image_array_.jpg", "imu/gyr_x": 1.213740458015267, "user/angle": -1.0, "user/throttle": 0.27218176824243906, "imu/gyr_z": 78.12213740458016}