{"imu/acl_x": 0.5386953735351562, "imu/gyr_y": -10.404580152671755, "imu/temp": 32.388823529411766, "imu/acl_y": 2.4660277099609376, "imu/acl_z": 8.559270935058594, "user/mode": "user", "cam/image_array": "1243_cam-image_array_.jpg", "imu/gyr_x": -8.129770992366412, "user/angle": -0.8969389934995575, "user/throttle": 0.2755757316812647, "imu/gyr_z": 60.44274809160305}