{"imu/acl_x": -0.5386953735351562, "imu/gyr_y": -15.618320610687023, "imu/temp": 33.14176470588235, "imu/acl_y": 2.152387292480469, "imu/acl_z": 9.847351428222655, "user/mode": "user", "cam/image_array": "221_cam-image_array_.jpg", "imu/gyr_x": -5.923664122137405, "user/angle": -0.5258033997619557, "user/throttle": 0.2653736991485336, "imu/gyr_z": 14.053435114503817}