{"imu/acl_x": 1.4508862060546874, "imu/gyr_y": 6.2748091603053435, "imu/temp": 31.306470588235296, "imu/acl_y": 0.11013327636718749, "imu/acl_z": 10.421959826660157, "user/mode": "user", "cam/image_array": "1513_cam-image_array_.jpg", "imu/gyr_x": 0.19083969465648856, "user/angle": -1.0, "user/throttle": 0.27218176824243906, "imu/gyr_z": 87.6412213740458}