{"imu/acl_x": -0.8738836059570312, "imu/gyr_y": -4.2748091603053435, "imu/temp": 32.53, "imu/acl_y": 0.5793968017578125, "imu/acl_z": 11.039663854980468, "user/mode": "user", "cam/image_array": "969_cam-image_array_.jpg", "imu/gyr_x": -3.564885496183206, "user/angle": -1.0, "user/throttle": 0.27218176824243906, "imu/gyr_z": 61.74045801526717}