{"imu/acl_x": -0.430956298828125, "imu/gyr_y": -1.0, "imu/temp": 33.04764705882353, "imu/acl_y": 0.8954314208984374, "imu/acl_z": 8.90643017578125, "user/mode": "user", "cam/image_array": "459_cam-image_array_.jpg", "imu/gyr_x": 3.5801526717557253, "user/angle": -1.0, "user/throttle": 0.26877773369548635, "imu/gyr_z": 76.49618320610686}