{"imu/acl_x": -0.9433154541015625, "imu/gyr_y": -5.091603053435114, "imu/temp": 33.00058823529412, "imu/acl_y": 1.62805712890625, "imu/acl_z": 9.993397729492187, "user/mode": "user", "cam/image_array": "495_cam-image_array_.jpg", "imu/gyr_x": -12.236641221374045, "user/angle": -0.7938474684896389, "user/throttle": 0.2653736991485336, "imu/gyr_z": 30.17557251908397}