{"imu/acl_x": -1.8076222534179687, "imu/gyr_y": -2.045801526717557, "imu/temp": 31.73, "imu/acl_y": -0.5386953735351562, "imu/acl_z": 6.938396411132812, "user/mode": "user", "cam/image_array": "1862_cam-image_array_.jpg", "imu/gyr_x": -5.793893129770993, "user/angle": 0.3401898251289407, "user/throttle": 0.27218176824243906, "imu/gyr_z": -38.48091603053435}