{"imu/acl_x": 0.21787235107421873, "imu/gyr_y": -2.7557251908396947, "imu/temp": 33.09470588235294, "imu/acl_y": 1.0749965454101562, "imu/acl_z": 9.421183532714844, "user/mode": "user", "cam/image_array": "367_cam-image_array_.jpg", "imu/gyr_x": 0.16030534351145037, "user/angle": -1.0, "user/throttle": 0.2653736991485336, "imu/gyr_z": 66.32824427480917}