{"imu/acl_x": 0.7206546997070312, "imu/gyr_y": -9.17557251908397, "imu/temp": 33.04764705882353, "imu/acl_y": 0.9792284790039062, "imu/acl_z": 9.188945971679686, "user/mode": "user", "cam/image_array": "462_cam-image_array_.jpg", "imu/gyr_x": -7.2748091603053435, "user/angle": -1.0, "user/throttle": 0.26877773369548635, "imu/gyr_z": 72.44274809160305}