{"imu/acl_x": 1.3048399047851562, "imu/gyr_y": 7.099236641221374, "imu/temp": 31.777058823529412, "imu/acl_y": -1.0271125122070313, "imu/acl_z": 7.37414111328125, "user/mode": "user", "cam/image_array": "1734_cam-image_array_.jpg", "imu/gyr_x": 4.236641221374046, "user/angle": 0.8659932248908964, "user/throttle": 0.27218176824243906, "imu/gyr_z": -81.58015267175573}