{"imu/acl_x": 1.9943699829101562, "imu/gyr_y": -7.106870229007634, "imu/temp": 32.953529411764706, "imu/acl_y": 1.4006079711914061, "imu/acl_z": 12.540828295898438, "user/mode": "user", "cam/image_array": "425_cam-image_array_.jpg", "imu/gyr_x": -6.1603053435114505, "user/angle": -0.2371288186284982, "user/throttle": 0.2653736991485336, "imu/gyr_z": 4.656488549618321}