{"imu/acl_x": 2.0350714111328125, "imu/gyr_y": 9.083969465648854, "imu/temp": 33.47117647058823, "imu/acl_y": 0.086191259765625, "imu/acl_z": 10.012551342773437, "user/mode": "user", "cam/image_array": "810_cam-image_array_.jpg", "imu/gyr_x": -10.557251908396946, "user/angle": -1.0, "user/throttle": 0.2653736991485336, "imu/gyr_z": 61.98473282442748}