{"imu/acl_x": -1.618480322265625, "imu/gyr_y": 0.549618320610687, "imu/temp": 32.012352941176474, "imu/acl_y": -0.43574470214843747, "imu/acl_z": 12.021286535644531, "user/mode": "user", "cam/image_array": "1524_cam-image_array_.jpg", "imu/gyr_x": 5.480916030534351, "user/angle": -0.46394238105410934, "user/throttle": 0.2755757316812647, "imu/gyr_z": -10.16793893129771}