{"imu/acl_x": -0.9840168823242187, "imu/gyr_y": -16.198473282442748, "imu/temp": 32.57705882352941, "imu/acl_y": -0.25139117431640623, "imu/acl_z": 9.988609326171874, "user/mode": "user", "cam/image_array": "1105_cam-image_array_.jpg", "imu/gyr_x": -1.9465648854961832, "user/angle": -1.0, "user/throttle": 0.27218176824243906, "imu/gyr_z": 66.50381679389314}