{"imu/acl_x": -0.373495458984375, "imu/gyr_y": -8.664122137404581, "imu/temp": 31.824117647058824, "imu/acl_y": 1.5873557006835937, "imu/acl_z": 9.435548742675781, "user/mode": "user", "cam/image_array": "1762_cam-image_array_.jpg", "imu/gyr_x": -5.511450381679389, "user/angle": -1.0, "user/throttle": 0.27218176824243906, "imu/gyr_z": 68.31297709923665}