{"imu/acl_x": -0.6009446166992187, "imu/gyr_y": -0.6030534351145038, "imu/temp": 33.09470588235294, "imu/acl_y": 1.2425906616210938, "imu/acl_z": 9.129090930175781, "user/mode": "user", "cam/image_array": "450_cam-image_array_.jpg", "imu/gyr_x": 2.2061068702290076, "user/angle": -1.0, "user/throttle": 0.26877773369548635, "imu/gyr_z": 73.22900763358778}