{"imu/acl_x": 1.5873557006835937, "imu/gyr_y": 12.030534351145038, "imu/temp": 32.71823529411765, "imu/acl_y": -0.86191259765625, "imu/acl_z": 10.388441003417968, "user/mode": "user", "cam/image_array": "1608_cam-image_array_.jpg", "imu/gyr_x": 7.366412213740458, "user/angle": -0.5464339121677297, "user/throttle": 0.2755757316812647, "imu/gyr_z": -7.00763358778626}