{"imu/acl_x": 0.143652099609375, "imu/gyr_y": -4.0458015267175576, "imu/temp": 32.71823529411765, "imu/acl_y": 0.4572925170898437, "imu/acl_z": 8.379705810546875, "user/mode": "user", "cam/image_array": "889_cam-image_array_.jpg", "imu/gyr_x": 4.687022900763359, "user/angle": -0.8350779747917112, "user/throttle": 0.2755757316812647, "imu/gyr_z": 80.3206106870229}