{"imu/acl_x": 0.24181436767578124, "imu/gyr_y": -10.961832061068701, "imu/temp": 31.73, "imu/acl_y": 0.9552864624023437, "imu/acl_z": 8.252813122558594, "user/mode": "user", "cam/image_array": "1841_cam-image_array_.jpg", "imu/gyr_x": -19.47328244274809, "user/angle": -1.0, "user/throttle": 0.27218176824243906, "imu/gyr_z": 74.29007633587786}