{"imu/acl_x": 1.189918225097656, "imu/gyr_y": 8.450381679389313, "imu/temp": 32.76529411764706, "imu/acl_y": 0.023942016601562498, "imu/acl_z": 8.678981018066406, "user/mode": "user", "cam/image_array": "772_cam-image_array_.jpg", "imu/gyr_x": -9.221374045801527, "user/angle": 0.0, "user/throttle": 0.2619696646015809, "imu/gyr_z": 39.93893129770992}