{"imu/acl_x": 0.9720458740234375, "imu/gyr_y": 7.694656488549619, "imu/temp": 32.43588235294118, "imu/acl_y": 1.2856862915039062, "imu/acl_z": 11.544840405273437, "user/mode": "user", "cam/image_array": "1228_cam-image_array_.jpg", "imu/gyr_x": 0.22900763358778625, "user/angle": -0.6495254371776482, "user/throttle": 0.2789797662282174, "imu/gyr_z": 48.68702290076336}