{"imu/acl_x": 0.3184288208007812, "imu/gyr_y": 6.465648854961832, "imu/temp": 32.71823529411765, "imu/acl_y": 1.2497732666015624, "imu/acl_z": 10.058041174316406, "user/mode": "user", "cam/image_array": "805_cam-image_array_.jpg", "imu/gyr_x": -5.6106870229007635, "user/angle": -1.0, "user/throttle": 0.2653736991485336, "imu/gyr_z": 39.38167938931298}