{"imu/acl_x": -2.408566870117187, "imu/gyr_y": -2.0763358778625953, "imu/temp": 32.388823529411766, "imu/acl_y": 0.239420166015625, "imu/acl_z": 9.222464794921875, "user/mode": "user", "cam/image_array": "1121_cam-image_array_.jpg", "imu/gyr_x": -4.969465648854962, "user/angle": 0.6804101687673574, "user/throttle": 0.27218176824243906, "imu/gyr_z": -68.03053435114504}