{"imu/acl_x": -0.5315127685546874, "imu/gyr_y": 0.3511450381679389, "imu/temp": 32.341764705882355, "imu/acl_y": -1.7118541870117185, "imu/acl_z": 9.157821350097656, "user/mode": "user", "cam/image_array": "1340_cam-image_array_.jpg", "imu/gyr_x": 2.8931297709923665, "user/angle": 0.3608203375347148, "user/throttle": 0.2755757316812647, "imu/gyr_z": 5.66412213740458}