{"imu/acl_x": 2.094926452636719, "imu/gyr_y": -4.854961832061068, "imu/temp": 32.48294117647059, "imu/acl_y": 2.1835119140624997, "imu/acl_z": 11.52329259033203, "user/mode": "user", "cam/image_array": "1081_cam-image_array_.jpg", "imu/gyr_x": -9.50381679389313, "user/angle": -0.24744407483138522, "user/throttle": 0.27218176824243906, "imu/gyr_z": -6.9465648854961835}