{"imu/acl_x": 3.394977954101562, "imu/gyr_y": -12.893129770992367, "imu/temp": 33.09470588235294, "imu/acl_y": -0.32561142578124996, "imu/acl_z": 13.857639208984374, "user/mode": "user", "cam/image_array": "217_cam-image_array_.jpg", "imu/gyr_x": -10.465648854961833, "user/angle": 0.0, "user/throttle": 0.2653736991485336, "imu/gyr_z": -6.374045801526718}