{"imu/acl_x": -0.33758243408203126, "imu/gyr_y": 8.13740458015267, "imu/temp": 32.953529411764706, "imu/acl_y": 1.3335703247070312, "imu/acl_z": 9.7683427734375, "user/mode": "user", "cam/image_array": "516_cam-image_array_.jpg", "imu/gyr_x": -10.32824427480916, "user/angle": -0.6288949247718741, "user/throttle": 0.21774742881557665, "imu/gyr_z": 20.557251908396946}