{"imu/acl_x": -0.5410895751953124, "imu/gyr_y": -10.694656488549619, "imu/temp": 33.04764705882353, "imu/acl_y": 1.5275006591796874, "imu/acl_z": 9.974244116210937, "user/mode": "user", "cam/image_array": "322_cam-image_array_.jpg", "imu/gyr_x": -10.030534351145038, "user/angle": -1.0, "user/throttle": 0.26877773369548635, "imu/gyr_z": 66.38931297709924}