{"imu/acl_x": -1.707065783691406, "imu/gyr_y": -3.2595419847328246, "imu/temp": 32.43588235294118, "imu/acl_y": 0.3591302490234375, "imu/acl_z": 13.543998791503906, "user/mode": "user", "cam/image_array": "1002_cam-image_array_.jpg", "imu/gyr_x": 0.25190839694656486, "user/angle": -1.0, "user/throttle": 0.27218176824243906, "imu/gyr_z": 68.32824427480917}