{"imu/acl_x": 0.737414111328125, "imu/gyr_y": 17.213740458015266, "imu/temp": 32.48294117647059, "imu/acl_y": 1.448492004394531, "imu/acl_z": 7.015010864257812, "user/mode": "user", "cam/image_array": "1173_cam-image_array_.jpg", "imu/gyr_x": -9.320610687022901, "user/angle": -0.9484847560045168, "user/throttle": 0.27218176824243906, "imu/gyr_z": 66.7175572519084}