{"imu/acl_x": -3.897760302734375, "imu/gyr_y": -9.740458015267176, "imu/temp": 32.341764705882355, "imu/acl_y": 0.8547299926757812, "imu/acl_z": 11.947066284179687, "user/mode": "user", "cam/image_array": "1180_cam-image_array_.jpg", "imu/gyr_x": -11.572519083969466, "user/angle": -1.0, "user/throttle": 0.27218176824243906, "imu/gyr_z": 61.93129770992366}