{"imu/acl_x": -1.35990654296875, "imu/gyr_y": -17.236641221374047, "imu/temp": 32.341764705882355, "imu/acl_y": 0.7709329345703124, "imu/acl_z": 7.783549597167968, "user/mode": "user", "cam/image_array": "1196_cam-image_array_.jpg", "imu/gyr_x": -16.564885496183205, "user/angle": 1.0, "user/throttle": 0.26877773369548635, "imu/gyr_z": -79.73282442748092}