{"imu/acl_x": -1.608903515625, "imu/gyr_y": -12.778625954198473, "imu/temp": 31.965294117647062, "imu/acl_y": -1.1659762084960936, "imu/acl_z": 11.537657800292967, "user/mode": "user", "cam/image_array": "1633_cam-image_array_.jpg", "imu/gyr_x": 0.6870229007633588, "user/angle": 0.0, "user/throttle": 0.2755757316812647, "imu/gyr_z": -10.061068702290076}