{"imu/acl_x": -0.47165772705078124, "imu/gyr_y": -4.465648854961832, "imu/temp": 33.09470588235294, "imu/acl_y": 0.7613561279296874, "imu/acl_z": 10.915165368652342, "user/mode": "user", "cam/image_array": "328_cam-image_array_.jpg", "imu/gyr_x": -1.0458015267175573, "user/angle": -0.8866542558061464, "user/throttle": 0.26877773369548635, "imu/gyr_z": 60.47328244274809}