{"imu/acl_x": -0.24181436767578124, "imu/gyr_y": -13.65648854961832, "imu/temp": 32.48294117647059, "imu/acl_y": 1.1875240234375, "imu/acl_z": 12.140996618652343, "user/mode": "user", "cam/image_array": "1075_cam-image_array_.jpg", "imu/gyr_x": -6.793893129770993, "user/angle": 0.0, "user/throttle": 0.27218176824243906, "imu/gyr_z": -11.595419847328245}