{"imu/acl_x": 0.5315127685546874, "imu/gyr_y": 9.19083969465649, "imu/temp": 32.15352941176471, "imu/acl_y": -0.48123453369140623, "imu/acl_z": 9.56962403564453, "user/mode": "user", "cam/image_array": "1475_cam-image_array_.jpg", "imu/gyr_x": 12.549618320610687, "user/angle": -1.0, "user/throttle": 0.2755757316812647, "imu/gyr_z": 95.49618320610686}