{"imu/acl_x": 0.17238251953125, "imu/gyr_y": -2.595419847328244, "imu/temp": 32.85941176470588, "imu/acl_y": 0.3902548706054687, "imu/acl_z": 10.168174450683592, "user/mode": "user", "cam/image_array": "524_cam-image_array_.jpg", "imu/gyr_x": -5.694656488549619, "user/angle": -0.6288949247718741, "user/throttle": 0.2857878353221229, "imu/gyr_z": 24.458015267175572}