{"imu/acl_x": -0.143652099609375, "imu/gyr_y": 4.786259541984733, "imu/temp": 32.24764705882353, "imu/acl_y": 1.388636962890625, "imu/acl_z": 11.786654772949218, "user/mode": "user", "cam/image_array": "1363_cam-image_array_.jpg", "imu/gyr_x": -15.358778625954198, "user/angle": -1.0, "user/throttle": 0.2755757316812647, "imu/gyr_z": 79.1145038167939}