{"imu/acl_x": 2.2864625854492187, "imu/gyr_y": -8.183206106870228, "imu/temp": 31.73, "imu/acl_y": -1.5658078857421873, "imu/acl_z": 18.971653955078125, "user/mode": "user", "cam/image_array": "1854_cam-image_array_.jpg", "imu/gyr_x": 5.412213740458015, "user/angle": 0.0, "user/throttle": 0.27218176824243906, "imu/gyr_z": 7.1679389312977095}