{"imu/acl_x": 0.143652099609375, "imu/gyr_y": -1.1221374045801527, "imu/temp": 32.71823529411765, "imu/acl_y": -0.00239420166015625, "imu/acl_z": 12.138602416992187, "user/mode": "user", "cam/image_array": "923_cam-image_array_.jpg", "imu/gyr_x": 2.3053435114503817, "user/angle": -1.0, "user/throttle": 0.27218176824243906, "imu/gyr_z": 76.83969465648855}