{"imu/acl_x": -0.21068974609375, "imu/gyr_y": -17.870229007633586, "imu/temp": 32.53, "imu/acl_y": -0.6464344482421874, "imu/acl_z": 10.314220751953124, "user/mode": "user", "cam/image_array": "980_cam-image_array_.jpg", "imu/gyr_x": -4.564885496183206, "user/angle": 0.4742271187475204, "user/throttle": 0.27218176824243906, "imu/gyr_z": -35.091603053435115}