{"imu/acl_x": -1.3670891479492187, "imu/gyr_y": -4.175572519083969, "imu/temp": 31.777058823529412, "imu/acl_y": -0.46686932373046874, "imu/acl_z": 11.56159981689453, "user/mode": "user", "cam/image_array": "1808_cam-image_array_.jpg", "imu/gyr_x": -1.1908396946564885, "user/angle": 0.0, "user/throttle": 0.27218176824243906, "imu/gyr_z": -8.580152671755725}