{"imu/acl_x": 0.33758243408203126, "imu/gyr_y": 15.007633587786259, "imu/temp": 31.871176470588235, "imu/acl_y": -2.4301146850585935, "imu/acl_z": 11.796231579589843, "user/mode": "user", "cam/image_array": "1736_cam-image_array_.jpg", "imu/gyr_x": 17.18320610687023, "user/angle": 0.8866237372966704, "user/throttle": 0.27218176824243906, "imu/gyr_z": -86.89312977099236}