{"imu/acl_x": 2.4109610717773435, "imu/gyr_y": -0.06870229007633588, "imu/temp": 33.04764705882353, "imu/acl_y": -0.5913678100585937, "imu/acl_z": 9.665392102050781, "user/mode": "user", "cam/image_array": "272_cam-image_array_.jpg", "imu/gyr_x": 14.236641221374045, "user/angle": -0.49488814966277045, "user/throttle": 0.2653736991485336, "imu/gyr_z": 35.274809160305345}