{"imu/acl_x": -0.9911994873046874, "imu/gyr_y": 7.129770992366412, "imu/temp": 32.012352941176474, "imu/acl_y": 0.2346317626953125, "imu/acl_z": 13.314155432128905, "user/mode": "user", "cam/image_array": "1581_cam-image_array_.jpg", "imu/gyr_x": 2.3893129770992365, "user/angle": -1.0, "user/throttle": 0.2755757316812647, "imu/gyr_z": 84.23664122137404}