{"imu/acl_x": 2.6408044311523438, "imu/gyr_y": 15.564885496183207, "imu/temp": 33.00058823529412, "imu/acl_y": 0.6272808349609375, "imu/acl_z": 9.255983618164063, "user/mode": "user", "cam/image_array": "383_cam-image_array_.jpg", "imu/gyr_x": -11.687022900763358, "user/angle": -0.6082949308755761, "user/throttle": 0.2653736991485336, "imu/gyr_z": 48.19847328244275}