{"imu/acl_x": -1.0606313354492187, "imu/gyr_y": -4.312977099236641, "imu/temp": 32.059411764705885, "imu/acl_y": 2.43250888671875, "imu/acl_z": 10.793061083984375, "user/mode": "user", "cam/image_array": "1404_cam-image_array_.jpg", "imu/gyr_x": -6.748091603053435, "user/angle": -1.0, "user/throttle": 0.2755757316812647, "imu/gyr_z": 80.0381679389313}