{"imu/acl_x": -0.7326257080078125, "imu/gyr_y": -9.419847328244275, "imu/temp": 32.953529411764706, "imu/acl_y": 0.031124621582031248, "imu/acl_z": 9.014169250488282, "user/mode": "user", "cam/image_array": "510_cam-image_array_.jpg", "imu/gyr_x": -6.0534351145038165, "user/angle": -0.32993560594500565, "user/throttle": 0.20413129062776575, "imu/gyr_z": 12.557251908396946}