{"imu/acl_x": -0.9121908325195311, "imu/gyr_y": 2.0, "imu/temp": 32.71823529411765, "imu/acl_y": -0.35673604736328124, "imu/acl_z": 10.259154113769531, "user/mode": "user", "cam/image_array": "787_cam-image_array_.jpg", "imu/gyr_x": 4.656488549618321, "user/angle": 1.0, "user/throttle": 0.2619696646015809, "imu/gyr_z": -74.09923664122137}