{"imu/acl_x": 0.4477157104492187, "imu/gyr_y": 18.610687022900763, "imu/temp": 32.1064705882353, "imu/acl_y": 1.6448165405273436, "imu/acl_z": 10.283096130371094, "user/mode": "user", "cam/image_array": "1408_cam-image_array_.jpg", "imu/gyr_x": -21.061068702290076, "user/angle": -0.45362712485122225, "user/throttle": 0.2755757316812647, "imu/gyr_z": 70.35114503816794}