{"imu/acl_x": 1.675941162109375, "imu/gyr_y": -3.1908396946564888, "imu/temp": 33.00058823529412, "imu/acl_y": 0.26815058593749996, "imu/acl_z": 8.453926062011718, "user/mode": "user", "cam/image_array": "483_cam-image_array_.jpg", "imu/gyr_x": -6.480916030534351, "user/angle": -0.14435254982146672, "user/throttle": 0.2653736991485336, "imu/gyr_z": -11.145038167938932}