{"imu/acl_x": -0.584185205078125, "imu/gyr_y": 4.549618320610687, "imu/temp": 31.306470588235296, "imu/acl_y": 1.0678139404296874, "imu/acl_z": 11.159373937988281, "user/mode": "user", "cam/image_array": "1550_cam-image_array_.jpg", "imu/gyr_x": -9.65648854961832, "user/angle": -0.783532212286752, "user/throttle": 0.2755757316812647, "imu/gyr_z": 78.0}