{"imu/acl_x": -1.9416975463867185, "imu/gyr_y": 4.6106870229007635, "imu/temp": 33.47117647058823, "imu/acl_y": 0.9409212524414062, "imu/acl_z": 10.340556970214843, "user/mode": "user", "cam/image_array": "750_cam-image_array_.jpg", "imu/gyr_x": -16.84732824427481, "user/angle": -0.804162724692526, "user/throttle": 0.2653736991485336, "imu/gyr_z": 55.6412213740458}