{"imu/acl_x": 4.2305543334960936, "imu/gyr_y": 19.358778625954198, "imu/temp": 32.1064705882353, "imu/acl_y": -0.6392518432617187, "imu/acl_z": 10.034099157714843, "user/mode": "user", "cam/image_array": "1397_cam-image_array_.jpg", "imu/gyr_x": -2.7709923664122136, "user/angle": -1.0, "user/throttle": 0.2755757316812647, "imu/gyr_z": 76.59541984732824}