{"imu/acl_x": -0.21068974609375, "imu/gyr_y": 1.4885496183206106, "imu/temp": 32.953529411764706, "imu/acl_y": 0.12449848632812499, "imu/acl_z": 12.739547033691405, "user/mode": "user", "cam/image_array": "434_cam-image_array_.jpg", "imu/gyr_x": 5.656488549618321, "user/angle": -0.20621356852931302, "user/throttle": 0.2653736991485336, "imu/gyr_z": -7.778625954198473}