{"imu/acl_x": -1.5418658691406248, "imu/gyr_y": -1.8396946564885497, "imu/temp": 33.00058823529412, "imu/acl_y": 0.8810662109374999, "imu/acl_z": 6.794744311523437, "user/mode": "user", "cam/image_array": "447_cam-image_array_.jpg", "imu/gyr_x": -3.053435114503817, "user/angle": -1.0, "user/throttle": 0.26877773369548635, "imu/gyr_z": 60.954198473282446}