{"imu/acl_x": -2.2194249389648437, "imu/gyr_y": -17.480916030534353, "imu/temp": 32.71823529411765, "imu/acl_y": -1.4413093994140624, "imu/acl_z": 6.900089184570312, "user/mode": "user", "cam/image_array": "908_cam-image_array_.jpg", "imu/gyr_x": -7.9465648854961835, "user/angle": 0.0, "user/throttle": 0.27218176824243906, "imu/gyr_z": -68.69465648854961}