{"imu/acl_x": 0.6967126831054687, "imu/gyr_y": 11.687022900763358, "imu/temp": 32.906470588235294, "imu/acl_y": 0.7254431030273437, "imu/acl_z": 9.054870678710937, "user/mode": "user", "cam/image_array": "631_cam-image_array_.jpg", "imu/gyr_x": -8.091603053435115, "user/angle": 0.0, "user/throttle": 0.2619696646015809, "imu/gyr_z": -8.549618320610687}