{"imu/acl_x": -0.5363011718749999, "imu/gyr_y": -2.854961832061069, "imu/temp": 32.29470588235294, "imu/acl_y": 0.9696516723632812, "imu/acl_z": 10.005368737792969, "user/mode": "user", "cam/image_array": "1222_cam-image_array_.jpg", "imu/gyr_x": -3.4732824427480917, "user/angle": -1.0, "user/throttle": 0.2755757316812647, "imu/gyr_z": 60.87786259541985}