{"imu/acl_x": -0.3902548706054687, "imu/gyr_y": -9.84732824427481, "imu/temp": 32.57705882352941, "imu/acl_y": 0.8475473876953125, "imu/acl_z": 13.354856860351562, "user/mode": "user", "cam/image_array": "1009_cam-image_array_.jpg", "imu/gyr_x": 5.33587786259542, "user/angle": -1.0, "user/throttle": 0.27218176824243906, "imu/gyr_z": 68.34351145038168}