{"imu/acl_x": 0.9169792358398436, "imu/gyr_y": 15.068702290076336, "imu/temp": 32.953529411764706, "imu/acl_y": -0.10295067138671875, "imu/acl_z": 7.431601953125, "user/mode": "user", "cam/image_array": "488_cam-image_array_.jpg", "imu/gyr_x": 2.931297709923664, "user/angle": -0.3402203436384167, "user/throttle": 0.26877773369548635, "imu/gyr_z": 10.17557251908397}