{"imu/acl_x": -0.584185205078125, "imu/gyr_y": -8.870229007633588, "imu/temp": 32.906470588235294, "imu/acl_y": -0.009576806640625, "imu/acl_z": 10.01015714111328, "user/mode": "user", "cam/image_array": "588_cam-image_array_.jpg", "imu/gyr_x": 6.3893129770992365, "user/angle": -1.0, "user/throttle": 0.2619696646015809, "imu/gyr_z": 66.7557251908397}