{"imu/acl_x": 1.8914193115234375, "imu/gyr_y": 0.2595419847328244, "imu/temp": 33.00058823529412, "imu/acl_y": 1.5227122558593749, "imu/acl_z": 9.196128576660156, "user/mode": "user", "cam/image_array": "539_cam-image_array_.jpg", "imu/gyr_x": -13.694656488549619, "user/angle": -0.5773491622669149, "user/throttle": 0.2857878353221229, "imu/gyr_z": 51.64885496183206}