{"imu/acl_x": -0.9528922607421875, "imu/gyr_y": -7.419847328244275, "imu/temp": 32.906470588235294, "imu/acl_y": 0.5889736083984375, "imu/acl_z": 9.981426721191406, "user/mode": "user", "cam/image_array": "638_cam-image_array_.jpg", "imu/gyr_x": -5.541984732824427, "user/angle": -0.41239661854915005, "user/throttle": 0.2619696646015809, "imu/gyr_z": 35.091603053435115}