{"imu/acl_x": -0.2657563842773437, "imu/gyr_y": 4.99236641221374, "imu/temp": 32.624117647058824, "imu/acl_y": 1.5370774658203123, "imu/acl_z": 10.790666882324219, "user/mode": "user", "cam/image_array": "967_cam-image_array_.jpg", "imu/gyr_x": -4.175572519083969, "user/angle": -1.0, "user/throttle": 0.2755757316812647, "imu/gyr_z": 60.98473282442748}