{"imu/acl_x": -3.1842882080078123, "imu/gyr_y": -18.244274809160306, "imu/temp": 32.20058823529412, "imu/acl_y": 1.218648645019531, "imu/acl_z": 8.489839086914062, "user/mode": "user", "cam/image_array": "1351_cam-image_array_.jpg", "imu/gyr_x": -18.076335877862597, "user/angle": -1.0, "user/throttle": 0.2755757316812647, "imu/gyr_z": 78.26717557251908}