{"imu/acl_x": -1.4700398193359374, "imu/gyr_y": 5.893129770992366, "imu/temp": 31.824117647058824, "imu/acl_y": 1.3718775512695311, "imu/acl_z": 11.104307299804686, "user/mode": "user", "cam/image_array": "1749_cam-image_array_.jpg", "imu/gyr_x": -14.86259541984733, "user/angle": -1.0, "user/throttle": 0.27218176824243906, "imu/gyr_z": 73.96946564885496}