{"imu/acl_x": 1.1348515869140625, "imu/gyr_y": 28.46564885496183, "imu/temp": 32.48294117647059, "imu/acl_y": -0.28730419921875, "imu/acl_z": 8.971073620605468, "user/mode": "user", "cam/image_array": "1118_cam-image_array_.jpg", "imu/gyr_x": -3.0076335877862594, "user/angle": 0.7010406811731315, "user/throttle": 0.27218176824243906, "imu/gyr_z": -63.80916030534351}