{"imu/acl_x": -0.3447650390625, "imu/gyr_y": 8.335877862595419, "imu/temp": 32.20058823529412, "imu/acl_y": 0.6272808349609375, "imu/acl_z": 8.219294299316406, "user/mode": "user", "cam/image_array": "1402_cam-image_array_.jpg", "imu/gyr_x": -14.992366412213741, "user/angle": -1.0, "user/throttle": 0.27218176824243906, "imu/gyr_z": 73.7175572519084}