{"imu/acl_x": -0.143652099609375, "imu/gyr_y": -6.1679389312977095, "imu/temp": 33.09470588235294, "imu/acl_y": -0.7829039428710937, "imu/acl_z": 7.917624890136718, "user/mode": "user", "cam/image_array": "348_cam-image_array_.jpg", "imu/gyr_x": 2.519083969465649, "user/angle": 0.5360881374553667, "user/throttle": 0.26877773369548635, "imu/gyr_z": -60.717557251908396}