{"imu/acl_x": -3.0454245117187497, "imu/gyr_y": 10.282442748091603, "imu/temp": 32.71823529411765, "imu/acl_y": 1.85790048828125, "imu/acl_z": 11.077971081542968, "user/mode": "user", "cam/image_array": "851_cam-image_array_.jpg", "imu/gyr_x": 2.0839694656488548, "user/angle": -0.6392101809747612, "user/throttle": 0.2755757316812647, "imu/gyr_z": 46.31297709923664}