{"imu/acl_x": 1.3407529296874998, "imu/gyr_y": 18.396946564885496, "imu/temp": 33.14176470588235, "imu/acl_y": -0.1867477294921875, "imu/acl_z": 10.026916552734374, "user/mode": "user", "cam/image_array": "226_cam-image_array_.jpg", "imu/gyr_x": -6.786259541984733, "user/angle": -0.7629322183904538, "user/throttle": 0.26877773369548635, "imu/gyr_z": 42.32824427480916}