{"imu/acl_x": 2.3415292236328122, "imu/gyr_y": -0.6793893129770993, "imu/temp": 32.71823529411765, "imu/acl_y": 0.5147533569335937, "imu/acl_z": 10.524910498046875, "user/mode": "user", "cam/image_array": "900_cam-image_array_.jpg", "imu/gyr_x": -14.381679389312977, "user/angle": 0.2370983001190222, "user/throttle": 0.27218176824243906, "imu/gyr_z": -9.86259541984733}