{"imu/acl_x": 2.825157958984375, "imu/gyr_y": 3.816793893129771, "imu/temp": 32.1064705882353, "imu/acl_y": 2.480392919921875, "imu/acl_z": 10.905588562011719, "user/mode": "user", "cam/image_array": "1533_cam-image_array_.jpg", "imu/gyr_x": -8.053435114503817, "user/angle": -0.8969389934995575, "user/throttle": 0.2755757316812647, "imu/gyr_z": 72.50381679389314}