{"imu/acl_x": -1.3144167114257812, "imu/gyr_y": -8.687022900763358, "imu/temp": 32.341764705882355, "imu/acl_y": 1.1516109985351561, "imu/acl_z": 9.3086560546875, "user/mode": "user", "cam/image_array": "1320_cam-image_array_.jpg", "imu/gyr_x": -10.992366412213741, "user/angle": -0.402081362346263, "user/throttle": 0.2755757316812647, "imu/gyr_z": 10.312977099236642}