{"imu/acl_x": -2.0302830078125, "imu/gyr_y": -4.9541984732824424, "imu/temp": 32.953529411764706, "imu/acl_y": -0.0526724365234375, "imu/acl_z": 10.64222637939453, "user/mode": "user", "cam/image_array": "530_cam-image_array_.jpg", "imu/gyr_x": -1.6106870229007633, "user/angle": -0.8557084871974853, "user/throttle": 0.2857878353221229, "imu/gyr_z": 37.961832061068705}