{"imu/acl_x": -1.0941501586914062, "imu/gyr_y": 7.251908396946565, "imu/temp": 32.43588235294118, "imu/acl_y": 0.5243301635742187, "imu/acl_z": 12.220005273437499, "user/mode": "user", "cam/image_array": "1225_cam-image_array_.jpg", "imu/gyr_x": 4.7251908396946565, "user/angle": -0.9072542497024445, "user/throttle": 0.2755757316812647, "imu/gyr_z": 59.9236641221374}