{"imu/acl_x": 1.2282254516601563, "imu/gyr_y": 16.84732824427481, "imu/temp": 31.965294117647062, "imu/acl_y": -0.4525041137695312, "imu/acl_z": 8.252813122558594, "user/mode": "user", "cam/image_array": "1632_cam-image_array_.jpg", "imu/gyr_x": -4.908396946564886, "user/angle": 0.0, "user/throttle": 0.2755757316812647, "imu/gyr_z": -6.572519083969466}