{"imu/acl_x": 0.9624690673828125, "imu/gyr_y": 6.572519083969466, "imu/temp": 32.43588235294118, "imu/acl_y": 0.7757213378906249, "imu/acl_z": 11.425130322265625, "user/mode": "user", "cam/image_array": "1143_cam-image_array_.jpg", "imu/gyr_x": -0.40458015267175573, "user/angle": -0.8763389996032593, "user/throttle": 0.27218176824243906, "imu/gyr_z": 59.20610687022901}