{"imu/acl_x": 1.687912170410156, "imu/gyr_y": 18.786259541984734, "imu/temp": 32.15352941176471, "imu/acl_y": -0.9169792358398436, "imu/acl_z": 8.59278975830078, "user/mode": "user", "cam/image_array": "1418_cam-image_array_.jpg", "imu/gyr_x": 2.6259541984732824, "user/angle": -0.8660237434003724, "user/throttle": 0.2755757316812647, "imu/gyr_z": 50.83969465648855}