{"imu/acl_x": 3.921702319335937, "imu/gyr_y": 17.328244274809162, "imu/temp": 32.85941176470588, "imu/acl_y": -0.35673604736328124, "imu/acl_z": 9.162609753417968, "user/mode": "user", "cam/image_array": "625_cam-image_array_.jpg", "imu/gyr_x": -1.0610687022900764, "user/angle": 0.0, "user/throttle": 0.2619696646015809, "imu/gyr_z": -5.679389312977099}