{"imu/acl_x": -1.4987702392578124, "imu/gyr_y": -8.900763358778626, "imu/temp": 33.09470588235294, "imu/acl_y": 0.9528922607421875, "imu/acl_z": 13.060370056152342, "user/mode": "user", "cam/image_array": "319_cam-image_array_.jpg", "imu/gyr_x": -5.320610687022901, "user/angle": -1.0, "user/throttle": 0.26877773369548635, "imu/gyr_z": 67.52671755725191}