{"imu/acl_x": 4.833893151855468, "imu/gyr_y": 16.83206106870229, "imu/temp": 31.777058823529412, "imu/acl_y": -1.4317325927734375, "imu/acl_z": 10.599130749511717, "user/mode": "user", "cam/image_array": "1739_cam-image_array_.jpg", "imu/gyr_x": -2.2595419847328246, "user/angle": 0.8866237372966704, "user/throttle": 0.27218176824243906, "imu/gyr_z": -83.79389312977099}