{"imu/acl_x": -1.886630908203125, "imu/gyr_y": -9.19083969465649, "imu/temp": 33.04764705882353, "imu/acl_y": 0.35673604736328124, "imu/acl_z": 11.822567797851562, "user/mode": "user", "cam/image_array": "469_cam-image_array_.jpg", "imu/gyr_x": 1.5877862595419847, "user/angle": -0.6907559434797205, "user/throttle": 0.2653736991485336, "imu/gyr_z": 69.58015267175573}