{"imu/acl_x": -0.28490999755859375, "imu/gyr_y": -2.450381679389313, "imu/temp": 32.953529411764706, "imu/acl_y": -0.7038952880859375, "imu/acl_z": 10.541669909667968, "user/mode": "user", "cam/image_array": "13_cam-image_array_.jpg", "imu/gyr_x": 2.1297709923664123, "user/angle": 0.0, "user/throttle": 0.33, "imu/gyr_z": -1.9389312977099236}