{"imu/acl_x": 1.697488977050781, "imu/gyr_y": 16.9618320610687, "imu/temp": 32.24764705882353, "imu/acl_y": 2.085349645996094, "imu/acl_z": 10.302249743652343, "user/mode": "user", "cam/image_array": "1329_cam-image_array_.jpg", "imu/gyr_x": 5.3893129770992365, "user/angle": -0.9897457808160649, "user/throttle": 0.2755757316812647, "imu/gyr_z": 84.56488549618321}