{"imu/acl_x": 0.201112939453125, "imu/gyr_y": 2.114503816793893, "imu/temp": 32.57705882352941, "imu/acl_y": -0.718260498046875, "imu/acl_z": 9.215282189941405, "user/mode": "user", "cam/image_array": "936_cam-image_array_.jpg", "imu/gyr_x": 3.4885496183206106, "user/angle": 0.24741355632190923, "user/throttle": 0.27218176824243906, "imu/gyr_z": -21.931297709923665}