{"imu/acl_x": -1.0366893188476562, "imu/gyr_y": -1.0, "imu/temp": 31.68294117647059, "imu/acl_y": -0.023942016601562498, "imu/acl_z": 7.060500695800781, "user/mode": "user", "cam/image_array": "1878_cam-image_array_.jpg", "imu/gyr_x": 3.4656488549618323, "user/angle": -0.8866542558061464, "user/throttle": 0.2755757316812647, "imu/gyr_z": 77.46564885496183}