{"imu/acl_x": 2.01112939453125, "imu/gyr_y": -3.6412213740458017, "imu/temp": 32.15352941176471, "imu/acl_y": -0.30885201416015623, "imu/acl_z": 10.836156713867187, "user/mode": "user", "cam/image_array": "1442_cam-image_array_.jpg", "imu/gyr_x": -0.030534351145038167, "user/angle": 0.0, "user/throttle": 0.2755757316812647, "imu/gyr_z": 11.595419847328245}