{"imu/acl_x": -0.6248866333007812, "imu/gyr_y": 9.404580152671755, "imu/temp": 33.42411764705882, "imu/acl_y": -0.59376201171875, "imu/acl_z": 12.428300817871094, "user/mode": "user", "cam/image_array": "778_cam-image_array_.jpg", "imu/gyr_x": -5.030534351145038, "user/angle": 0.7732169560838649, "user/throttle": 0.2619696646015809, "imu/gyr_z": -60.42748091603053}