{"imu/acl_x": -0.8595183959960937, "imu/gyr_y": -4.465648854961832, "imu/temp": 32.906470588235294, "imu/acl_y": -0.46208092041015625, "imu/acl_z": 9.392453112792968, "user/mode": "user", "cam/image_array": "636_cam-image_array_.jpg", "imu/gyr_x": 0.5572519083969466, "user/angle": -0.6392101809747612, "user/throttle": 0.2619696646015809, "imu/gyr_z": 31.549618320610687}