{"imu/acl_x": 1.9847931762695312, "imu/gyr_y": 13.49618320610687, "imu/temp": 31.824117647058824, "imu/acl_y": -0.10295067138671875, "imu/acl_z": 9.782707983398437, "user/mode": "user", "cam/image_array": "1817_cam-image_array_.jpg", "imu/gyr_x": -9.725190839694656, "user/angle": -0.18558305612353893, "user/throttle": 0.27218176824243906, "imu/gyr_z": 39.74809160305343}