{"imu/acl_x": 1.2042834350585936, "imu/gyr_y": -17.587786259541986, "imu/temp": 32.57705882352941, "imu/acl_y": -0.5027823486328125, "imu/acl_z": 13.433865515136718, "user/mode": "user", "cam/image_array": "958_cam-image_array_.jpg", "imu/gyr_x": 1.8702290076335877, "user/angle": -1.0, "user/throttle": 0.27218176824243906, "imu/gyr_z": 62.74045801526717}