{"imu/acl_x": 0.08379705810546874, "imu/gyr_y": -8.259541984732824, "imu/temp": 31.777058823529412, "imu/acl_y": 0.028730419921875, "imu/acl_z": 10.070012182617187, "user/mode": "user", "cam/image_array": "1828_cam-image_array_.jpg", "imu/gyr_x": -2.427480916030534, "user/angle": -0.3608508560441908, "user/throttle": 0.27218176824243906, "imu/gyr_z": 17.984732824427482}