{"imu/acl_x": -2.128445275878906, "imu/gyr_y": 3.0916030534351147, "imu/temp": 33.14176470588235, "imu/acl_y": 0.1580173095703125, "imu/acl_z": 9.26316622314453, "user/mode": "user", "cam/image_array": "278_cam-image_array_.jpg", "imu/gyr_x": 9.19083969465649, "user/angle": -0.9175695059053316, "user/throttle": 0.26877773369548635, "imu/gyr_z": 65.4885496183206}