{"imu/acl_x": 1.675941162109375, "imu/gyr_y": 11.992366412213741, "imu/temp": 32.953529411764706, "imu/acl_y": 0.0526724365234375, "imu/acl_z": 10.98699141845703, "user/mode": "user", "cam/image_array": "471_cam-image_array_.jpg", "imu/gyr_x": 1.4122137404580153, "user/angle": 0.0, "user/throttle": 0.2653736991485336, "imu/gyr_z": 35.58015267175573}