{"imu/acl_x": -0.9265560424804687, "imu/gyr_y": 3.267175572519084, "imu/temp": 31.965294117647062, "imu/acl_y": -1.5203180541992187, "imu/acl_z": 10.376469995117187, "user/mode": "user", "cam/image_array": "1565_cam-image_array_.jpg", "imu/gyr_x": -7.320610687022901, "user/angle": 0.783501693777276, "user/throttle": 0.2755757316812647, "imu/gyr_z": -68.45038167938931}