{"imu/acl_x": 0.8092401611328125, "imu/gyr_y": -0.7557251908396947, "imu/temp": 31.73, "imu/acl_y": 0.6560112548828124, "imu/acl_z": 10.237606298828124, "user/mode": "user", "cam/image_array": "1875_cam-image_array_.jpg", "imu/gyr_x": -0.4732824427480916, "user/angle": -0.8453932309945982, "user/throttle": 0.2755757316812647, "imu/gyr_z": 26.412213740458014}