{"imu/acl_x": -0.11731588134765625, "imu/gyr_y": -1.5877862595419847, "imu/temp": 32.71823529411765, "imu/acl_y": 0.7062894897460937, "imu/acl_z": 9.3852705078125, "user/mode": "user", "cam/image_array": "860_cam-image_array_.jpg", "imu/gyr_x": -11.396946564885496, "user/angle": -0.2577593310342723, "user/throttle": 0.2755757316812647, "imu/gyr_z": -9.725190839694656}