{"imu/acl_x": 1.0941501586914062, "imu/gyr_y": 11.549618320610687, "imu/temp": 32.71823529411765, "imu/acl_y": 0.0718260498046875, "imu/acl_z": 10.984597216796875, "user/mode": "user", "cam/image_array": "812_cam-image_array_.jpg", "imu/gyr_x": 4.801526717557252, "user/angle": -1.0, "user/throttle": 0.2755757316812647, "imu/gyr_z": 60.44274809160305}