{"imu/acl_x": 3.1459809814453124, "imu/gyr_y": 5.885496183206107, "imu/temp": 31.965294117647062, "imu/acl_y": -0.39983167724609375, "imu/acl_z": 7.999027746582031, "user/mode": "user", "cam/image_array": "1655_cam-image_array_.jpg", "imu/gyr_x": -7.366412213740458, "user/angle": -1.0, "user/throttle": 0.2755757316812647, "imu/gyr_z": 88.58015267175573}