{"imu/acl_x": -0.6464344482421874, "imu/gyr_y": -0.4961832061068702, "imu/temp": 33.00058823529412, "imu/acl_y": 1.7717092285156248, "imu/acl_z": 9.495403784179686, "user/mode": "user", "cam/image_array": "275_cam-image_array_.jpg", "imu/gyr_x": -9.992366412213741, "user/angle": -0.7423017059846797, "user/throttle": 0.26877773369548635, "imu/gyr_z": 37.83969465648855}