{"imu/acl_x": 2.243366955566406, "imu/gyr_y": -10.51908396946565, "imu/temp": 32.15352941176471, "imu/acl_y": 0.622492431640625, "imu/acl_z": 8.432378247070313, "user/mode": "user", "cam/image_array": "1368_cam-image_array_.jpg", "imu/gyr_x": -8.236641221374045, "user/angle": -1.0, "user/throttle": 0.2755757316812647, "imu/gyr_z": 84.74809160305344}