{"imu/acl_x": 0.10773907470703124, "imu/gyr_y": -11.526717557251908, "imu/temp": 32.906470588235294, "imu/acl_y": 2.1835119140624997, "imu/acl_z": 5.097255334472656, "user/mode": "user", "cam/image_array": "582_cam-image_array_.jpg", "imu/gyr_x": -31.229007633587788, "user/angle": -1.0, "user/throttle": 0.2619696646015809, "imu/gyr_z": 76.04580152671755}