{"imu/acl_x": 2.2074539306640624, "imu/gyr_y": -9.65648854961832, "imu/temp": 33.04764705882353, "imu/acl_y": 1.3072341064453123, "imu/acl_z": 12.033257543945313, "user/mode": "user", "cam/image_array": "293_cam-image_array_.jpg", "imu/gyr_x": -17.106870229007633, "user/angle": 0.0, "user/throttle": 0.2653736991485336, "imu/gyr_z": -9.610687022900763}