{"imu/acl_x": -3.1172505615234374, "imu/gyr_y": -8.351145038167939, "imu/temp": 33.14176470588235, "imu/acl_y": 1.5251064575195312, "imu/acl_z": 10.005368737792969, "user/mode": "user", "cam/image_array": "243_cam-image_array_.jpg", "imu/gyr_x": -7.557251908396947, "user/angle": -0.9382000183111057, "user/throttle": 0.26877773369548635, "imu/gyr_z": 66.22900763358778}