{"imu/acl_x": -0.28490999755859375, "imu/gyr_y": -18.31297709923664, "imu/temp": 32.15352941176471, "imu/acl_y": 0.6679822631835937, "imu/acl_z": 14.140155004882812, "user/mode": "user", "cam/image_array": "1499_cam-image_array_.jpg", "imu/gyr_x": 5.633587786259542, "user/angle": -0.061861018707846306, "user/throttle": 0.27218176824243906, "imu/gyr_z": -21.83969465648855}