{"imu/acl_x": 2.583343591308594, "imu/gyr_y": -2.9160305343511452, "imu/temp": 32.906470588235294, "imu/acl_y": -2.7437551025390623, "imu/acl_z": 11.870451831054687, "user/mode": "user", "cam/image_array": "599_cam-image_array_.jpg", "imu/gyr_x": 6.198473282442748, "user/angle": -0.7113864558854945, "user/throttle": 0.2619696646015809, "imu/gyr_z": 18.083969465648856}