{"imu/acl_x": 1.9297265380859374, "imu/gyr_y": 1.297709923664122, "imu/temp": 33.04764705882353, "imu/acl_y": 0.82360537109375, "imu/acl_z": 10.084377392578125, "user/mode": "user", "cam/image_array": "461_cam-image_array_.jpg", "imu/gyr_x": -0.4122137404580153, "user/angle": -1.0, "user/throttle": 0.26877773369548635, "imu/gyr_z": 77.31297709923665}