{"imu/acl_x": 0.9911994873046874, "imu/gyr_y": 0.4122137404580153, "imu/temp": 32.48294117647059, "imu/acl_y": 1.1276689819335937, "imu/acl_z": 11.219228979492186, "user/mode": "user", "cam/image_array": "1013_cam-image_array_.jpg", "imu/gyr_x": 6.511450381679389, "user/angle": -1.0, "user/throttle": 0.27218176824243906, "imu/gyr_z": 64.3587786259542}