{"imu/acl_x": 0.45489831542968745, "imu/gyr_y": 1.1984732824427482, "imu/temp": 33.47117647058823, "imu/acl_y": 0.05027823486328125, "imu/acl_z": 12.263100903320312, "user/mode": "user", "cam/image_array": "717_cam-image_array_.jpg", "imu/gyr_x": 4.748091603053435, "user/angle": -0.49488814966277045, "user/throttle": 0.2653736991485336, "imu/gyr_z": 20.557251908396946}