{"imu/acl_x": 0.8164227661132812, "imu/gyr_y": 11.053435114503817, "imu/temp": 33.09470588235294, "imu/acl_y": 1.3431471313476562, "imu/acl_z": 9.011775048828124, "user/mode": "user", "cam/image_array": "452_cam-image_array_.jpg", "imu/gyr_x": -1.4198473282442747, "user/angle": -1.0, "user/throttle": 0.26877773369548635, "imu/gyr_z": 81.18320610687023}