{"imu/acl_x": 0.9121908325195311, "imu/gyr_y": -0.6412213740458015, "imu/temp": 33.00058823529412, "imu/acl_y": 0.258573779296875, "imu/acl_z": 9.107543115234375, "user/mode": "user", "cam/image_array": "519_cam-image_array_.jpg", "imu/gyr_x": -13.15267175572519, "user/angle": -0.618579668568987, "user/throttle": 0.24155552842799158, "imu/gyr_z": 16.47328244274809}