{"imu/acl_x": -2.1356278808593747, "imu/gyr_y": -20.022900763358777, "imu/temp": 32.29470588235294, "imu/acl_y": 0.6296750366210937, "imu/acl_z": 7.711723547363281, "user/mode": "user", "cam/image_array": "1348_cam-image_array_.jpg", "imu/gyr_x": -10.534351145038167, "user/angle": -1.0, "user/throttle": 0.2755757316812647, "imu/gyr_z": 6.458015267175573}