{"imu/acl_x": 0.51714755859375, "imu/gyr_y": 23.282442748091604, "imu/temp": 33.00058823529412, "imu/acl_y": 0.8355763793945312, "imu/acl_z": 11.305420239257812, "user/mode": "user", "cam/image_array": "189_cam-image_array_.jpg", "imu/gyr_x": -0.5877862595419847, "user/angle": -0.030945768608661155, "user/throttle": 0.26877773369548635, "imu/gyr_z": 33.12213740458015}