{"imu/acl_x": 0.13407529296874998, "imu/gyr_y": 0.549618320610687, "imu/temp": 32.81235294117647, "imu/acl_y": -0.46686932373046874, "imu/acl_z": 10.864887133789061, "user/mode": "user", "cam/image_array": "733_cam-image_array_.jpg", "imu/gyr_x": -2.1374045801526718, "user/angle": -0.14435254982146672, "user/throttle": 0.2653736991485336, "imu/gyr_z": 49.76335877862596}