{"imu/acl_x": 0.0909796630859375, "imu/gyr_y": 12.977099236641221, "imu/temp": 32.24764705882353, "imu/acl_y": -0.28490999755859375, "imu/acl_z": 8.518569506835936, "user/mode": "user", "cam/image_array": "1378_cam-image_array_.jpg", "imu/gyr_x": -2.6793893129770994, "user/angle": 0.7113559373760185, "user/throttle": 0.27218176824243906, "imu/gyr_z": -13.877862595419847}