{"imu/acl_x": 0.277727392578125, "imu/gyr_y": 3.0229007633587788, "imu/temp": 33.47117647058823, "imu/acl_y": 0.6296750366210937, "imu/acl_z": 10.675745202636719, "user/mode": "user", "cam/image_array": "841_cam-image_array_.jpg", "imu/gyr_x": 2.801526717557252, "user/angle": -0.6598406933805353, "user/throttle": 0.2755757316812647, "imu/gyr_z": 53.93129770992366}