{"imu/acl_x": 1.0606313354492187, "imu/gyr_y": 12.19083969465649, "imu/temp": 31.871176470588235, "imu/acl_y": -3.679887951660156, "imu/acl_z": 9.679757312011718, "user/mode": "user", "cam/image_array": "1865_cam-image_array_.jpg", "imu/gyr_x": 16.572519083969464, "user/angle": 0.16495254371776483, "user/throttle": 0.27218176824243906, "imu/gyr_z": -33.6793893129771}