{"imu/acl_x": 2.01112939453125, "imu/gyr_y": -0.42748091603053434, "imu/temp": 32.671176470588236, "imu/acl_y": 0.05985504150390625, "imu/acl_z": 11.75313594970703, "user/mode": "user", "cam/image_array": "1635_cam-image_array_.jpg", "imu/gyr_x": 3.50381679389313, "user/angle": 0.0, "user/throttle": 0.2755757316812647, "imu/gyr_z": -12.770992366412214}