{"imu/acl_x": 2.2960393920898436, "imu/gyr_y": 5.0458015267175576, "imu/temp": 33.04764705882353, "imu/acl_y": -0.229843359375, "imu/acl_z": 9.861716638183593, "user/mode": "user", "cam/image_array": "433_cam-image_array_.jpg", "imu/gyr_x": 2.2061068702290076, "user/angle": -0.020630512405774102, "user/throttle": 0.2653736991485336, "imu/gyr_z": -3.1755725190839694}