{"imu/acl_x": 0.9002198242187499, "imu/gyr_y": 13.526717557251908, "imu/temp": 33.00058823529412, "imu/acl_y": 1.6615759521484375, "imu/acl_z": 11.365275280761718, "user/mode": "user", "cam/image_array": "487_cam-image_array_.jpg", "imu/gyr_x": -15.541984732824428, "user/angle": -0.2680745872371593, "user/throttle": 0.2653736991485336, "imu/gyr_z": 9.19083969465649}