{"imu/acl_x": -1.3862427612304686, "imu/gyr_y": 7.6106870229007635, "imu/temp": 31.824117647058824, "imu/acl_y": 1.3527239379882812, "imu/acl_z": 11.82975040283203, "user/mode": "user", "cam/image_array": "1746_cam-image_array_.jpg", "imu/gyr_x": 4.282442748091603, "user/angle": -1.0, "user/throttle": 0.27218176824243906, "imu/gyr_z": 65.50381679389314}