{"imu/acl_x": -0.9050082275390624, "imu/gyr_y": -2.3587786259541983, "imu/temp": 32.20058823529412, "imu/acl_y": 1.8124106567382812, "imu/acl_z": 10.589553942871094, "user/mode": "user", "cam/image_array": "1333_cam-image_array_.jpg", "imu/gyr_x": -18.229007633587788, "user/angle": -0.9897457808160649, "user/throttle": 0.2755757316812647, "imu/gyr_z": 87.0381679389313}