{"imu/acl_x": 1.6112977172851561, "imu/gyr_y": 4.473282442748092, "imu/temp": 32.76529411764706, "imu/acl_y": 1.0510545288085937, "imu/acl_z": 6.6271501953125, "user/mode": "user", "cam/image_array": "742_cam-image_array_.jpg", "imu/gyr_x": -7.694656488549619, "user/angle": -0.7423017059846797, "user/throttle": 0.2653736991485336, "imu/gyr_z": 44.954198473282446}