{"imu/acl_x": -0.2561795776367187, "imu/gyr_y": 4.969465648854962, "imu/temp": 33.47117647058823, "imu/acl_y": 0.469263525390625, "imu/acl_z": 8.425195642089843, "user/mode": "user", "cam/image_array": "856_cam-image_array_.jpg", "imu/gyr_x": -4.0534351145038165, "user/angle": 0.0, "user/throttle": 0.2755757316812647, "imu/gyr_z": -7.740458015267175}