{"imu/acl_x": -0.5363011718749999, "imu/gyr_y": 1.6946564885496183, "imu/temp": 32.53, "imu/acl_y": -0.603338818359375, "imu/acl_z": 10.716446630859375, "user/mode": "user", "cam/image_array": "979_cam-image_array_.jpg", "imu/gyr_x": 4.320610687022901, "user/angle": 0.35050508133182773, "user/throttle": 0.27218176824243906, "imu/gyr_z": -29.366412213740457}