{"imu/acl_x": -3.337517114257812, "imu/gyr_y": -3.969465648854962, "imu/temp": 32.81235294117647, "imu/acl_y": -0.6177040283203125, "imu/acl_z": 12.892775939941405, "user/mode": "user", "cam/image_array": "759_cam-image_array_.jpg", "imu/gyr_x": 0.11450381679389313, "user/angle": -1.0, "user/throttle": 0.2653736991485336, "imu/gyr_z": 61.656488549618324}