{"imu/acl_x": -2.7054478759765623, "imu/gyr_y": 5.198473282442748, "imu/temp": 33.00058823529412, "imu/acl_y": 0.1580173095703125, "imu/acl_z": 10.019733947753906, "user/mode": "user", "cam/image_array": "393_cam-image_array_.jpg", "imu/gyr_x": 7.900763358778626, "user/angle": -0.4433423871578112, "user/throttle": 0.26877773369548635, "imu/gyr_z": 27.404580152671755}