{"imu/acl_x": -0.3711012573242187, "imu/gyr_y": -7.801526717557252, "imu/temp": 32.624117647058824, "imu/acl_y": -1.0271125122070313, "imu/acl_z": 9.658209497070311, "user/mode": "user", "cam/image_array": "902_cam-image_array_.jpg", "imu/gyr_x": 4.8396946564885495, "user/angle": 0.4845423749504074, "user/throttle": 0.27218176824243906, "imu/gyr_z": -23.404580152671755}