{"imu/acl_x": 2.8275521606445313, "imu/gyr_y": -4.732824427480916, "imu/temp": 33.04764705882353, "imu/acl_y": 0.44053310546874996, "imu/acl_z": 9.4618849609375, "user/mode": "user", "cam/image_array": "162_cam-image_array_.jpg", "imu/gyr_x": -10.122137404580153, "user/angle": -0.2783593249305704, "user/throttle": 0.2619696646015809, "imu/gyr_z": -7.030534351145038}