{"imu/acl_x": 0.01915361328125, "imu/gyr_y": 0.6717557251908397, "imu/temp": 33.00058823529412, "imu/acl_y": 0.17477672119140625, "imu/acl_z": 10.079588989257813, "user/mode": "user", "cam/image_array": "7_cam-image_array_.jpg", "imu/gyr_x": -2.9618320610687023, "user/angle": 0.0, "user/throttle": 0.09526261177404097, "imu/gyr_z": -1.3969465648854962}