{"imu/acl_x": -1.2808978881835937, "imu/gyr_y": -1.8702290076335877, "imu/temp": 33.47117647058823, "imu/acl_y": -0.373495458984375, "imu/acl_z": 9.957484704589843, "user/mode": "user", "cam/image_array": "762_cam-image_array_.jpg", "imu/gyr_x": -2.312977099236641, "user/angle": -1.0, "user/throttle": 0.2653736991485336, "imu/gyr_z": 64.7557251908397}