{"imu/acl_x": -1.5059528442382812, "imu/gyr_y": 23.328244274809162, "imu/temp": 33.04764705882353, "imu/acl_y": 0.17477672119140625, "imu/acl_z": 9.777919580078125, "user/mode": "user", "cam/image_array": "138_cam-image_array_.jpg", "imu/gyr_x": 2.572519083969466, "user/angle": -1.0, "user/throttle": 0.26877773369548635, "imu/gyr_z": 59.38931297709924}