{"imu/acl_x": 3.5601778686523438, "imu/gyr_y": 19.610687022900763, "imu/temp": 32.671176470588236, "imu/acl_y": 0.3711012573242187, "imu/acl_z": 6.797138513183594, "user/mode": "user", "cam/image_array": "992_cam-image_array_.jpg", "imu/gyr_x": -2.9618320610687023, "user/angle": 0.0, "user/throttle": 0.27218176824243906, "imu/gyr_z": -66.92366412213741}