{"imu/acl_x": -0.1197100830078125, "imu/gyr_y": 0.6183206106870229, "imu/temp": 32.671176470588236, "imu/acl_y": 0.201112939453125, "imu/acl_z": 10.568006127929687, "user/mode": "user", "cam/image_array": "1505_cam-image_array_.jpg", "imu/gyr_x": 3.1297709923664123, "user/angle": -1.0, "user/throttle": 0.2755757316812647, "imu/gyr_z": 57.01526717557252}