{"imu/acl_x": 1.6735469604492186, "imu/gyr_y": 15.709923664122137, "imu/temp": 32.624117647058824, "imu/acl_y": -0.6536170532226562, "imu/acl_z": 12.184092248535155, "user/mode": "user", "cam/image_array": "1080_cam-image_array_.jpg", "imu/gyr_x": -3.7022900763358777, "user/angle": -0.195898312326426, "user/throttle": 0.27218176824243906, "imu/gyr_z": -9.755725190839694}