{"imu/acl_x": 1.2138602416992186, "imu/gyr_y": -5.4961832061068705, "imu/temp": 31.777058823529412, "imu/acl_y": 1.47482822265625, "imu/acl_z": 9.131485131835937, "user/mode": "user", "cam/image_array": "1797_cam-image_array_.jpg", "imu/gyr_x": -11.465648854961833, "user/angle": -0.8557084871974853, "user/throttle": 0.27218176824243906, "imu/gyr_z": 68.86259541984732}