{"imu/acl_x": -0.3950432739257812, "imu/gyr_y": -2.099236641221374, "imu/temp": 32.53, "imu/acl_y": 0.18914193115234373, "imu/acl_z": 9.832986218261718, "user/mode": "user", "cam/image_array": "881_cam-image_array_.jpg", "imu/gyr_x": 1.3511450381679388, "user/angle": -0.8453932309945982, "user/throttle": 0.2755757316812647, "imu/gyr_z": 74.85496183206106}