{"imu/acl_x": -2.310404602050781, "imu/gyr_y": -7.358778625954199, "imu/temp": 33.00058823529412, "imu/acl_y": 1.0462661254882812, "imu/acl_z": 10.613495959472656, "user/mode": "user", "cam/image_array": "22_cam-image_array_.jpg", "imu/gyr_x": -1.7328244274809161, "user/angle": -0.24744407483138522, "user/throttle": 0.21774742881557665, "imu/gyr_z": -5.793893129770993}