{"imu/acl_x": 0.28012159423828126, "imu/gyr_y": 2.83206106870229, "imu/temp": 31.965294117647062, "imu/acl_y": 0.6392518432617187, "imu/acl_z": 7.003039855957031, "user/mode": "user", "cam/image_array": "1656_cam-image_array_.jpg", "imu/gyr_x": 10.244274809160306, "user/angle": -1.0, "user/throttle": 0.2755757316812647, "imu/gyr_z": 96.95419847328245}