{"imu/acl_x": -1.1180921752929687, "imu/gyr_y": -5.908396946564886, "imu/temp": 32.388823529411766, "imu/acl_y": 1.924938134765625, "imu/acl_z": 11.286266625976562, "user/mode": "user", "cam/image_array": "1227_cam-image_array_.jpg", "imu/gyr_x": -9.244274809160306, "user/angle": -0.6598406933805353, "user/throttle": 0.2789797662282174, "imu/gyr_z": 53.41984732824427}