{"imu/acl_x": -0.8164227661132812, "imu/gyr_y": -0.3053435114503817, "imu/temp": 32.76529411764706, "imu/acl_y": -0.25139117431640623, "imu/acl_z": 9.897629663085937, "user/mode": "user", "cam/image_array": "786_cam-image_array_.jpg", "imu/gyr_x": -2.404580152671756, "user/angle": 1.0, "user/throttle": 0.2619696646015809, "imu/gyr_z": -74.2442748091603}