{"imu/acl_x": -0.5458779785156249, "imu/gyr_y": -4.66412213740458, "imu/temp": 33.09470588235294, "imu/acl_y": 0.4572925170898437, "imu/acl_z": 7.517793212890624, "user/mode": "user", "cam/image_array": "412_cam-image_array_.jpg", "imu/gyr_x": -4.862595419847328, "user/angle": -0.28867458113345745, "user/throttle": 0.2653736991485336, "imu/gyr_z": 38.82442748091603}