{"imu/acl_x": 1.7956512451171873, "imu/gyr_y": 3.687022900763359, "imu/temp": 32.341764705882355, "imu/acl_y": 0.07422025146484375, "imu/acl_z": 8.475473876953124, "user/mode": "user", "cam/image_array": "1308_cam-image_array_.jpg", "imu/gyr_x": 1.6564885496183206, "user/angle": 0.11337626270332957, "user/throttle": 0.2755757316812647, "imu/gyr_z": -7.083969465648855}