{"imu/acl_x": -0.09816226806640624, "imu/gyr_y": 10.625954198473282, "imu/temp": 32.388823529411766, "imu/acl_y": 0.9983820922851562, "imu/acl_z": 11.834538806152343, "user/mode": "user", "cam/image_array": "1219_cam-image_array_.jpg", "imu/gyr_x": 5.625954198473282, "user/angle": -1.0, "user/throttle": 0.27218176824243906, "imu/gyr_z": 61.7557251908397}