{"imu/acl_x": 1.8411410766601561, "imu/gyr_y": 12.320610687022901, "imu/temp": 32.624117647058824, "imu/acl_y": -1.0893617553710937, "imu/acl_z": 7.6231380859375, "user/mode": "user", "cam/image_array": "981_cam-image_array_.jpg", "imu/gyr_x": -6.106870229007634, "user/angle": 0.6494949186681722, "user/throttle": 0.27218176824243906, "imu/gyr_z": -33.274809160305345}