{"imu/acl_x": -0.26336218261718747, "imu/gyr_y": -8.274809160305344, "imu/temp": 32.1064705882353, "imu/acl_y": 0.7709329345703124, "imu/acl_z": 7.730877160644531, "user/mode": "user", "cam/image_array": "1498_cam-image_array_.jpg", "imu/gyr_x": -16.34351145038168, "user/angle": 0.0, "user/throttle": 0.2755757316812647, "imu/gyr_z": -37.3587786259542}