{"imu/acl_x": 0.5386953735351562, "imu/gyr_y": 40.19083969465649, "imu/temp": 32.059411764705885, "imu/acl_y": -0.28012159423828126, "imu/acl_z": 12.904746948242186, "user/mode": "user", "cam/image_array": "1468_cam-image_array_.jpg", "imu/gyr_x": 2.2061068702290076, "user/angle": -0.7732474745933409, "user/throttle": 0.2755757316812647, "imu/gyr_z": 67.13740458015268}