{"imu/acl_x": -0.7230489013671875, "imu/gyr_y": 21.358778625954198, "imu/temp": 32.953529411764706, "imu/acl_y": 0.8188169677734375, "imu/acl_z": 11.647791076660155, "user/mode": "user", "cam/image_array": "617_cam-image_array_.jpg", "imu/gyr_x": -14.389312977099237, "user/angle": -0.7526169621875668, "user/throttle": 0.2619696646015809, "imu/gyr_z": 43.82442748091603}