{"imu/acl_x": 2.9089550170898435, "imu/gyr_y": 3.7099236641221376, "imu/temp": 33.09470588235294, "imu/acl_y": 0.44053310546874996, "imu/acl_z": 11.274295617675781, "user/mode": "user", "cam/image_array": "294_cam-image_array_.jpg", "imu/gyr_x": -6.625954198473282, "user/angle": -0.08249153111362041, "user/throttle": 0.26877773369548635, "imu/gyr_z": -5.816793893129771}