{"imu/acl_x": -0.3327940307617187, "imu/gyr_y": 8.320610687022901, "imu/temp": 33.09470588235294, "imu/acl_y": 0.1197100830078125, "imu/acl_z": 11.968614099121092, "user/mode": "user", "cam/image_array": "273_cam-image_array_.jpg", "imu/gyr_x": -0.09923664122137404, "user/angle": -0.5670339060640278, "user/throttle": 0.26877773369548635, "imu/gyr_z": 35.603053435114504}