{"imu/acl_x": -2.5354595581054684, "imu/gyr_y": 1.8015267175572518, "imu/temp": 32.81235294117647, "imu/acl_y": 0.39264907226562495, "imu/acl_z": 11.628637463378906, "user/mode": "user", "cam/image_array": "647_cam-image_array_.jpg", "imu/gyr_x": -4.419847328244275, "user/angle": -0.46394238105410934, "user/throttle": 0.2619696646015809, "imu/gyr_z": 29.091603053435115}