{"imu/acl_x": -0.00239420166015625, "imu/gyr_y": -1.0916030534351144, "imu/temp": 33.04764705882353, "imu/acl_y": -0.7015010864257812, "imu/acl_z": 12.016498132324218, "user/mode": "user", "cam/image_array": "341_cam-image_array_.jpg", "imu/gyr_x": 0.8625954198473282, "user/angle": 0.7525864436780908, "user/throttle": 0.2653736991485336, "imu/gyr_z": -64.41984732824427}