{"imu/acl_x": -1.1755530151367186, "imu/gyr_y": -8.526717557251908, "imu/temp": 32.24764705882353, "imu/acl_y": 1.1324573852539062, "imu/acl_z": 11.602301245117188, "user/mode": "user", "cam/image_array": "1360_cam-image_array_.jpg", "imu/gyr_x": -3.267175572519084, "user/angle": -1.0, "user/throttle": 0.2755757316812647, "imu/gyr_z": 86.3206106870229}