{"imu/acl_x": 1.2808978881835937, "imu/gyr_y": 1.9541984732824427, "imu/temp": 32.388823529411766, "imu/acl_y": -0.612915625, "imu/acl_z": 8.839392529296875, "user/mode": "user", "cam/image_array": "1116_cam-image_array_.jpg", "imu/gyr_x": -6.442748091603053, "user/angle": 0.6598101748710593, "user/throttle": 0.27218176824243906, "imu/gyr_z": -41.61832061068702}