{"imu/acl_x": -0.5626373901367188, "imu/gyr_y": 0.0, "imu/temp": 32.71823529411765, "imu/acl_y": -0.3184288208007812, "imu/acl_z": 11.195286962890624, "user/mode": "user", "cam/image_array": "1526_cam-image_array_.jpg", "imu/gyr_x": 2.7480916030534353, "user/angle": -0.5670339060640278, "user/throttle": 0.27218176824243906, "imu/gyr_z": 30.16030534351145}