{"imu/acl_x": -1.5753846923828123, "imu/gyr_y": 15.625954198473282, "imu/temp": 32.57705882352941, "imu/acl_y": 1.6998831787109374, "imu/acl_z": 11.501744775390625, "user/mode": "user", "cam/image_array": "1066_cam-image_array_.jpg", "imu/gyr_x": 15.15267175572519, "user/angle": -0.4330271309549242, "user/throttle": 0.27218176824243906, "imu/gyr_z": 43.13740458015267}