{"imu/acl_x": -1.0199299072265624, "imu/gyr_y": -5.122137404580153, "imu/temp": 33.00058823529412, "imu/acl_y": 0.3112462158203125, "imu/acl_z": 10.457872851562499, "user/mode": "user", "cam/image_array": "544_cam-image_array_.jpg", "imu/gyr_x": 5.541984732824427, "user/angle": -0.8350779747917112, "user/throttle": 0.2857878353221229, "imu/gyr_z": 42.69465648854962}