{"imu/acl_x": -1.6232687255859375, "imu/gyr_y": 23.480916030534353, "imu/temp": 32.85941176470588, "imu/acl_y": -0.5243301635742187, "imu/acl_z": 9.93354268798828, "user/mode": "user", "cam/image_array": "562_cam-image_array_.jpg", "imu/gyr_x": -8.977099236641221, "user/angle": 0.6907254249702445, "user/throttle": 0.27218176824243906, "imu/gyr_z": -69.0381679389313}