{"imu/acl_x": -1.484405029296875, "imu/gyr_y": -6.015267175572519, "imu/temp": 32.48294117647059, "imu/acl_y": 1.5562310791015623, "imu/acl_z": 12.184092248535155, "user/mode": "user", "cam/image_array": "1079_cam-image_array_.jpg", "imu/gyr_x": -10.564885496183207, "user/angle": 0.0, "user/throttle": 0.27218176824243906, "imu/gyr_z": -9.381679389312977}