{"imu/acl_x": 1.0103531005859374, "imu/gyr_y": 6.740458015267175, "imu/temp": 33.09470588235294, "imu/acl_y": 0.7924807495117187, "imu/acl_z": 11.06360587158203, "user/mode": "user", "cam/image_array": "104_cam-image_array_.jpg", "imu/gyr_x": 1.633587786259542, "user/angle": 0.4742271187475204, "user/throttle": 0.26877773369548635, "imu/gyr_z": -21.72519083969466}