{"imu/acl_x": 0.6871358764648438, "imu/gyr_y": 2.687022900763359, "imu/temp": 32.388823529411766, "imu/acl_y": -0.59376201171875, "imu/acl_z": 10.194510668945313, "user/mode": "user", "cam/image_array": "1211_cam-image_array_.jpg", "imu/gyr_x": 5.641221374045801, "user/angle": -1.0, "user/throttle": 0.27218176824243906, "imu/gyr_z": 59.717557251908396}