{"imu/acl_x": -1.0271125122070313, "imu/gyr_y": 7.541984732824427, "imu/temp": 32.1064705882353, "imu/acl_y": -0.6009446166992187, "imu/acl_z": 8.779537487792968, "user/mode": "user", "cam/image_array": "1450_cam-image_array_.jpg", "imu/gyr_x": 6.419847328244275, "user/angle": -0.37116611224707785, "user/throttle": 0.2755757316812647, "imu/gyr_z": 40.63358778625954}