{"imu/acl_x": 4.311957189941406, "imu/gyr_y": 5.854961832061068, "imu/temp": 32.671176470588236, "imu/acl_y": -0.1580173095703125, "imu/acl_z": 11.427524523925781, "user/mode": "user", "cam/image_array": "896_cam-image_array_.jpg", "imu/gyr_x": -7.641221374045801, "user/angle": -0.08249153111362041, "user/throttle": 0.2755757316812647, "imu/gyr_z": 45.778625954198475}