{"imu/acl_x": 2.7916391357421872, "imu/gyr_y": 4.442748091603053, "imu/temp": 31.91823529411765, "imu/acl_y": 1.936909143066406, "imu/acl_z": 11.841721411132811, "user/mode": "user", "cam/image_array": "1710_cam-image_array_.jpg", "imu/gyr_x": -1.0229007633587786, "user/angle": -1.0, "user/throttle": 0.2755757316812647, "imu/gyr_z": 89.03053435114504}