{"imu/acl_x": 1.7501614135742187, "imu/gyr_y": 9.816793893129772, "imu/temp": 32.341764705882355, "imu/acl_y": 0.35673604736328124, "imu/acl_z": 9.866505041503906, "user/mode": "user", "cam/image_array": "1236_cam-image_array_.jpg", "imu/gyr_x": -10.603053435114504, "user/angle": -0.7629322183904538, "user/throttle": 0.2789797662282174, "imu/gyr_z": 46.66412213740458}