{"imu/acl_x": 0.8762778076171874, "imu/gyr_y": -0.16793893129770993, "imu/temp": 32.906470588235294, "imu/acl_y": 0.5291185668945312, "imu/acl_z": 8.449137658691406, "user/mode": "user", "cam/image_array": "547_cam-image_array_.jpg", "imu/gyr_x": -9.13740458015267, "user/angle": -1.0, "user/throttle": 0.28238380077517017, "imu/gyr_z": 60.87022900763359}