{"imu/acl_x": -0.14125789794921875, "imu/gyr_y": -0.030534351145038167, "imu/temp": 32.012352941176474, "imu/acl_y": 0.5626373901367188, "imu/acl_z": 12.126631408691406, "user/mode": "user", "cam/image_array": "1527_cam-image_array_.jpg", "imu/gyr_x": 15.549618320610687, "user/angle": -0.6082949308755761, "user/throttle": 0.2755757316812647, "imu/gyr_z": 41.587786259541986}