{"imu/acl_x": -2.114080065917969, "imu/gyr_y": -14.320610687022901, "imu/temp": 32.388823529411766, "imu/acl_y": 0.14604630126953125, "imu/acl_z": 10.199299072265624, "user/mode": "user", "cam/image_array": "1139_cam-image_array_.jpg", "imu/gyr_x": 1.717557251908397, "user/angle": -0.8763389996032593, "user/throttle": 0.27218176824243906, "imu/gyr_z": 63.97709923664122}