{"imu/acl_x": 2.3056161987304686, "imu/gyr_y": -0.45038167938931295, "imu/temp": 32.53, "imu/acl_y": 0.5985504150390625, "imu/acl_z": 8.334215979003906, "user/mode": "user", "cam/image_array": "1071_cam-image_array_.jpg", "imu/gyr_x": -7.320610687022901, "user/angle": 0.0, "user/throttle": 0.27218176824243906, "imu/gyr_z": -5.236641221374046}