{"imu/acl_x": -2.2098481323242187, "imu/gyr_y": -10.229007633587786, "imu/temp": 33.14176470588235, "imu/acl_y": 0.4381389038085937, "imu/acl_z": 9.198522778320312, "user/mode": "user", "cam/image_array": "276_cam-image_array_.jpg", "imu/gyr_x": -6.7251908396946565, "user/angle": -0.7629322183904538, "user/throttle": 0.26877773369548635, "imu/gyr_z": 43.81679389312977}