{"imu/acl_x": 1.8124106567382812, "imu/gyr_y": 8.236641221374045, "imu/temp": 32.953529411764706, "imu/acl_y": 2.5809493896484375, "imu/acl_z": 9.710881933593749, "user/mode": "user", "cam/image_array": "500_cam-image_array_.jpg", "imu/gyr_x": -23.870229007633586, "user/angle": -0.6598406933805353, "user/throttle": 0.2653736991485336, "imu/gyr_z": 49.343511450381676}