{"imu/acl_x": 2.81558115234375, "imu/gyr_y": -0.4580152671755725, "imu/temp": 32.953529411764706, "imu/acl_y": -1.3766659545898436, "imu/acl_z": 11.69567510986328, "user/mode": "user", "cam/image_array": "560_cam-image_array_.jpg", "imu/gyr_x": -6.038167938931298, "user/angle": 0.6907254249702445, "user/throttle": 0.27218176824243906, "imu/gyr_z": -26.35114503816794}