{"imu/acl_x": 0.8355763793945312, "imu/gyr_y": 8.236641221374045, "imu/temp": 32.24764705882353, "imu/acl_y": -2.540247961425781, "imu/acl_z": 8.238447912597655, "user/mode": "user", "cam/image_array": "1384_cam-image_array_.jpg", "imu/gyr_x": 4.549618320610687, "user/angle": 0.8659932248908964, "user/throttle": 0.27218176824243906, "imu/gyr_z": -88.83206106870229}