{"imu/acl_x": 0.4285620971679687, "imu/gyr_y": 3.931297709923664, "imu/temp": 31.777058823529412, "imu/acl_y": 0.6057330200195312, "imu/acl_z": 13.682862487792969, "user/mode": "user", "cam/image_array": "1752_cam-image_array_.jpg", "imu/gyr_x": -5.824427480916031, "user/angle": -1.0, "user/throttle": 0.27218176824243906, "imu/gyr_z": 79.00763358778626}