{"imu/acl_x": 4.4196962646484375, "imu/gyr_y": -13.290076335877863, "imu/temp": 32.059411764705885, "imu/acl_y": -0.14604630126953125, "imu/acl_z": 11.537657800292967, "user/mode": "user", "cam/image_array": "1480_cam-image_array_.jpg", "imu/gyr_x": -1.916030534351145, "user/angle": -1.0, "user/throttle": 0.27218176824243906, "imu/gyr_z": 90.7175572519084}