{"imu/acl_x": -1.3192051147460937, "imu/gyr_y": -0.17557251908396945, "imu/temp": 33.42411764705882, "imu/acl_y": 0.21787235107421873, "imu/acl_z": 10.39322940673828, "user/mode": "user", "cam/image_array": "831_cam-image_array_.jpg", "imu/gyr_x": -7.641221374045801, "user/angle": -0.6598406933805353, "user/throttle": 0.2755757316812647, "imu/gyr_z": -9.564885496183207}