{"imu/acl_x": -1.4939818359375, "imu/gyr_y": -2.122137404580153, "imu/temp": 33.00058823529412, "imu/acl_y": 0.277727392578125, "imu/acl_z": 13.134590307617186, "user/mode": "user", "cam/image_array": "382_cam-image_array_.jpg", "imu/gyr_x": -1.7633587786259541, "user/angle": -0.783532212286752, "user/throttle": 0.2653736991485336, "imu/gyr_z": 52.847328244274806}