{"imu/acl_x": -0.3184288208007812, "imu/gyr_y": 6.687022900763359, "imu/temp": 32.43588235294118, "imu/acl_y": 1.4030021728515625, "imu/acl_z": 8.243236315917969, "user/mode": "user", "cam/image_array": "1257_cam-image_array_.jpg", "imu/gyr_x": -17.549618320610687, "user/angle": -0.6495254371776482, "user/throttle": 0.2755757316812647, "imu/gyr_z": 2.8931297709923665}