{"imu/acl_x": 1.2641384765625, "imu/gyr_y": 7.480916030534351, "imu/temp": 31.73, "imu/acl_y": 1.5227122558593749, "imu/acl_z": 10.824185705566405, "user/mode": "user", "cam/image_array": "1850_cam-image_array_.jpg", "imu/gyr_x": 8.664122137404581, "user/angle": -0.8660237434003724, "user/throttle": 0.27218176824243906, "imu/gyr_z": 84.04580152671755}