{"imu/acl_x": 2.1930887207031247, "imu/gyr_y": 2.33587786259542, "imu/temp": 33.47117647058823, "imu/acl_y": 0.45968671875, "imu/acl_z": 9.919177478027343, "user/mode": "user", "cam/image_array": "858_cam-image_array_.jpg", "imu/gyr_x": -4.786259541984733, "user/angle": 0.0, "user/throttle": 0.2755757316812647, "imu/gyr_z": -6.6106870229007635}