{"imu/acl_x": 0.6536170532226562, "imu/gyr_y": 3.618320610687023, "imu/temp": 31.965294117647062, "imu/acl_y": -0.5674257934570313, "imu/acl_z": 9.581595043945311, "user/mode": "user", "cam/image_array": "1589_cam-image_array_.jpg", "imu/gyr_x": -1.4122137404580153, "user/angle": -1.0, "user/throttle": 0.2755757316812647, "imu/gyr_z": 86.43511450381679}