{"imu/acl_x": 2.5617957763671875, "imu/gyr_y": 4.763358778625954, "imu/temp": 32.48294117647059, "imu/acl_y": 0.06464344482421874, "imu/acl_z": 9.188945971679686, "user/mode": "user", "cam/image_array": "1042_cam-image_array_.jpg", "imu/gyr_x": -4.282442748091603, "user/angle": 0.0, "user/throttle": 0.27218176824243906, "imu/gyr_z": -5.175572519083969}