{"imu/acl_x": 1.3575123413085937, "imu/gyr_y": -0.22900763358778625, "imu/temp": 32.71823529411765, "imu/acl_y": -0.488417138671875, "imu/acl_z": 12.102689392089843, "user/mode": "user", "cam/image_array": "859_cam-image_array_.jpg", "imu/gyr_x": 3.5877862595419847, "user/angle": 0.0, "user/throttle": 0.2755757316812647, "imu/gyr_z": -6.030534351145038}