{"imu/acl_x": -1.0103531005859374, "imu/gyr_y": 2.2213740458015265, "imu/temp": 32.85941176470588, "imu/acl_y": 1.8004396484374998, "imu/acl_z": 9.421183532714844, "user/mode": "user", "cam/image_array": "746_cam-image_array_.jpg", "imu/gyr_x": -3.3435114503816794, "user/angle": -0.7526169621875668, "user/throttle": 0.2653736991485336, "imu/gyr_z": 56.18320610687023}