{"imu/acl_x": -0.07900865478515624, "imu/gyr_y": -7.694656488549619, "imu/temp": 31.777058823529412, "imu/acl_y": 0.11731588134765625, "imu/acl_z": 7.520187414550781, "user/mode": "user", "cam/image_array": "1856_cam-image_array_.jpg", "imu/gyr_x": -7.2748091603053435, "user/angle": 0.0, "user/throttle": 0.27218176824243906, "imu/gyr_z": -5.030534351145038}