{"imu/acl_x": -1.005564697265625, "imu/gyr_y": 3.2977099236641223, "imu/temp": 32.388823529411766, "imu/acl_y": 0.062249243164062495, "imu/acl_z": 12.152967626953124, "user/mode": "user", "cam/image_array": "1233_cam-image_array_.jpg", "imu/gyr_x": 10.511450381679388, "user/angle": -0.597979674672689, "user/throttle": 0.2789797662282174, "imu/gyr_z": 22.374045801526716}