{"imu/acl_x": -1.2761094848632812, "imu/gyr_y": -6.0458015267175576, "imu/temp": 33.04764705882353, "imu/acl_y": 0.7326257080078125, "imu/acl_z": 10.070012182617187, "user/mode": "user", "cam/image_array": "369_cam-image_array_.jpg", "imu/gyr_x": -2.282442748091603, "user/angle": -1.0, "user/throttle": 0.2653736991485336, "imu/gyr_z": 62.465648854961835}