{"imu/acl_x": -0.7709329345703124, "imu/gyr_y": -0.4732824427480916, "imu/temp": 31.965294117647062, "imu/acl_y": 1.5179238525390624, "imu/acl_z": 11.288660827636718, "user/mode": "user", "cam/image_array": "1584_cam-image_array_.jpg", "imu/gyr_x": -10.435114503816793, "user/angle": -1.0, "user/throttle": 0.2755757316812647, "imu/gyr_z": 82.38167938931298}