{"imu/acl_x": -2.5258827514648434, "imu/gyr_y": 2.3053435114503817, "imu/temp": 32.1064705882353, "imu/acl_y": 0.22744915771484372, "imu/acl_z": 10.338162768554687, "user/mode": "user", "cam/image_array": "1393_cam-image_array_.jpg", "imu/gyr_x": 14.0, "user/angle": -1.0, "user/throttle": 0.2755757316812647, "imu/gyr_z": 44.12213740458015}