{"imu/acl_x": -0.055066638183593745, "imu/gyr_y": -15.0, "imu/temp": 32.341764705882355, "imu/acl_y": 1.93451494140625, "imu/acl_z": 11.822567797851562, "user/mode": "user", "cam/image_array": "1249_cam-image_array_.jpg", "imu/gyr_x": -13.702290076335878, "user/angle": 0.0, "user/throttle": 0.2755757316812647, "imu/gyr_z": 34.030534351145036}