{"imu/acl_x": -1.20667763671875, "imu/gyr_y": -12.595419847328245, "imu/temp": 32.57705882352941, "imu/acl_y": 2.224213342285156, "imu/acl_z": 8.769960681152343, "user/mode": "user", "cam/image_array": "1090_cam-image_array_.jpg", "imu/gyr_x": -2.4732824427480917, "user/angle": -1.0, "user/throttle": 0.27218176824243906, "imu/gyr_z": 81.65648854961832}