{"imu/acl_x": -2.0877438476562498, "imu/gyr_y": -22.404580152671755, "imu/temp": 32.012352941176474, "imu/acl_y": 0.9409212524414062, "imu/acl_z": 9.557653027343749, "user/mode": "user", "cam/image_array": "1587_cam-image_array_.jpg", "imu/gyr_x": -8.625954198473282, "user/angle": -1.0, "user/throttle": 0.2755757316812647, "imu/gyr_z": 84.0}