{"imu/acl_x": 0.5219359619140624, "imu/gyr_y": 0.6946564885496184, "imu/temp": 31.353529411764708, "imu/acl_y": 0.5746083984375, "imu/acl_z": 8.851363537597656, "user/mode": "user", "cam/image_array": "1491_cam-image_array_.jpg", "imu/gyr_x": -20.458015267175572, "user/angle": 0.45359660634174626, "user/throttle": 0.27218176824243906, "imu/gyr_z": -44.47328244274809}