{"imu/acl_x": 0.7038952880859375, "imu/gyr_y": 2.122137404580153, "imu/temp": 33.14176470588235, "imu/acl_y": -0.40940848388671874, "imu/acl_z": 8.47786807861328, "user/mode": "user", "cam/image_array": "318_cam-image_array_.jpg", "imu/gyr_x": -5.190839694656488, "user/angle": -1.0, "user/throttle": 0.26877773369548635, "imu/gyr_z": 63.465648854961835}