{"imu/acl_x": -2.7820623291015623, "imu/gyr_y": -3.854961832061069, "imu/temp": 32.57705882352941, "imu/acl_y": -0.00718260498046875, "imu/acl_z": 6.330269189453125, "user/mode": "user", "cam/image_array": "918_cam-image_array_.jpg", "imu/gyr_x": -7.580152671755725, "user/angle": -1.0, "user/throttle": 0.27218176824243906, "imu/gyr_z": 66.61832061068702}