{"imu/acl_x": -1.2378022583007813, "imu/gyr_y": -3.946564885496183, "imu/temp": 32.53, "imu/acl_y": 0.7661445312499999, "imu/acl_z": 11.712434521484374, "user/mode": "user", "cam/image_array": "1072_cam-image_array_.jpg", "imu/gyr_x": -3.854961832061069, "user/angle": 0.0, "user/throttle": 0.27218176824243906, "imu/gyr_z": -10.488549618320612}