{"imu/acl_x": 1.149216796875, "imu/gyr_y": 9.65648854961832, "imu/temp": 32.953529411764706, "imu/acl_y": 1.0821791503906248, "imu/acl_z": 10.488997473144531, "user/mode": "user", "cam/image_array": "681_cam-image_array_.jpg", "imu/gyr_x": -2.0839694656488548, "user/angle": -1.0, "user/throttle": 0.2653736991485336, "imu/gyr_z": 58.099236641221374}