{"imu/acl_x": 0.031124621582031248, "imu/gyr_y": -6.32824427480916, "imu/temp": 32.671176470588236, "imu/acl_y": -1.3479355346679687, "imu/acl_z": 8.662221606445312, "user/mode": "user", "cam/image_array": "1558_cam-image_array_.jpg", "imu/gyr_x": 5.801526717557252, "user/angle": 0.7216711935789056, "user/throttle": 0.2755757316812647, "imu/gyr_z": -65.61832061068702}