{"imu/acl_x": -0.38786066894531246, "imu/gyr_y": 4.572519083969466, "imu/temp": 31.965294117647062, "imu/acl_y": 1.4221557861328125, "imu/acl_z": 10.165780249023436, "user/mode": "user", "cam/image_array": "1695_cam-image_array_.jpg", "imu/gyr_x": 9.870229007633588, "user/angle": 0.0, "user/throttle": 0.27218176824243906, "imu/gyr_z": 49.44274809160305}