{"imu/acl_x": -0.8403647827148437, "imu/gyr_y": -2.801526717557252, "imu/temp": 33.04764705882353, "imu/acl_y": 0.48123453369140623, "imu/acl_z": 12.097900988769531, "user/mode": "user", "cam/image_array": "467_cam-image_array_.jpg", "imu/gyr_x": 6.358778625954199, "user/angle": -0.9794305246131779, "user/throttle": 0.26877773369548635, "imu/gyr_z": 76.09160305343511}