{"imu/acl_x": 0.22505495605468748, "imu/gyr_y": -0.45038167938931295, "imu/temp": 32.20058823529412, "imu/acl_y": -0.5123591552734374, "imu/acl_z": 12.107477795410155, "user/mode": "user", "cam/image_array": "1414_cam-image_array_.jpg", "imu/gyr_x": 3.183206106870229, "user/angle": -0.5567186498611408, "user/throttle": 0.2755757316812647, "imu/gyr_z": 24.87786259541985}