{"imu/acl_x": -1.3287819213867187, "imu/gyr_y": 0.9541984732824428, "imu/temp": 31.777058823529412, "imu/acl_y": 0.59376201171875, "imu/acl_z": 7.486668591308593, "user/mode": "user", "cam/image_array": "1844_cam-image_array_.jpg", "imu/gyr_x": -3.2442748091603053, "user/angle": -1.0, "user/throttle": 0.27218176824243906, "imu/gyr_z": 80.57251908396947}