{"imu/acl_x": 0.7852981445312499, "imu/gyr_y": -7.702290076335878, "imu/temp": 33.09470588235294, "imu/acl_y": -0.16519991455078123, "imu/acl_z": 8.56166513671875, "user/mode": "user", "cam/image_array": "470_cam-image_array_.jpg", "imu/gyr_x": 5.6106870229007635, "user/angle": 0.0, "user/throttle": 0.2653736991485336, "imu/gyr_z": 49.954198473282446}