{"imu/acl_x": 0.9193734375, "imu/gyr_y": -6.0534351145038165, "imu/temp": 33.00058823529412, "imu/acl_y": 1.8842367065429686, "imu/acl_z": 8.920795385742187, "user/mode": "user", "cam/image_array": "77_cam-image_array_.jpg", "imu/gyr_x": -20.03053435114504, "user/angle": -1.0, "user/throttle": 0.27218176824243906, "imu/gyr_z": 54.20610687022901}