{"imu/acl_x": -3.181894006347656, "imu/gyr_y": -0.48091603053435117, "imu/temp": 32.24764705882353, "imu/acl_y": 0.4261678955078125, "imu/acl_z": 11.935095275878906, "user/mode": "user", "cam/image_array": "1264_cam-image_array_.jpg", "imu/gyr_x": 3.687022900763359, "user/angle": -0.783532212286752, "user/throttle": 0.2755757316812647, "imu/gyr_z": 59.05343511450382}