{"imu/acl_x": 1.8555062866210936, "imu/gyr_y": -8.885496183206106, "imu/temp": 33.04764705882353, "imu/acl_y": 1.9105729248046874, "imu/acl_z": 10.204087475585936, "user/mode": "user", "cam/image_array": "442_cam-image_array_.jpg", "imu/gyr_x": -19.564885496183205, "user/angle": -0.6598406933805353, "user/throttle": 0.26877773369548635, "imu/gyr_z": 27.61832061068702}