{"imu/acl_x": -2.8467057739257813, "imu/gyr_y": -6.129770992366412, "imu/temp": 31.965294117647062, "imu/acl_y": 1.6112977172851561, "imu/acl_z": 13.460201733398437, "user/mode": "user", "cam/image_array": "1592_cam-image_array_.jpg", "imu/gyr_x": -2.8702290076335877, "user/angle": -1.0, "user/throttle": 0.2755757316812647, "imu/gyr_z": 84.90839694656489}