{"imu/acl_x": -2.8131869506835936, "imu/gyr_y": -4.480916030534351, "imu/temp": 32.059411764705885, "imu/acl_y": 2.0973206542968748, "imu/acl_z": 16.754623217773435, "user/mode": "user", "cam/image_array": "1479_cam-image_array_.jpg", "imu/gyr_x": 12.534351145038167, "user/angle": -1.0, "user/throttle": 0.2755757316812647, "imu/gyr_z": 93.20610687022901}