{"imu/acl_x": -3.1076737548828124, "imu/gyr_y": 2.0381679389312977, "imu/temp": 32.906470588235294, "imu/acl_y": -1.5921441040039062, "imu/acl_z": 7.362170104980469, "user/mode": "user", "cam/image_array": "489_cam-image_array_.jpg", "imu/gyr_x": -12.297709923664122, "user/angle": -0.391766106143376, "user/throttle": 0.2653736991485336, "imu/gyr_z": 12.381679389312977}