{"imu/acl_x": 1.9105729248046874, "imu/gyr_y": 18.732824427480917, "imu/temp": 33.04764705882353, "imu/acl_y": 0.93852705078125, "imu/acl_z": 8.683769421386717, "user/mode": "user", "cam/image_array": "411_cam-image_array_.jpg", "imu/gyr_x": -13.793893129770993, "user/angle": -0.5051728873561815, "user/throttle": 0.2653736991485336, "imu/gyr_z": 45.43511450381679}