{"imu/acl_x": -1.3814543579101561, "imu/gyr_y": 29.641221374045802, "imu/temp": 33.04764705882353, "imu/acl_y": 0.6200982299804687, "imu/acl_z": 12.696451403808593, "user/mode": "user", "cam/image_array": "432_cam-image_array_.jpg", "imu/gyr_x": -3.66412213740458, "user/angle": 0.0, "user/throttle": 0.2653736991485336, "imu/gyr_z": 7.557251908396947}