{"imu/acl_x": 0.9193734375, "imu/gyr_y": 17.9618320610687, "imu/temp": 32.012352941176474, "imu/acl_y": 0.967257470703125, "imu/acl_z": 10.692504614257812, "user/mode": "user", "cam/image_array": "1525_cam-image_array_.jpg", "imu/gyr_x": 9.435114503816793, "user/angle": -0.5258033997619557, "user/throttle": 0.27218176824243906, "imu/gyr_z": 13.885496183206106}