{"imu/acl_x": -0.35194764404296874, "imu/gyr_y": 12.770992366412214, "imu/temp": 33.09470588235294, "imu/acl_y": 0.5506663818359374, "imu/acl_z": 10.175357055664062, "user/mode": "user", "cam/image_array": "74_cam-image_array_.jpg", "imu/gyr_x": 2.2900763358778624, "user/angle": -1.0, "user/throttle": 0.26877773369548635, "imu/gyr_z": 50.51145038167939}