{"imu/acl_x": 0.4525041137695312, "imu/gyr_y": 13.129770992366412, "imu/temp": 33.14176470588235, "imu/acl_y": -0.5482721801757812, "imu/acl_z": 8.145074047851562, "user/mode": "user", "cam/image_array": "290_cam-image_array_.jpg", "imu/gyr_x": -6.473282442748092, "user/angle": 0.0, "user/throttle": 0.2653736991485336, "imu/gyr_z": -2.6030534351145036}