{"imu/acl_x": -0.6655880615234374, "imu/gyr_y": 7.038167938931298, "imu/temp": 32.71823529411765, "imu/acl_y": 1.3359645263671873, "imu/acl_z": 9.255983618164063, "user/mode": "user", "cam/image_array": "796_cam-image_array_.jpg", "imu/gyr_x": 0.6564885496183206, "user/angle": -0.7938474684896389, "user/throttle": 0.2619696646015809, "imu/gyr_z": 46.62595419847328}