{"imu/acl_x": 0.7062894897460937, "imu/gyr_y": 3.213740458015267, "imu/temp": 33.14176470588235, "imu/acl_y": -0.076614453125, "imu/acl_z": 8.489839086914062, "user/mode": "user", "cam/image_array": "196_cam-image_array_.jpg", "imu/gyr_x": -5.480916030534351, "user/angle": -0.5670339060640278, "user/throttle": 0.2653736991485336, "imu/gyr_z": 29.916030534351144}