{"imu/acl_x": -0.6440402465820312, "imu/gyr_y": -0.6870229007633588, "imu/temp": 33.09470588235294, "imu/acl_y": 0.229843359375, "imu/acl_z": 10.651803186035156, "user/mode": "user", "cam/image_array": "512_cam-image_array_.jpg", "imu/gyr_x": -1.7709923664122138, "user/angle": -0.5773491622669149, "user/throttle": 0.20413129062776575, "imu/gyr_z": 17.69465648854962}