{"imu/acl_x": -0.7326257080078125, "imu/gyr_y": 1.8778625954198473, "imu/temp": 32.906470588235294, "imu/acl_y": 1.0630255371093749, "imu/acl_z": 10.280701928710936, "user/mode": "user", "cam/image_array": "645_cam-image_array_.jpg", "imu/gyr_x": -4.931297709923665, "user/angle": -0.5773491622669149, "user/throttle": 0.2619696646015809, "imu/gyr_z": 33.74809160305343}