{"imu/acl_x": -0.14604630126953125, "imu/gyr_y": -12.053435114503817, "imu/temp": 32.388823529411766, "imu/acl_y": 0.8499415893554687, "imu/acl_z": 9.641450085449218, "user/mode": "user", "cam/image_array": "1177_cam-image_array_.jpg", "imu/gyr_x": -7.969465648854962, "user/angle": -1.0, "user/throttle": 0.27218176824243906, "imu/gyr_z": 56.06870229007634}