{"imu/acl_x": 0.1149216796875, "imu/gyr_y": -6.67175572519084, "imu/temp": 32.388823529411766, "imu/acl_y": 0.7422025146484375, "imu/acl_z": 9.521740002441407, "user/mode": "user", "cam/image_array": "1164_cam-image_array_.jpg", "imu/gyr_x": -3.4656488549618323, "user/angle": -0.9175695059053316, "user/throttle": 0.27218176824243906, "imu/gyr_z": 70.38167938931298}