{"imu/acl_x": 1.2234370483398436, "imu/gyr_y": 14.961832061068701, "imu/temp": 32.624117647058824, "imu/acl_y": -0.7589619262695312, "imu/acl_z": 13.031639636230468, "user/mode": "user", "cam/image_array": "906_cam-image_array_.jpg", "imu/gyr_x": -8.465648854961833, "user/angle": 0.5464033936582537, "user/throttle": 0.27218176824243906, "imu/gyr_z": -59.16030534351145}