{"imu/acl_x": 1.5777788940429687, "imu/gyr_y": 26.0, "imu/temp": 31.259411764705884, "imu/acl_y": 1.4030021728515625, "imu/acl_z": 11.422736120605467, "user/mode": "user", "cam/image_array": "1544_cam-image_array_.jpg", "imu/gyr_x": -12.938931297709924, "user/angle": -0.9588000122074037, "user/throttle": 0.2755757316812647, "imu/gyr_z": 66.91603053435115}