{"imu/acl_x": 2.6384102294921874, "imu/gyr_y": -15.526717557251908, "imu/temp": 31.635882352941177, "imu/acl_y": -0.7278373046875, "imu/acl_z": 10.817003100585938, "user/mode": "user", "cam/image_array": "1874_cam-image_array_.jpg", "imu/gyr_x": 4.290076335877862, "user/angle": -0.618579668568987, "user/throttle": 0.27218176824243906, "imu/gyr_z": 22.595419847328245}