{"imu/acl_x": 2.0278888061523435, "imu/gyr_y": 26.30534351145038, "imu/temp": 33.47117647058823, "imu/acl_y": -1.4053963745117186, "imu/acl_z": 10.828974108886719, "user/mode": "user", "cam/image_array": "713_cam-image_array_.jpg", "imu/gyr_x": -2.1068702290076335, "user/angle": -0.28867458113345745, "user/throttle": 0.2653736991485336, "imu/gyr_z": 18.977099236641223}