{"imu/acl_x": 1.7956512451171873, "imu/gyr_y": 8.259541984732824, "imu/temp": 32.57705882352941, "imu/acl_y": 0.33039982910156246, "imu/acl_z": 10.625466967773438, "user/mode": "user", "cam/image_array": "972_cam-image_array_.jpg", "imu/gyr_x": 1.5419847328244274, "user/angle": -0.6082949308755761, "user/throttle": 0.27218176824243906, "imu/gyr_z": 58.7557251908397}