{"imu/acl_x": -0.00718260498046875, "imu/gyr_y": 5.4961832061068705, "imu/temp": 33.04764705882353, "imu/acl_y": 1.7262193969726563, "imu/acl_z": 10.59194814453125, "user/mode": "user", "cam/image_array": "89_cam-image_array_.jpg", "imu/gyr_x": -9.236641221374045, "user/angle": -1.0, "user/throttle": 0.27218176824243906, "imu/gyr_z": 47.847328244274806}