{"imu/acl_x": -0.7206546997070312, "imu/gyr_y": 0.16793893129770993, "imu/temp": 33.04764705882353, "imu/acl_y": 0.2346317626953125, "imu/acl_z": 9.931148486328125, "user/mode": "user", "cam/image_array": "501_cam-image_array_.jpg", "imu/gyr_x": -3.4198473282442747, "user/angle": -0.6598406933805353, "user/throttle": 0.2653736991485336, "imu/gyr_z": 42.02290076335878}