{"imu/acl_x": -0.040701428222656245, "imu/gyr_y": -6.114503816793893, "imu/temp": 32.671176470588236, "imu/acl_y": 0.30885201416015623, "imu/acl_z": 10.838550915527343, "user/mode": "user", "cam/image_array": "1543_cam-image_array_.jpg", "imu/gyr_x": -8.854961832061068, "user/angle": -0.9588000122074037, "user/throttle": 0.2755757316812647, "imu/gyr_z": 79.22137404580153}