{"imu/acl_x": 0.5291185668945312, "imu/gyr_y": -10.396946564885496, "imu/temp": 33.00058823529412, "imu/acl_y": 0.16998831787109375, "imu/acl_z": 10.797849487304687, "user/mode": "user", "cam/image_array": "83_cam-image_array_.jpg", "imu/gyr_x": -2.198473282442748, "user/angle": -1.0, "user/throttle": 0.27218176824243906, "imu/gyr_z": 52.10687022900763}