{"imu/acl_x": -0.028730419921875, "imu/gyr_y": -9.297709923664122, "imu/temp": 31.871176470588235, "imu/acl_y": -1.005564697265625, "imu/acl_z": 10.984597216796875, "user/mode": "user", "cam/image_array": "1696_cam-image_array_.jpg", "imu/gyr_x": 8.786259541984732, "user/angle": 0.0, "user/throttle": 0.27218176824243906, "imu/gyr_z": -0.7480916030534351}