{"imu/acl_x": 0.34237083740234375, "imu/gyr_y": -3.732824427480916, "imu/temp": 33.00058823529412, "imu/acl_y": 0.59376201171875, "imu/acl_z": 10.295067138671874, "user/mode": "user", "cam/image_array": "87_cam-image_array_.jpg", "imu/gyr_x": 0.732824427480916, "user/angle": -1.0, "user/throttle": 0.27218176824243906, "imu/gyr_z": 46.11450381679389}