{"imu/acl_x": -1.0606313354492187, "imu/gyr_y": -3.1374045801526718, "imu/temp": 33.18882352941176, "imu/acl_y": 0.28730419921875, "imu/acl_z": 10.330980163574218, "user/mode": "user", "cam/image_array": "165_cam-image_array_.jpg", "imu/gyr_x": -4.083969465648855, "user/angle": -0.4330271309549242, "user/throttle": 0.2619696646015809, "imu/gyr_z": 8.687022900763358}