{"imu/acl_x": -0.9792284790039062, "imu/gyr_y": -7.687022900763359, "imu/temp": 32.24764705882353, "imu/acl_y": -0.26815058593749996, "imu/acl_z": 7.414842541503906, "user/mode": "user", "cam/image_array": "1263_cam-image_array_.jpg", "imu/gyr_x": -13.038167938931299, "user/angle": -0.7938474684896389, "user/throttle": 0.2755757316812647, "imu/gyr_z": 59.23664122137404}