{"imu/acl_x": 0.5578489868164063, "imu/gyr_y": 11.106870229007633, "imu/temp": 32.059411764705885, "imu/acl_y": 2.6001030029296874, "imu/acl_z": 9.0788126953125, "user/mode": "user", "cam/image_array": "1547_cam-image_array_.jpg", "imu/gyr_x": -3.9083969465648853, "user/angle": -0.9588000122074037, "user/throttle": 0.2755757316812647, "imu/gyr_z": 82.91603053435115}