{"imu/acl_x": 0.17956512451171874, "imu/gyr_y": 5.519083969465649, "imu/temp": 32.57705882352941, "imu/acl_y": -1.668758557128906, "imu/acl_z": 9.813832604980469, "user/mode": "user", "cam/image_array": "1022_cam-image_array_.jpg", "imu/gyr_x": 1.1908396946564885, "user/angle": -0.5154881435590686, "user/throttle": 0.27218176824243906, "imu/gyr_z": -0.9389312977099237}