{"imu/acl_x": -0.09337386474609374, "imu/gyr_y": -19.480916030534353, "imu/temp": 32.1064705882353, "imu/acl_y": 0.679953271484375, "imu/acl_z": 11.654973681640625, "user/mode": "user", "cam/image_array": "1427_cam-image_array_.jpg", "imu/gyr_x": -1.3740458015267176, "user/angle": -0.7010711996826074, "user/throttle": 0.2755757316812647, "imu/gyr_z": 64.61068702290076}