{"imu/acl_x": 0.5027823486328125, "imu/gyr_y": 3.267175572519084, "imu/temp": 33.04764705882353, "imu/acl_y": 0.46686932373046874, "imu/acl_z": 10.759542260742187, "user/mode": "user", "cam/image_array": "100_cam-image_array_.jpg", "imu/gyr_x": -13.610687022900763, "user/angle": 0.0, "user/throttle": 0.26877773369548635, "imu/gyr_z": 29.82442748091603}