{"imu/acl_x": -1.3958195678710936, "imu/gyr_y": -10.419847328244275, "imu/temp": 33.14176470588235, "imu/acl_y": -0.8882488159179687, "imu/acl_z": 9.387664709472656, "user/mode": "user", "cam/image_array": "262_cam-image_array_.jpg", "imu/gyr_x": 0.8854961832061069, "user/angle": 0.0, "user/throttle": 0.26877773369548635, "imu/gyr_z": -8.816793893129772}