{"imu/acl_x": 0.0, "imu/gyr_y": 9.969465648854962, "imu/temp": 31.73, "imu/acl_y": 0.718260498046875, "imu/acl_z": 9.9981861328125, "user/mode": "user", "cam/image_array": "1824_cam-image_array_.jpg", "imu/gyr_x": 7.236641221374046, "user/angle": -0.2577593310342723, "user/throttle": 0.27218176824243906, "imu/gyr_z": -6.9541984732824424}