{"imu/acl_x": 2.214636535644531, "imu/gyr_y": -2.9160305343511452, "imu/temp": 31.824117647058824, "imu/acl_y": -0.1580173095703125, "imu/acl_z": 9.8449572265625, "user/mode": "user", "cam/image_array": "1750_cam-image_array_.jpg", "imu/gyr_x": 0.16793893129770993, "user/angle": -1.0, "user/throttle": 0.27218176824243906, "imu/gyr_z": 71.85496183206106}