{"imu/acl_x": 3.8091748413085935, "imu/gyr_y": -4.847328244274809, "imu/temp": 31.871176470588235, "imu/acl_y": -0.47884033203125, "imu/acl_z": 7.920019091796875, "user/mode": "user", "cam/image_array": "1712_cam-image_array_.jpg", "imu/gyr_x": -4.969465648854962, "user/angle": -1.0, "user/throttle": 0.2755757316812647, "imu/gyr_z": 86.06106870229007}