{"imu/acl_x": -1.3670891479492187, "imu/gyr_y": -3.351145038167939, "imu/temp": 33.04764705882353, "imu/acl_y": 0.2920926025390625, "imu/acl_z": 11.166556542968749, "user/mode": "user", "cam/image_array": "232_cam-image_array_.jpg", "imu/gyr_x": -4.465648854961832, "user/angle": -1.0, "user/throttle": 0.2653736991485336, "imu/gyr_z": 69.3969465648855}