{"imu/acl_x": -0.9337386474609375, "imu/gyr_y": 1.8549618320610688, "imu/temp": 32.671176470588236, "imu/acl_y": 1.0558429321289062, "imu/acl_z": 9.641450085449218, "user/mode": "user", "cam/image_array": "887_cam-image_array_.jpg", "imu/gyr_x": -11.007633587786259, "user/angle": -0.8453932309945982, "user/throttle": 0.2755757316812647, "imu/gyr_z": 72.1526717557252}