{"imu/acl_x": 1.9201497314453124, "imu/gyr_y": 0.6717557251908397, "imu/temp": 32.671176470588236, "imu/acl_y": -0.28012159423828126, "imu/acl_z": 10.180145458984374, "user/mode": "user", "cam/image_array": "937_cam-image_array_.jpg", "imu/gyr_x": -10.358778625954198, "user/angle": 0.24741355632190923, "user/throttle": 0.27218176824243906, "imu/gyr_z": -26.419847328244273}