{"imu/acl_x": 4.185064501953125, "imu/gyr_y": 5.755725190839694, "imu/temp": 31.259411764705884, "imu/acl_y": -1.2569558715820313, "imu/acl_z": 14.867992309570312, "user/mode": "user", "cam/image_array": "1640_cam-image_array_.jpg", "imu/gyr_x": 16.557251908396946, "user/angle": -0.5464339121677297, "user/throttle": 0.2755757316812647, "imu/gyr_z": 29.259541984732824}