{"imu/acl_x": 1.656787548828125, "imu/gyr_y": 33.083969465648856, "imu/temp": 31.91823529411765, "imu/acl_y": -3.1794998046874996, "imu/acl_z": 11.233594189453123, "user/mode": "user", "cam/image_array": "1673_cam-image_array_.jpg", "imu/gyr_x": 7.32824427480916, "user/angle": 0.0, "user/throttle": 0.27218176824243906, "imu/gyr_z": -46.94656488549618}