{"imu/acl_x": 0.1292868896484375, "imu/gyr_y": 2.900763358778626, "imu/temp": 32.57705882352941, "imu/acl_y": 0.5770026000976562, "imu/acl_z": 10.271125122070313, "user/mode": "user", "cam/image_array": "966_cam-image_array_.jpg", "imu/gyr_x": -1.7328244274809161, "user/angle": -1.0, "user/throttle": 0.2755757316812647, "imu/gyr_z": 59.274809160305345}