{"imu/acl_x": 1.8411410766601561, "imu/gyr_y": 2.16793893129771, "imu/temp": 33.04764705882353, "imu/acl_y": 0.10295067138671875, "imu/acl_z": 8.985438830566405, "user/mode": "user", "cam/image_array": "60_cam-image_array_.jpg", "imu/gyr_x": -3.519083969465649, "user/angle": -0.5670339060640278, "user/throttle": 0.27218176824243906, "imu/gyr_z": 17.66412213740458}