{"imu/acl_x": 1.6807295654296874, "imu/gyr_y": 4.061068702290076, "imu/temp": 31.871176470588235, "imu/acl_y": 1.7812860351562498, "imu/acl_z": 11.789048974609374, "user/mode": "user", "cam/image_array": "1764_cam-image_array_.jpg", "imu/gyr_x": -5.442748091603053, "user/angle": -1.0, "user/throttle": 0.27218176824243906, "imu/gyr_z": 66.44274809160305}