{"imu/acl_x": -0.4213794921875, "imu/gyr_y": 6.091603053435114, "imu/temp": 31.777058823529412, "imu/acl_y": 0.4908113403320312, "imu/acl_z": 8.226476904296874, "user/mode": "user", "cam/image_array": "1836_cam-image_array_.jpg", "imu/gyr_x": -8.961832061068701, "user/angle": -1.0, "user/throttle": 0.2755757316812647, "imu/gyr_z": 80.47328244274809}