{"imu/acl_x": -0.9313444458007812, "imu/gyr_y": -30.603053435114504, "imu/temp": 31.777058823529412, "imu/acl_y": -0.354341845703125, "imu/acl_z": 14.58787071533203, "user/mode": "user", "cam/image_array": "1718_cam-image_array_.jpg", "imu/gyr_x": 7.847328244274809, "user/angle": -1.0, "user/throttle": 0.2755757316812647, "imu/gyr_z": 87.06106870229007}