{"imu/acl_x": -3.5098996337890624, "imu/gyr_y": -7.259541984732825, "imu/temp": 32.20058823529412, "imu/acl_y": -1.22583125, "imu/acl_z": 8.224082702636718, "user/mode": "user", "cam/image_array": "1386_cam-image_array_.jpg", "imu/gyr_x": 10.17557251908397, "user/angle": 0.793816949980163, "user/throttle": 0.27218176824243906, "imu/gyr_z": -83.90076335877863}