{"imu/acl_x": -1.2928688964843749, "imu/gyr_y": -0.48854961832061067, "imu/temp": 32.906470588235294, "imu/acl_y": 0.7685387329101562, "imu/acl_z": 11.310208642578125, "user/mode": "user", "cam/image_array": "630_cam-image_array_.jpg", "imu/gyr_x": 6.366412213740458, "user/angle": 0.0, "user/throttle": 0.2619696646015809, "imu/gyr_z": -7.030534351145038}