{"imu/acl_x": -1.22583125, "imu/gyr_y": 5.122137404580153, "imu/temp": 32.48294117647059, "imu/acl_y": 1.1444283935546875, "imu/acl_z": 10.828974108886719, "user/mode": "user", "cam/image_array": "1074_cam-image_array_.jpg", "imu/gyr_x": 0.29770992366412213, "user/angle": 0.0, "user/throttle": 0.27218176824243906, "imu/gyr_z": -9.114503816793894}