{"imu/acl_x": 2.0877438476562498, "imu/gyr_y": 3.030534351145038, "imu/temp": 33.18882352941176, "imu/acl_y": 1.5729904907226562, "imu/acl_z": 8.389282617187499, "user/mode": "user", "cam/image_array": "403_cam-image_array_.jpg", "imu/gyr_x": -16.015267175572518, "user/angle": -0.6907559434797205, "user/throttle": 0.2653736991485336, "imu/gyr_z": 47.80152671755725}