{"imu/acl_x": 4.417302062988281, "imu/gyr_y": 12.129770992366412, "imu/temp": 32.53, "imu/acl_y": -0.09576806640624999, "imu/acl_z": 6.993463049316406, "user/mode": "user", "cam/image_array": "1033_cam-image_array_.jpg", "imu/gyr_x": -12.50381679389313, "user/angle": -0.8660237434003724, "user/throttle": 0.27218176824243906, "imu/gyr_z": 53.656488549618324}