{"imu/acl_x": 1.1324573852539062, "imu/gyr_y": -1.8015267175572518, "imu/temp": 32.624117647058824, "imu/acl_y": -0.9241618408203125, "imu/acl_z": 13.165714929199218, "user/mode": "user", "cam/image_array": "985_cam-image_array_.jpg", "imu/gyr_x": 0.7251908396946565, "user/angle": 1.0, "user/throttle": 0.27218176824243906, "imu/gyr_z": -80.54961832061069}