{"imu/acl_x": -0.22266075439453123, "imu/gyr_y": 2.2595419847328246, "imu/temp": 32.059411764705885, "imu/acl_y": 1.4101847778320311, "imu/acl_z": 8.441955053710936, "user/mode": "user", "cam/image_array": "1514_cam-image_array_.jpg", "imu/gyr_x": -1.251908396946565, "user/angle": -1.0, "user/throttle": 0.27218176824243906, "imu/gyr_z": 80.55725190839695}