{"imu/acl_x": 1.8914193115234375, "imu/gyr_y": 19.47328244274809, "imu/temp": 32.671176470588236, "imu/acl_y": -0.040701428222656245, "imu/acl_z": 11.908759057617187, "user/mode": "user", "cam/image_array": "899_cam-image_array_.jpg", "imu/gyr_x": 6.625954198473282, "user/angle": 0.08246101260414442, "user/throttle": 0.27218176824243906, "imu/gyr_z": -1.9083969465648856}