{"imu/acl_x": -0.9959878906249999, "imu/gyr_y": 3.1526717557251906, "imu/temp": 31.777058823529412, "imu/acl_y": 0.22505495605468748, "imu/acl_z": 9.91438907470703, "user/mode": "user", "cam/image_array": "1860_cam-image_array_.jpg", "imu/gyr_x": -5.816793893129771, "user/angle": 0.2989593188268685, "user/throttle": 0.27218176824243906, "imu/gyr_z": -11.893129770992367}