{"imu/acl_x": 0.11013327636718749, "imu/gyr_y": -13.297709923664122, "imu/temp": 32.53, "imu/acl_y": 1.5275006591796874, "imu/acl_z": 10.268730920410155, "user/mode": "user", "cam/image_array": "998_cam-image_array_.jpg", "imu/gyr_x": 4.419847328244275, "user/angle": -1.0, "user/throttle": 0.27218176824243906, "imu/gyr_z": 60.98473282442748}