{"imu/acl_x": -1.2401964599609374, "imu/gyr_y": -5.190839694656488, "imu/temp": 32.24764705882353, "imu/acl_y": -0.5363011718749999, "imu/acl_z": 10.127473022460936, "user/mode": "user", "cam/image_array": "1271_cam-image_array_.jpg", "imu/gyr_x": 0.04580152671755725, "user/angle": 0.0, "user/throttle": 0.2755757316812647, "imu/gyr_z": -2.8702290076335877}