{"imu/acl_x": 0.8834604125976562, "imu/gyr_y": 16.267175572519083, "imu/temp": 33.09470588235294, "imu/acl_y": 2.499546533203125, "imu/acl_z": 9.991003527832031, "user/mode": "user", "cam/image_array": "271_cam-image_array_.jpg", "imu/gyr_x": -13.51908396946565, "user/angle": -0.49488814966277045, "user/throttle": 0.2653736991485336, "imu/gyr_z": 33.54961832061068}