{"imu/acl_x": 0.55545478515625, "imu/gyr_y": -1.2061068702290076, "imu/temp": 31.777058823529412, "imu/acl_y": 0.3447650390625, "imu/acl_z": 11.468225952148437, "user/mode": "user", "cam/image_array": "1758_cam-image_array_.jpg", "imu/gyr_x": -1.450381679389313, "user/angle": -1.0, "user/throttle": 0.27218176824243906, "imu/gyr_z": 69.31297709923665}