{"imu/acl_x": 0.8451531860351562, "imu/gyr_y": -4.969465648854962, "imu/temp": 31.91823529411765, "imu/acl_y": 0.5722141967773438, "imu/acl_z": 10.570400329589843, "user/mode": "user", "cam/image_array": "1615_cam-image_array_.jpg", "imu/gyr_x": -7.687022900763359, "user/angle": -0.6288949247718741, "user/throttle": 0.2755757316812647, "imu/gyr_z": 50.091603053435115}