{"imu/acl_x": 0.3902548706054687, "imu/gyr_y": -14.129770992366412, "imu/temp": 33.00058823529412, "imu/acl_y": 0.18435352783203124, "imu/acl_z": 9.804255798339844, "user/mode": "user", "cam/image_array": "527_cam-image_array_.jpg", "imu/gyr_x": -1.2671755725190839, "user/angle": -0.6495254371776482, "user/throttle": 0.2857878353221229, "imu/gyr_z": 25.64885496183206}