{"imu/acl_x": 1.0893617553710937, "imu/gyr_y": 14.618320610687023, "imu/temp": 33.00058823529412, "imu/acl_y": 1.4006079711914061, "imu/acl_z": 12.042834350585936, "user/mode": "user", "cam/image_array": "466_cam-image_array_.jpg", "imu/gyr_x": -8.954198473282442, "user/angle": -1.0, "user/throttle": 0.26877773369548635, "imu/gyr_z": 69.12213740458016}