{"imu/acl_x": -2.233790148925781, "imu/gyr_y": -3.366412213740458, "imu/temp": 32.53, "imu/acl_y": 0.38307226562499996, "imu/acl_z": 10.752359655761719, "user/mode": "user", "cam/image_array": "1088_cam-image_array_.jpg", "imu/gyr_x": 5.236641221374046, "user/angle": -1.0, "user/throttle": 0.27218176824243906, "imu/gyr_z": 82.70229007633588}