{"imu/acl_x": -0.23702596435546874, "imu/gyr_y": -2.732824427480916, "imu/temp": 33.42411764705882, "imu/acl_y": 0.1005564697265625, "imu/acl_z": 10.287884533691406, "user/mode": "user", "cam/image_array": "862_cam-image_array_.jpg", "imu/gyr_x": 8.50381679389313, "user/angle": -0.41239661854915005, "user/throttle": 0.2755757316812647, "imu/gyr_z": 25.450381679389313}