{"imu/acl_x": -0.40940848388671874, "imu/gyr_y": 2.50381679389313, "imu/temp": 32.953529411764706, "imu/acl_y": -0.14604630126953125, "imu/acl_z": 10.670956799316405, "user/mode": "user", "cam/image_array": "659_cam-image_array_.jpg", "imu/gyr_x": 0.7557251908396947, "user/angle": -0.6392101809747612, "user/throttle": 0.2619696646015809, "imu/gyr_z": 40.29770992366412}