{"imu/acl_x": 0.7972691528320313, "imu/gyr_y": -0.17557251908396945, "imu/temp": 31.91823529411765, "imu/acl_y": 1.2378022583007813, "imu/acl_z": 10.608707556152343, "user/mode": "user", "cam/image_array": "1662_cam-image_array_.jpg", "imu/gyr_x": 1.7557251908396947, "user/angle": -0.030945768608661155, "user/throttle": 0.2755757316812647, "imu/gyr_z": 80.81679389312977}