{"imu/acl_x": -1.8507178833007811, "imu/gyr_y": -5.603053435114504, "imu/temp": 32.71823529411765, "imu/acl_y": 1.0630255371093749, "imu/acl_z": 12.51928048095703, "user/mode": "user", "cam/image_array": "792_cam-image_array_.jpg", "imu/gyr_x": 2.7480916030534353, "user/angle": -0.7732474745933409, "user/throttle": 0.2619696646015809, "imu/gyr_z": 13.625954198473282}