{"imu/acl_x": -0.40462008056640625, "imu/gyr_y": -0.8244274809160306, "imu/temp": 32.388823529411766, "imu/acl_y": 1.1180921752929687, "imu/acl_z": 9.619902270507811, "user/mode": "user", "cam/image_array": "1125_cam-image_array_.jpg", "imu/gyr_x": 1.83206106870229, "user/angle": -0.49488814966277045, "user/throttle": 0.27218176824243906, "imu/gyr_z": -23.72519083969466}