{"imu/acl_x": -1.458068811035156, "imu/gyr_y": -0.9694656488549618, "imu/temp": 31.824117647058824, "imu/acl_y": -1.4820108276367188, "imu/acl_z": 9.87608184814453, "user/mode": "user", "cam/image_array": "1883_cam-image_array_.jpg", "imu/gyr_x": -1.0, "user/angle": -0.5051728873561815, "user/throttle": 0.04082827234717856, "imu/gyr_z": 69.27480916030534}