{"imu/acl_x": 0.5817910034179687, "imu/gyr_y": 3.4885496183206106, "imu/temp": 32.81235294117647, "imu/acl_y": -0.47884033203125, "imu/acl_z": 11.903970654296874, "user/mode": "user", "cam/image_array": "716_cam-image_array_.jpg", "imu/gyr_x": 7.923664122137405, "user/angle": -0.4433423871578112, "user/throttle": 0.2653736991485336, "imu/gyr_z": 14.938931297709924}