{"imu/acl_x": 1.47482822265625, "imu/gyr_y": 8.526717557251908, "imu/temp": 32.671176470588236, "imu/acl_y": 0.22026655273437498, "imu/acl_z": 9.129090930175781, "user/mode": "user", "cam/image_array": "912_cam-image_array_.jpg", "imu/gyr_x": 0.648854961832061, "user/angle": -0.8247932370983001, "user/throttle": 0.27218176824243906, "imu/gyr_z": 29.885496183206108}