{"imu/acl_x": -0.21787235107421873, "imu/gyr_y": 1.3053435114503817, "imu/temp": 33.14176470588235, "imu/acl_y": -0.8954314208984374, "imu/acl_z": 7.5465236328125, "user/mode": "user", "cam/image_array": "258_cam-image_array_.jpg", "imu/gyr_x": 3.198473282442748, "user/angle": 0.0, "user/throttle": 0.26877773369548635, "imu/gyr_z": -8.65648854961832}