{"imu/acl_x": 0.7422025146484375, "imu/gyr_y": 2.7022900763358777, "imu/temp": 33.09470588235294, "imu/acl_y": 0.4213794921875, "imu/acl_z": 9.916783276367187, "user/mode": "user", "cam/image_array": "163_cam-image_array_.jpg", "imu/gyr_x": -2.6259541984732824, "user/angle": -0.28867458113345745, "user/throttle": 0.2619696646015809, "imu/gyr_z": 3.0610687022900764}