{"imu/acl_x": 1.2641384765625, "imu/gyr_y": 18.931297709923665, "imu/temp": 32.43588235294118, "imu/acl_y": 0.1197100830078125, "imu/acl_z": 9.945513696289062, "user/mode": "user", "cam/image_array": "1051_cam-image_array_.jpg", "imu/gyr_x": -8.702290076335878, "user/angle": -0.6495254371776482, "user/throttle": 0.27218176824243906, "imu/gyr_z": 48.79389312977099}