{"imu/acl_x": 0.6368576416015624, "imu/gyr_y": 2.2442748091603053, "imu/temp": 32.48294117647059, "imu/acl_y": 0.6177040283203125, "imu/acl_z": 11.494562170410155, "user/mode": "user", "cam/image_array": "1055_cam-image_array_.jpg", "imu/gyr_x": -1.5267175572519085, "user/angle": -0.618579668568987, "user/throttle": 0.27218176824243906, "imu/gyr_z": 47.770992366412216}