{"imu/acl_x": 0.9504980590820312, "imu/gyr_y": -9.633587786259541, "imu/temp": 32.43588235294118, "imu/acl_y": 1.7812860351562498, "imu/acl_z": 12.275071911621094, "user/mode": "user", "cam/image_array": "1162_cam-image_array_.jpg", "imu/gyr_x": 1.2671755725190839, "user/angle": -0.9175695059053316, "user/throttle": 0.27218176824243906, "imu/gyr_z": 65.06106870229007}