{"imu/acl_x": -1.209071838378906, "imu/gyr_y": -11.251908396946565, "imu/temp": 32.24764705882353, "imu/acl_y": 1.2713210815429687, "imu/acl_z": 12.332532751464843, "user/mode": "user", "cam/image_array": "1371_cam-image_array_.jpg", "imu/gyr_x": 2.1755725190839694, "user/angle": -0.9175695059053316, "user/throttle": 0.2755757316812647, "imu/gyr_z": 81.8854961832061}