{"imu/acl_x": 0.6655880615234374, "imu/gyr_y": -12.709923664122137, "imu/temp": 32.059411764705885, "imu/acl_y": -0.28969840087890625, "imu/acl_z": 10.572794531249999, "user/mode": "user", "cam/image_array": "1522_cam-image_array_.jpg", "imu/gyr_x": -13.954198473282442, "user/angle": 0.0, "user/throttle": 0.27218176824243906, "imu/gyr_z": -8.244274809160306}