{"imu/acl_x": -0.5985504150390625, "imu/gyr_y": -7.8396946564885495, "imu/temp": 31.777058823529412, "imu/acl_y": 1.1659762084960936, "imu/acl_z": 7.378929516601562, "user/mode": "user", "cam/image_array": "1871_cam-image_array_.jpg", "imu/gyr_x": -9.740458015267176, "user/angle": -0.28867458113345745, "user/throttle": 0.27218176824243906, "imu/gyr_z": -15.358778625954198}