{"imu/acl_x": -1.3623007446289062, "imu/gyr_y": -11.969465648854962, "imu/temp": 32.24764705882353, "imu/acl_y": 1.8698714965820311, "imu/acl_z": 11.508927380371093, "user/mode": "user", "cam/image_array": "1321_cam-image_array_.jpg", "imu/gyr_x": -3.49618320610687, "user/angle": -0.41239661854915005, "user/throttle": 0.2755757316812647, "imu/gyr_z": 30.366412213740457}