{"imu/acl_x": -0.4644751220703125, "imu/gyr_y": 3.816793893129771, "imu/temp": 33.09470588235294, "imu/acl_y": 0.15083470458984374, "imu/acl_z": 9.986215124511718, "user/mode": "user", "cam/image_array": "242_cam-image_array_.jpg", "imu/gyr_x": 1.5267175572519085, "user/angle": -0.9794305246131779, "user/throttle": 0.26877773369548635, "imu/gyr_z": 67.6030534351145}