{"imu/acl_x": 0.622492431640625, "imu/gyr_y": 18.427480916030536, "imu/temp": 33.04764705882353, "imu/acl_y": -1.1085153686523437, "imu/acl_z": 9.03332286376953, "user/mode": "user", "cam/image_array": "199_cam-image_array_.jpg", "imu/gyr_x": 2.068702290076336, "user/angle": -0.46394238105410934, "user/throttle": 0.26877773369548635, "imu/gyr_z": 24.244274809160306}