{"imu/acl_x": 1.956062756347656, "imu/gyr_y": 4.244274809160306, "imu/temp": 33.00058823529412, "imu/acl_y": 1.5466542724609373, "imu/acl_z": 8.183381274414062, "user/mode": "user", "cam/image_array": "423_cam-image_array_.jpg", "imu/gyr_x": -8.435114503816793, "user/angle": -0.22681356242561113, "user/throttle": 0.2653736991485336, "imu/gyr_z": 7.099236641221374}