{"imu/acl_x": -1.3407529296874998, "imu/gyr_y": -5.717557251908397, "imu/temp": 33.00058823529412, "imu/acl_y": 0.38786066894531246, "imu/acl_z": 11.257536206054686, "user/mode": "user", "cam/image_array": "291_cam-image_array_.jpg", "imu/gyr_x": -7.221374045801527, "user/angle": 0.0, "user/throttle": 0.2653736991485336, "imu/gyr_z": -9.213740458015268}