{"imu/acl_x": 1.2641384765625, "imu/gyr_y": -7.580152671755725, "imu/temp": 32.624117647058824, "imu/acl_y": 1.0989385620117187, "imu/acl_z": 7.730877160644531, "user/mode": "user", "cam/image_array": "1026_cam-image_array_.jpg", "imu/gyr_x": -11.396946564885496, "user/angle": -0.8660237434003724, "user/throttle": 0.27218176824243906, "imu/gyr_z": 54.68702290076336}