{"imu/acl_x": -1.7166425903320313, "imu/gyr_y": -16.603053435114504, "imu/temp": 32.671176470588236, "imu/acl_y": 2.5354595581054684, "imu/acl_z": 11.547234606933593, "user/mode": "user", "cam/image_array": "1648_cam-image_array_.jpg", "imu/gyr_x": -5.412213740458015, "user/angle": -1.0, "user/throttle": 0.2755757316812647, "imu/gyr_z": 96.8473282442748}