{"imu/acl_x": 0.7852981445312499, "imu/gyr_y": 3.5343511450381677, "imu/temp": 33.09470588235294, "imu/acl_y": 0.44532150878906246, "imu/acl_z": 9.91438907470703, "user/mode": "user", "cam/image_array": "65_cam-image_array_.jpg", "imu/gyr_x": -7.396946564885496, "user/angle": -0.5670339060640278, "user/throttle": 0.2755757316812647, "imu/gyr_z": 17.458015267175572}