{"imu/acl_x": 0.0526724365234375, "imu/gyr_y": -1.5190839694656488, "imu/temp": 32.43588235294118, "imu/acl_y": -1.9991583862304687, "imu/acl_z": 9.868899243164062, "user/mode": "user", "cam/image_array": "1193_cam-image_array_.jpg", "imu/gyr_x": 0.2748091603053435, "user/angle": 1.0, "user/throttle": 0.26877773369548635, "imu/gyr_z": -83.64885496183206}