{"imu/acl_x": 0.1197100830078125, "imu/gyr_y": 8.992366412213741, "imu/temp": 33.09470588235294, "imu/acl_y": 0.8020575561523438, "imu/acl_z": 8.595183959960938, "user/mode": "user", "cam/image_array": "164_cam-image_array_.jpg", "imu/gyr_x": -4.236641221374046, "user/angle": -0.3608508560441908, "user/throttle": 0.2619696646015809, "imu/gyr_z": 11.259541984732824}