{"imu/acl_x": 0.9169792358398436, "imu/gyr_y": -8.755725190839694, "imu/temp": 33.09470588235294, "imu/acl_y": 0.8475473876953125, "imu/acl_z": 9.313444458007812, "user/mode": "user", "cam/image_array": "377_cam-image_array_.jpg", "imu/gyr_x": -7.755725190839694, "user/angle": -0.20621356852931302, "user/throttle": 0.2653736991485336, "imu/gyr_z": 31.259541984732824}