{"imu/acl_x": -2.5067291381835934, "imu/gyr_y": -5.625954198473282, "imu/temp": 33.09470588235294, "imu/acl_y": -0.2346317626953125, "imu/acl_z": 8.904035974121093, "user/mode": "user", "cam/image_array": "334_cam-image_array_.jpg", "imu/gyr_x": -3.068702290076336, "user/angle": 0.6907254249702445, "user/throttle": 0.2653736991485336, "imu/gyr_z": -14.916030534351146}