{"imu/acl_x": 0.8786720092773437, "imu/gyr_y": 7.183206106870229, "imu/temp": 32.388823529411766, "imu/acl_y": 1.9680337646484374, "imu/acl_z": 9.928754284667969, "user/mode": "user", "cam/image_array": "1214_cam-image_array_.jpg", "imu/gyr_x": -9.687022900763358, "user/angle": -1.0, "user/throttle": 0.27218176824243906, "imu/gyr_z": 65.78625954198473}