{"imu/acl_x": 0.076614453125, "imu/gyr_y": 9.206106870229007, "imu/temp": 32.76529411764706, "imu/acl_y": 1.1851298217773436, "imu/acl_z": 11.793837377929687, "user/mode": "user", "cam/image_array": "726_cam-image_array_.jpg", "imu/gyr_x": 1.2366412213740459, "user/angle": -0.7629322183904538, "user/throttle": 0.2653736991485336, "imu/gyr_z": 54.282442748091604}