{"imu/acl_x": 1.5921441040039062, "imu/gyr_y": 4.786259541984733, "imu/temp": 32.85941176470588, "imu/acl_y": -1.6065093139648436, "imu/acl_z": 11.671733093261718, "user/mode": "user", "cam/image_array": "649_cam-image_array_.jpg", "imu/gyr_x": 11.641221374045802, "user/angle": -0.37116611224707785, "user/throttle": 0.2619696646015809, "imu/gyr_z": 28.18320610687023}