{"imu/acl_x": -0.833182177734375, "imu/gyr_y": -5.908396946564886, "imu/temp": 32.1064705882353, "imu/acl_y": 0.33518823242187495, "imu/acl_z": 12.191274853515624, "user/mode": "user", "cam/image_array": "1494_cam-image_array_.jpg", "imu/gyr_x": -9.84732824427481, "user/angle": 0.45359660634174626, "user/throttle": 0.27218176824243906, "imu/gyr_z": -53.0}