{"imu/acl_x": -1.3359645263671873, "imu/gyr_y": -2.099236641221374, "imu/temp": 31.306470588235296, "imu/acl_y": 0.0430956298828125, "imu/acl_z": 10.805032092285156, "user/mode": "user", "cam/image_array": "1619_cam-image_array_.jpg", "imu/gyr_x": -6.587786259541985, "user/angle": -0.7319864497817926, "user/throttle": 0.2755757316812647, "imu/gyr_z": 56.57251908396947}