{"imu/acl_x": -1.1133037719726562, "imu/gyr_y": 4.8396946564885495, "imu/temp": 32.953529411764706, "imu/acl_y": 0.6847416748046875, "imu/acl_z": 11.918335864257811, "user/mode": "user", "cam/image_array": "14_cam-image_array_.jpg", "imu/gyr_x": 4.106870229007634, "user/angle": 0.0, "user/throttle": 0.33, "imu/gyr_z": -0.06870229007633588}