{"imu/acl_x": -1.120486376953125, "imu/gyr_y": 0.9007633587786259, "imu/temp": 33.04764705882353, "imu/acl_y": 0.2609679809570312, "imu/acl_z": 10.761936462402343, "user/mode": "user", "cam/image_array": "522_cam-image_array_.jpg", "imu/gyr_x": -1.9618320610687023, "user/angle": -0.618579668568987, "user/throttle": 0.2857878353221229, "imu/gyr_z": 19.946564885496183}