{"imu/acl_x": 0.18914193115234373, "imu/gyr_y": -4.67175572519084, "imu/temp": 32.20058823529412, "imu/acl_y": 2.7246014892578123, "imu/acl_z": 11.875240234375, "user/mode": "user", "cam/image_array": "1337_cam-image_array_.jpg", "imu/gyr_x": 0.6106870229007634, "user/angle": -0.7629322183904538, "user/throttle": 0.2755757316812647, "imu/gyr_z": 82.35114503816794}