{"imu/acl_x": -1.7094599853515624, "imu/gyr_y": 3.3893129770992365, "imu/temp": 33.14176470588235, "imu/acl_y": -0.22505495605468748, "imu/acl_z": 10.82179150390625, "user/mode": "user", "cam/image_array": "350_cam-image_array_.jpg", "imu/gyr_x": -1.8625954198473282, "user/angle": 0.0, "user/throttle": 0.2653736991485336, "imu/gyr_z": -50.038167938931295}