{"imu/acl_x": -0.24899697265624998, "imu/gyr_y": -9.236641221374045, "imu/temp": 33.14176470588235, "imu/acl_y": 1.350329736328125, "imu/acl_z": 7.077260107421875, "user/mode": "user", "cam/image_array": "308_cam-image_array_.jpg", "imu/gyr_x": -13.236641221374045, "user/angle": -0.8660237434003724, "user/throttle": 0.26877773369548635, "imu/gyr_z": 49.48854961832061}