{"imu/acl_x": 0.3280056274414062, "imu/gyr_y": 0.916030534351145, "imu/temp": 32.059411764705885, "imu/acl_y": 1.1252747802734375, "imu/acl_z": 8.633491186523438, "user/mode": "user", "cam/image_array": "771_cam-image_array_.jpg", "imu/gyr_x": -13.732824427480915, "user/angle": 0.0, "user/throttle": 0.2619696646015809, "imu/gyr_z": 47.045801526717554}