{"imu/acl_x": 0.8882488159179687, "imu/gyr_y": 6.580152671755725, "imu/temp": 32.43588235294118, "imu/acl_y": 1.37906015625, "imu/acl_z": 9.102754711914063, "user/mode": "user", "cam/image_array": "1165_cam-image_array_.jpg", "imu/gyr_x": -1.0534351145038168, "user/angle": -0.9175695059053316, "user/throttle": 0.27218176824243906, "imu/gyr_z": 66.52671755725191}