{"imu/acl_x": 0.928950244140625, "imu/gyr_y": 3.816793893129771, "imu/temp": 33.04764705882353, "imu/acl_y": 1.2521674682617188, "imu/acl_z": 10.632649572753905, "user/mode": "user", "cam/image_array": "394_cam-image_array_.jpg", "imu/gyr_x": -8.664122137404581, "user/angle": -0.46394238105410934, "user/throttle": 0.26877773369548635, "imu/gyr_z": 33.93129770992366}