{"imu/acl_x": 0.7517793212890624, "imu/gyr_y": 2.381679389312977, "imu/temp": 33.14176470588235, "imu/acl_y": -0.373495458984375, "imu/acl_z": 8.908824377441405, "user/mode": "user", "cam/image_array": "408_cam-image_array_.jpg", "imu/gyr_x": -8.083969465648854, "user/angle": -0.6804406872768334, "user/throttle": 0.26877773369548635, "imu/gyr_z": 45.83206106870229}