{"imu/acl_x": -1.0893617553710937, "imu/gyr_y": -6.916030534351145, "imu/temp": 32.671176470588236, "imu/acl_y": 1.8171990600585937, "imu/acl_z": 10.314220751953124, "user/mode": "user", "cam/image_array": "944_cam-image_array_.jpg", "imu/gyr_x": 4.763358778625954, "user/angle": -1.0, "user/throttle": 0.27218176824243906, "imu/gyr_z": 61.67175572519084}