{"imu/acl_x": -4.458003491210937, "imu/gyr_y": 5.458015267175573, "imu/temp": 32.29470588235294, "imu/acl_y": 2.645592834472656, "imu/acl_z": 10.73799444580078, "user/mode": "user", "cam/image_array": "1324_cam-image_array_.jpg", "imu/gyr_x": -13.122137404580153, "user/angle": -0.783532212286752, "user/throttle": 0.2755757316812647, "imu/gyr_z": 39.88549618320611}