{"imu/acl_x": -0.8307879760742187, "imu/gyr_y": -16.770992366412212, "imu/temp": 32.953529411764706, "imu/acl_y": 0.42377369384765623, "imu/acl_z": 9.512163195800781, "user/mode": "user", "cam/image_array": "509_cam-image_array_.jpg", "imu/gyr_x": -10.648854961832061, "user/angle": -0.3093050935392315, "user/throttle": 0.20413129062776575, "imu/gyr_z": 11.755725190839694}