{"imu/acl_x": 0.2609679809570312, "imu/gyr_y": -2.687022900763359, "imu/temp": 31.871176470588235, "imu/acl_y": -0.8044517578125, "imu/acl_z": 8.839392529296875, "user/mode": "user", "cam/image_array": "1773_cam-image_array_.jpg", "imu/gyr_x": 1.083969465648855, "user/angle": 0.0, "user/throttle": 0.27218176824243906, "imu/gyr_z": -1.9694656488549618}