{"imu/acl_x": -2.27927998046875, "imu/gyr_y": -9.442748091603054, "imu/temp": 33.14176470588235, "imu/acl_y": 0.8930372192382812, "imu/acl_z": 11.240776794433593, "user/mode": "user", "cam/image_array": "404_cam-image_array_.jpg", "imu/gyr_x": -2.9618320610687023, "user/angle": -0.6804406872768334, "user/throttle": 0.26877773369548635, "imu/gyr_z": 41.465648854961835}