{"imu/acl_x": -0.3112462158203125, "imu/gyr_y": 1.2061068702290076, "imu/temp": 33.14176470588235, "imu/acl_y": 0.35673604736328124, "imu/acl_z": 9.062053283691405, "user/mode": "user", "cam/image_array": "384_cam-image_array_.jpg", "imu/gyr_x": -8.145038167938932, "user/angle": -0.4433423871578112, "user/throttle": 0.2653736991485336, "imu/gyr_z": 43.091603053435115}