{"imu/acl_x": 0.43574470214843747, "imu/gyr_y": -0.7404580152671756, "imu/temp": 33.00058823529412, "imu/acl_y": 0.6392518432617187, "imu/acl_z": 9.969455712890625, "user/mode": "user", "cam/image_array": "264_cam-image_array_.jpg", "imu/gyr_x": 3.8091603053435112, "user/angle": 0.0, "user/throttle": 0.26877773369548635, "imu/gyr_z": -6.1679389312977095}