{"imu/acl_x": 0.4070142822265625, "imu/gyr_y": -16.557251908396946, "imu/temp": 32.81235294117647, "imu/acl_y": 1.1659762084960936, "imu/acl_z": 10.915165368652342, "user/mode": "user", "cam/image_array": "677_cam-image_array_.jpg", "imu/gyr_x": -5.259541984732825, "user/angle": -0.783532212286752, "user/throttle": 0.2619696646015809, "imu/gyr_z": 51.16793893129771}