{"imu/acl_x": 0.18914193115234373, "imu/gyr_y": 0.7099236641221374, "imu/temp": 32.906470588235294, "imu/acl_y": 0.24660277099609373, "imu/acl_z": 10.036493359375, "user/mode": "user", "cam/image_array": "4_cam-image_array_.jpg", "imu/gyr_x": -3.114503816793893, "user/angle": 0.0, "user/throttle": 0.04423230689413129, "imu/gyr_z": -1.3893129770992367}