{"imu/acl_x": -2.6695348510742187, "imu/gyr_y": -20.748091603053435, "imu/temp": 33.04764705882353, "imu/acl_y": -1.2617442749023438, "imu/acl_z": 9.715670336914062, "user/mode": "user", "cam/image_array": "212_cam-image_array_.jpg", "imu/gyr_x": -12.748091603053435, "user/angle": 0.0, "user/throttle": 0.2653736991485336, "imu/gyr_z": 12.381679389312977}