{"imu/acl_x": 0.5506663818359374, "imu/gyr_y": -20.328244274809162, "imu/temp": 33.04764705882353, "imu/acl_y": 2.020706201171875, "imu/acl_z": 8.667010009765624, "user/mode": "user", "cam/image_array": "285_cam-image_array_.jpg", "imu/gyr_x": -13.183206106870228, "user/angle": -0.8144779808954131, "user/throttle": 0.26877773369548635, "imu/gyr_z": 64.77099236641222}