{"imu/acl_x": 0.39743747558593745, "imu/gyr_y": -8.48091603053435, "imu/temp": 33.09470588235294, "imu/acl_y": -0.5051765502929687, "imu/acl_z": 10.752359655761719, "user/mode": "user", "cam/image_array": "108_cam-image_array_.jpg", "imu/gyr_x": 3.8091603053435112, "user/angle": 0.6598101748710593, "user/throttle": 0.26877773369548635, "imu/gyr_z": -46.80152671755725}