{"imu/acl_x": 0.3112462158203125, "imu/gyr_y": 4.8320610687022905, "imu/temp": 31.68294117647059, "imu/acl_y": 1.4628572143554686, "imu/acl_z": 10.678139404296875, "user/mode": "user", "cam/image_array": "1873_cam-image_array_.jpg", "imu/gyr_x": -1.0916030534351144, "user/angle": -0.41239661854915005, "user/throttle": 0.2755757316812647, "imu/gyr_z": 11.15267175572519}