{"imu/acl_x": -2.099714855957031, "imu/gyr_y": 1.083969465648855, "imu/temp": 32.906470588235294, "imu/acl_y": 0.9792284790039062, "imu/acl_z": 9.349357482910156, "user/mode": "user", "cam/image_array": "668_cam-image_array_.jpg", "imu/gyr_x": 1.4809160305343512, "user/angle": -0.7732474745933409, "user/throttle": 0.2619696646015809, "imu/gyr_z": 24.106870229007633}