{"imu/acl_x": 0.488417138671875, "imu/gyr_y": 0.8702290076335878, "imu/temp": 33.04764705882353, "imu/acl_y": 0.7038952880859375, "imu/acl_z": 7.098807922363281, "user/mode": "user", "cam/image_array": "119_cam-image_array_.jpg", "imu/gyr_x": -15.061068702290076, "user/angle": 0.2577288125247963, "user/throttle": 0.26877773369548635, "imu/gyr_z": -46.64885496183206}