{"imu/acl_x": -0.7589619262695312, "imu/gyr_y": -2.0381679389312977, "imu/temp": 33.04764705882353, "imu/acl_y": 1.3958195678710936, "imu/acl_z": 10.139444030761718, "user/mode": "user", "cam/image_array": "374_cam-image_array_.jpg", "imu/gyr_x": 1.0381679389312977, "user/angle": -0.5567186498611408, "user/throttle": 0.2653736991485336, "imu/gyr_z": 60.51908396946565}