{"imu/acl_x": 0.8930372192382812, "imu/gyr_y": -6.312977099236641, "imu/temp": 32.341764705882355, "imu/acl_y": 1.0342951171875, "imu/acl_z": 8.008604553222655, "user/mode": "user", "cam/image_array": "1230_cam-image_array_.jpg", "imu/gyr_x": -9.381679389312977, "user/angle": -0.3505355998413037, "user/throttle": 0.2789797662282174, "imu/gyr_z": 38.458015267175576}