{"imu/acl_x": 1.216254443359375, "imu/gyr_y": 8.374045801526718, "imu/temp": 32.388823529411766, "imu/acl_y": 0.16759411621093748, "imu/acl_z": 9.567229833984374, "user/mode": "user", "cam/image_array": "1185_cam-image_array_.jpg", "imu/gyr_x": -5.694656488549619, "user/angle": 0.0, "user/throttle": 0.27218176824243906, "imu/gyr_z": 50.36641221374046}