{"imu/acl_x": 2.6312276245117188, "imu/gyr_y": 4.435114503816794, "imu/temp": 32.059411764705885, "imu/acl_y": 0.3447650390625, "imu/acl_z": 11.228805786132812, "user/mode": "user", "cam/image_array": "1535_cam-image_array_.jpg", "imu/gyr_x": -3.198473282442748, "user/angle": -0.9175695059053316, "user/throttle": 0.2755757316812647, "imu/gyr_z": 75.66412213740458}