{"imu/acl_x": 0.10295067138671875, "imu/gyr_y": -9.992366412213741, "imu/temp": 32.012352941176474, "imu/acl_y": 2.7150246826171873, "imu/acl_z": 9.366116894531249, "user/mode": "user", "cam/image_array": "865_cam-image_array_.jpg", "imu/gyr_x": -28.015267175572518, "user/angle": -0.391766106143376, "user/throttle": 0.2755757316812647, "imu/gyr_z": 28.870229007633586}