{"imu/acl_x": 0.679953271484375, "imu/gyr_y": 3.0839694656488548, "imu/temp": 32.059411764705885, "imu/acl_y": 0.9528922607421875, "imu/acl_z": 8.930372192382812, "user/mode": "user", "cam/image_array": "766_cam-image_array_.jpg", "imu/gyr_x": -10.564885496183207, "user/angle": -1.0, "user/throttle": 0.2653736991485336, "imu/gyr_z": 69.40458015267176}