{"imu/acl_x": 0.8643067993164062, "imu/gyr_y": -16.022900763358777, "imu/temp": 32.48294117647059, "imu/acl_y": 0.7709329345703124, "imu/acl_z": 9.459490759277344, "user/mode": "user", "cam/image_array": "1030_cam-image_array_.jpg", "imu/gyr_x": -3.351145038167939, "user/angle": -0.8660237434003724, "user/throttle": 0.27218176824243906, "imu/gyr_z": 59.62595419847328}