{"imu/acl_x": 0.49799394531249996, "imu/gyr_y": 10.312977099236642, "imu/temp": 32.71823529411765, "imu/acl_y": 1.6807295654296874, "imu/acl_z": 10.09395419921875, "user/mode": "user", "cam/image_array": "948_cam-image_array_.jpg", "imu/gyr_x": -14.145038167938932, "user/angle": -1.0, "user/throttle": 0.27218176824243906, "imu/gyr_z": 69.22900763358778}