{"imu/acl_x": 1.1827356201171875, "imu/gyr_y": 2.9389312977099236, "imu/temp": 32.671176470588236, "imu/acl_y": -0.430956298828125, "imu/acl_z": 12.739547033691405, "user/mode": "user", "cam/image_array": "929_cam-image_array_.jpg", "imu/gyr_x": 5.32824427480916, "user/angle": -1.0, "user/throttle": 0.27218176824243906, "imu/gyr_z": 70.70229007633588}