{"imu/acl_x": -2.6216508178710938, "imu/gyr_y": -10.534351145038167, "imu/temp": 32.388823529411766, "imu/acl_y": 0.51714755859375, "imu/acl_z": 13.031639636230468, "user/mode": "user", "cam/image_array": "1275_cam-image_array_.jpg", "imu/gyr_x": -8.961832061068701, "user/angle": 0.0, "user/throttle": 0.2755757316812647, "imu/gyr_z": -13.587786259541986}