{"imu/acl_x": -4.316745593261719, "imu/gyr_y": -3.0916030534351147, "imu/temp": 31.824117647058824, "imu/acl_y": -0.9959878906249999, "imu/acl_z": 7.6614453125, "user/mode": "user", "cam/image_array": "1735_cam-image_array_.jpg", "imu/gyr_x": -8.259541984732824, "user/angle": 0.8866237372966704, "user/throttle": 0.27218176824243906, "imu/gyr_z": -82.38931297709924}