{"imu/acl_x": -0.7206546997070312, "imu/gyr_y": 8.19083969465649, "imu/temp": 32.29470588235294, "imu/acl_y": -1.216254443359375, "imu/acl_z": 10.256759912109374, "user/mode": "user", "cam/image_array": "1313_cam-image_array_.jpg", "imu/gyr_x": 4.740458015267175, "user/angle": 0.20618305001983703, "user/throttle": 0.2755757316812647, "imu/gyr_z": -41.3587786259542}