{"imu/acl_x": -0.3064578125, "imu/gyr_y": -5.458015267175573, "imu/temp": 32.53, "imu/acl_y": 1.2378022583007813, "imu/acl_z": 8.853757739257812, "user/mode": "user", "cam/image_array": "1084_cam-image_array_.jpg", "imu/gyr_x": -11.007633587786259, "user/angle": -0.7010711996826074, "user/throttle": 0.27218176824243906, "imu/gyr_z": 27.48854961832061}