{"imu/acl_x": 1.0390835205078124, "imu/gyr_y": -6.320610687022901, "imu/temp": 31.824117647058824, "imu/acl_y": 2.437297290039062, "imu/acl_z": 8.93755479736328, "user/mode": "user", "cam/image_array": "1720_cam-image_array_.jpg", "imu/gyr_x": -14.946564885496183, "user/angle": -1.0, "user/throttle": 0.27218176824243906, "imu/gyr_z": 78.41984732824427}