{"imu/acl_x": -2.370259643554687, "imu/gyr_y": -8.633587786259541, "imu/temp": 31.73, "imu/acl_y": 1.2617442749023438, "imu/acl_z": 11.197681164550781, "user/mode": "user", "cam/image_array": "1818_cam-image_array_.jpg", "imu/gyr_x": -0.42748091603053434, "user/angle": 0.0, "user/throttle": 0.27218176824243906, "imu/gyr_z": 36.541984732824424}