{"imu/acl_x": -1.7429788085937499, "imu/gyr_y": -9.908396946564885, "imu/temp": 32.76529411764706, "imu/acl_y": 0.6368576416015624, "imu/acl_z": 10.460267053222656, "user/mode": "user", "cam/image_array": "592_cam-image_array_.jpg", "imu/gyr_x": -3.16793893129771, "user/angle": -0.4845728934598834, "user/throttle": 0.2619696646015809, "imu/gyr_z": 64.7557251908397}