{"imu/acl_x": 0.30406361083984373, "imu/gyr_y": -9.030534351145038, "imu/temp": 32.71823529411765, "imu/acl_y": -1.2497732666015624, "imu/acl_z": 9.131485131835937, "user/mode": "user", "cam/image_array": "776_cam-image_array_.jpg", "imu/gyr_x": -6.557251908396947, "user/angle": 0.6907254249702445, "user/throttle": 0.2619696646015809, "imu/gyr_z": -46.656488549618324}