{"imu/acl_x": 2.7820623291015623, "imu/gyr_y": 14.709923664122137, "imu/temp": 33.04764705882353, "imu/acl_y": 1.1659762084960936, "imu/acl_z": 11.010933435058593, "user/mode": "user", "cam/image_array": "405_cam-image_array_.jpg", "imu/gyr_x": -20.671755725190838, "user/angle": -0.6804406872768334, "user/throttle": 0.2653736991485336, "imu/gyr_z": 50.343511450381676}