{"imu/acl_x": 0.16759411621093748, "imu/gyr_y": 0.8854961832061069, "imu/temp": 33.04764705882353, "imu/acl_y": 1.0678139404296874, "imu/acl_z": 9.1554271484375, "user/mode": "user", "cam/image_array": "299_cam-image_array_.jpg", "imu/gyr_x": -6.8396946564885495, "user/angle": -0.7319864497817926, "user/throttle": 0.2653736991485336, "imu/gyr_z": 40.3206106870229}