{"imu/acl_x": 2.310404602050781, "imu/gyr_y": 1.3282442748091603, "imu/temp": 32.57705882352941, "imu/acl_y": 0.5482721801757812, "imu/acl_z": 8.777143286132812, "user/mode": "user", "cam/image_array": "962_cam-image_array_.jpg", "imu/gyr_x": -1.8625954198473282, "user/angle": -1.0, "user/throttle": 0.27218176824243906, "imu/gyr_z": 58.83969465648855}