{"imu/acl_x": -1.2928688964843749, "imu/gyr_y": -2.0229007633587788, "imu/temp": 32.53, "imu/acl_y": 0.08858546142578125, "imu/acl_z": 9.176974963378905, "user/mode": "user", "cam/image_array": "957_cam-image_array_.jpg", "imu/gyr_x": 3.66412213740458, "user/angle": -1.0, "user/throttle": 0.27218176824243906, "imu/gyr_z": 68.17557251908397}