{"imu/acl_x": -1.1085153686523437, "imu/gyr_y": -9.0, "imu/temp": 33.14176470588235, "imu/acl_y": 2.1356278808593747, "imu/acl_z": 11.719617126464843, "user/mode": "user", "cam/image_array": "161_cam-image_array_.jpg", "imu/gyr_x": -10.526717557251908, "user/angle": -0.15466780602435376, "user/throttle": 0.2619696646015809, "imu/gyr_z": -9.129770992366412}