{"imu/acl_x": 0.565031591796875, "imu/gyr_y": -9.396946564885496, "imu/temp": 32.71823529411765, "imu/acl_y": 2.4564509033203126, "imu/acl_z": 11.152191333007812, "user/mode": "user", "cam/image_array": "1622_cam-image_array_.jpg", "imu/gyr_x": 1.2290076335877862, "user/angle": -0.7217017120883816, "user/throttle": 0.2755757316812647, "imu/gyr_z": 65.2442748091603}