{"imu/acl_x": 1.0773907470703123, "imu/gyr_y": 4.8320610687022905, "imu/temp": 31.824117647058824, "imu/acl_y": -0.9002198242187499, "imu/acl_z": 12.627019555664061, "user/mode": "user", "cam/image_array": "1800_cam-image_array_.jpg", "imu/gyr_x": 1.6030534351145038, "user/angle": -0.3093050935392315, "user/throttle": 0.27218176824243906, "imu/gyr_z": 38.70229007633588}