{"imu/acl_x": -0.01915361328125, "imu/gyr_y": -6.67175572519084, "imu/temp": 33.18882352941176, "imu/acl_y": -1.139639990234375, "imu/acl_z": 10.991779821777342, "user/mode": "user", "cam/image_array": "282_cam-image_array_.jpg", "imu/gyr_x": 5.488549618320611, "user/angle": -0.9382000183111057, "user/throttle": 0.26877773369548635, "imu/gyr_z": 64.63358778625954}