{"imu/acl_x": 2.786850732421875, "imu/gyr_y": 31.244274809160306, "imu/temp": 32.57705882352941, "imu/acl_y": 1.3958195678710936, "imu/acl_z": 10.077194787597655, "user/mode": "user", "cam/image_array": "963_cam-image_array_.jpg", "imu/gyr_x": 2.381679389312977, "user/angle": -1.0, "user/throttle": 0.27218176824243906, "imu/gyr_z": 63.6412213740458}