{"imu/acl_x": -1.2042834350585936, "imu/gyr_y": -16.549618320610687, "imu/temp": 32.1064705882353, "imu/acl_y": -1.4915876342773438, "imu/acl_z": 11.054029064941405, "user/mode": "user", "cam/image_array": "1445_cam-image_array_.jpg", "imu/gyr_x": 6.458015267175573, "user/angle": -0.3093050935392315, "user/throttle": 0.2755757316812647, "imu/gyr_z": -10.091603053435115}