{"imu/acl_x": 1.7764976318359373, "imu/gyr_y": 1.0534351145038168, "imu/temp": 33.00058823529412, "imu/acl_y": 1.2761094848632812, "imu/acl_z": 10.026916552734374, "user/mode": "user", "cam/image_array": "61_cam-image_array_.jpg", "imu/gyr_x": -10.335877862595419, "user/angle": -0.5670339060640278, "user/throttle": 0.27218176824243906, "imu/gyr_z": 17.458015267175572}