{"imu/acl_x": -1.659181750488281, "imu/gyr_y": 16.450381679389313, "imu/temp": 33.00058823529412, "imu/acl_y": -0.3806780639648437, "imu/acl_z": 10.893617553710937, "user/mode": "user", "cam/image_array": "113_cam-image_array_.jpg", "imu/gyr_x": 4.106870229007634, "user/angle": 1.0, "user/throttle": 0.26877773369548635, "imu/gyr_z": -67.16793893129771}