{"imu/acl_x": -3.1483751831054687, "imu/gyr_y": 3.83206106870229, "imu/temp": 32.059411764705885, "imu/acl_y": 0.5123591552734374, "imu/acl_z": 9.641450085449218, "user/mode": "user", "cam/image_array": "1490_cam-image_array_.jpg", "imu/gyr_x": -4.427480916030534, "user/angle": 0.45359660634174626, "user/throttle": 0.27218176824243906, "imu/gyr_z": -32.404580152671755}