{"imu/acl_x": 0.814028564453125, "imu/gyr_y": 7.206106870229007, "imu/temp": 32.57705882352941, "imu/acl_y": 0.6584054565429687, "imu/acl_z": 8.892064965820312, "user/mode": "user", "cam/image_array": "916_cam-image_array_.jpg", "imu/gyr_x": 6.290076335877862, "user/angle": -0.8969389934995575, "user/throttle": 0.27218176824243906, "imu/gyr_z": 69.70992366412214}