{"imu/acl_x": -1.0103531005859374, "imu/gyr_y": -15.885496183206106, "imu/temp": 32.53, "imu/acl_y": 1.2425906616210938, "imu/acl_z": 10.520122094726561, "user/mode": "user", "cam/image_array": "1085_cam-image_array_.jpg", "imu/gyr_x": -13.351145038167939, "user/angle": -1.0, "user/throttle": 0.27218176824243906, "imu/gyr_z": 38.99236641221374}