{"imu/acl_x": 1.5155296508789062, "imu/gyr_y": -6.396946564885496, "imu/temp": 31.91823529411765, "imu/acl_y": 1.4915876342773438, "imu/acl_z": 13.517662573242188, "user/mode": "user", "cam/image_array": "1716_cam-image_array_.jpg", "imu/gyr_x": 4.862595419847328, "user/angle": -1.0, "user/throttle": 0.2755757316812647, "imu/gyr_z": 86.63358778625954}