{"imu/acl_x": 0.1292868896484375, "imu/gyr_y": 12.992366412213741, "imu/temp": 33.09470588235294, "imu/acl_y": 0.7110778930664062, "imu/acl_z": 9.270348828125, "user/mode": "user", "cam/image_array": "231_cam-image_array_.jpg", "imu/gyr_x": -14.610687022900763, "user/angle": -1.0, "user/throttle": 0.2653736991485336, "imu/gyr_z": 71.93129770992367}