{"imu/acl_x": 1.7788918334960937, "imu/gyr_y": 16.549618320610687, "imu/temp": 32.059411764705885, "imu/acl_y": 2.4492682983398435, "imu/acl_z": 9.734823950195311, "user/mode": "user", "cam/image_array": "1549_cam-image_array_.jpg", "imu/gyr_x": -16.984732824427482, "user/angle": -0.9484847560045168, "user/throttle": 0.2755757316812647, "imu/gyr_z": 73.06870229007633}