{"imu/acl_x": 0.5865794067382812, "imu/gyr_y": 2.145038167938931, "imu/temp": 32.906470588235294, "imu/acl_y": 0.37828386230468747, "imu/acl_z": 10.625466967773438, "user/mode": "user", "cam/image_array": "702_cam-image_array_.jpg", "imu/gyr_x": 0.1450381679389313, "user/angle": -0.10312204351939451, "user/throttle": 0.2653736991485336, "imu/gyr_z": -10.633587786259541}