{"imu/acl_x": -0.7805097412109374, "imu/gyr_y": -2.3053435114503817, "imu/temp": 32.85941176470588, "imu/acl_y": 1.0606313354492187, "imu/acl_z": 10.077194787597655, "user/mode": "user", "cam/image_array": "542_cam-image_array_.jpg", "imu/gyr_x": -7.557251908396947, "user/angle": -0.6392101809747612, "user/throttle": 0.2857878353221229, "imu/gyr_z": 31.572519083969464}