{"imu/acl_x": 1.3814543579101561, "imu/gyr_y": -0.8931297709923665, "imu/temp": 32.85941176470588, "imu/acl_y": 0.2825157958984375, "imu/acl_z": 11.578359228515625, "user/mode": "user", "cam/image_array": "658_cam-image_array_.jpg", "imu/gyr_x": -6.145038167938932, "user/angle": -0.7010711996826074, "user/throttle": 0.2619696646015809, "imu/gyr_z": 23.0381679389313}