{"imu/acl_x": 0.055066638183593745, "imu/gyr_y": 5.465648854961832, "imu/temp": 32.906470588235294, "imu/acl_y": 0.6584054565429687, "imu/acl_z": 12.502521069335936, "user/mode": "user", "cam/image_array": "660_cam-image_array_.jpg", "imu/gyr_x": -7.458015267175573, "user/angle": -0.6392101809747612, "user/throttle": 0.2619696646015809, "imu/gyr_z": 39.94656488549618}