{"imu/acl_x": 0.16998831787109375, "imu/gyr_y": 7.778625954198473, "imu/temp": 32.624117647058824, "imu/acl_y": -0.5889736083984375, "imu/acl_z": 11.183315954589844, "user/mode": "user", "cam/image_array": "905_cam-image_array_.jpg", "imu/gyr_x": 0.0916030534351145, "user/angle": 0.5464033936582537, "user/throttle": 0.27218176824243906, "imu/gyr_z": -58.916030534351144}