{"imu/acl_x": -0.258573779296875, "imu/gyr_y": -2.2061068702290076, "imu/temp": 32.81235294117647, "imu/acl_y": 1.3742717529296875, "imu/acl_z": 12.457031237792968, "user/mode": "user", "cam/image_array": "795_cam-image_array_.jpg", "imu/gyr_x": 8.183206106870228, "user/angle": -0.7732474745933409, "user/throttle": 0.2619696646015809, "imu/gyr_z": 45.343511450381676}