{"imu/acl_x": 0.20829554443359374, "imu/gyr_y": 3.50381679389313, "imu/temp": 32.1064705882353, "imu/acl_y": 2.6288334228515624, "imu/acl_z": 10.194510668945313, "user/mode": "user", "cam/image_array": "1516_cam-image_array_.jpg", "imu/gyr_x": -11.312977099236642, "user/angle": -0.804162724692526, "user/throttle": 0.27218176824243906, "imu/gyr_z": 86.76335877862596}