{"imu/acl_x": 0.18435352783203124, "imu/gyr_y": -5.7251908396946565, "imu/temp": 32.624117647058824, "imu/acl_y": 1.1540052001953125, "imu/acl_z": 8.073247998046874, "user/mode": "user", "cam/image_array": "996_cam-image_array_.jpg", "imu/gyr_x": -7.450381679389313, "user/angle": -0.9588000122074037, "user/throttle": 0.27218176824243906, "imu/gyr_z": 13.961832061068701}