{"imu/acl_x": -1.0726023437499999, "imu/gyr_y": 3.145038167938931, "imu/temp": 33.00058823529412, "imu/acl_y": 0.41898529052734373, "imu/acl_z": 8.537723120117187, "user/mode": "user", "cam/image_array": "514_cam-image_array_.jpg", "imu/gyr_x": -4.32824427480916, "user/angle": -0.5876644184698019, "user/throttle": 0.20413129062776575, "imu/gyr_z": 25.114503816793892}