{"imu/acl_x": -0.430956298828125, "imu/gyr_y": -10.274809160305344, "imu/temp": 32.012352941176474, "imu/acl_y": 0.7661445312499999, "imu/acl_z": 9.947907897949218, "user/mode": "user", "cam/image_array": "840_cam-image_array_.jpg", "imu/gyr_x": -1.5725190839694656, "user/angle": -0.6598406933805353, "user/throttle": 0.2755757316812647, "imu/gyr_z": 50.10687022900763}