{"imu/acl_x": -0.9241618408203125, "imu/gyr_y": 3.282442748091603, "imu/temp": 31.777058823529412, "imu/acl_y": -0.17238251953125, "imu/acl_z": 9.045293872070312, "user/mode": "user", "cam/image_array": "1777_cam-image_array_.jpg", "imu/gyr_x": -1.1526717557251909, "user/angle": -0.4845728934598834, "user/throttle": 0.27218176824243906, "imu/gyr_z": -7.526717557251908}