{"imu/acl_x": 0.41419688720703124, "imu/gyr_y": -5.015267175572519, "imu/temp": 32.671176470588236, "imu/acl_y": -0.5674257934570313, "imu/acl_z": 10.376469995117187, "user/mode": "user", "cam/image_array": "935_cam-image_array_.jpg", "imu/gyr_x": -13.557251908396946, "user/angle": 0.2370983001190222, "user/throttle": 0.27218176824243906, "imu/gyr_z": -20.53435114503817}