{"imu/acl_x": -0.055066638183593745, "imu/gyr_y": -0.8396946564885496, "imu/temp": 32.012352941176474, "imu/acl_y": 1.8339584716796873, "imu/acl_z": 13.915100048828124, "user/mode": "user", "cam/image_array": "1510_cam-image_array_.jpg", "imu/gyr_x": -2.4885496183206106, "user/angle": -1.0, "user/throttle": 0.2755757316812647, "imu/gyr_z": 84.73282442748092}