{"imu/acl_x": 1.4173673828125, "imu/gyr_y": 17.229007633587788, "imu/temp": 32.388823529411766, "imu/acl_y": -1.714248388671875, "imu/acl_z": 7.445967163085937, "user/mode": "user", "cam/image_array": "1198_cam-image_array_.jpg", "imu/gyr_x": -5.374045801526718, "user/angle": 0.9175389873958556, "user/throttle": 0.26877773369548635, "imu/gyr_z": -77.52671755725191}