{"imu/acl_x": -2.1835119140624997, "imu/gyr_y": 13.15267175572519, "imu/temp": 32.29470588235294, "imu/acl_y": -1.6304513305664061, "imu/acl_z": 12.251129895019531, "user/mode": "user", "cam/image_array": "1344_cam-image_array_.jpg", "imu/gyr_x": 15.49618320610687, "user/angle": 0.6700949125644704, "user/throttle": 0.2755757316812647, "imu/gyr_z": -70.56488549618321}