{"imu/acl_x": -0.48123453369140623, "imu/gyr_y": -7.847328244274809, "imu/temp": 32.20058823529412, "imu/acl_y": 0.41898529052734373, "imu/acl_z": 13.656526269531248, "user/mode": "user", "cam/image_array": "1488_cam-image_array_.jpg", "imu/gyr_x": 3.618320610687023, "user/angle": 0.19586779381695, "user/throttle": 0.27218176824243906, "imu/gyr_z": 24.236641221374047}