{"imu/acl_x": 0.5434837768554687, "imu/gyr_y": -1.5190839694656488, "imu/temp": 33.09470588235294, "imu/acl_y": 1.3551181396484375, "imu/acl_z": 9.023746057128905, "user/mode": "user", "cam/image_array": "424_cam-image_array_.jpg", "imu/gyr_x": -14.083969465648854, "user/angle": -0.2165288247322001, "user/throttle": 0.2653736991485336, "imu/gyr_z": 6.1603053435114505}