{"imu/acl_x": 1.484405029296875, "imu/gyr_y": 12.992366412213741, "imu/temp": 32.341764705882355, "imu/acl_y": 1.6543933471679686, "imu/acl_z": 11.81059678955078, "user/mode": "user", "cam/image_array": "1244_cam-image_array_.jpg", "imu/gyr_x": -0.7862595419847328, "user/angle": -0.8969389934995575, "user/throttle": 0.2755757316812647, "imu/gyr_z": 67.12213740458016}