{"imu/acl_x": 0.37828386230468747, "imu/gyr_y": -2.4198473282442747, "imu/temp": 32.29470588235294, "imu/acl_y": 0.229843359375, "imu/acl_z": 8.341398583984375, "user/mode": "user", "cam/image_array": "1280_cam-image_array_.jpg", "imu/gyr_x": -1.9541984732824427, "user/angle": -0.3505355998413037, "user/throttle": 0.2755757316812647, "imu/gyr_z": 12.786259541984732}