{"imu/acl_x": -0.7685387329101562, "imu/gyr_y": 3.969465648854962, "imu/temp": 32.059411764705885, "imu/acl_y": 1.7166425903320313, "imu/acl_z": 9.200916979980468, "user/mode": "user", "cam/image_array": "1518_cam-image_array_.jpg", "imu/gyr_x": -22.709923664122137, "user/angle": 0.0, "user/throttle": 0.27218176824243906, "imu/gyr_z": 66.26717557251908}