{"imu/acl_x": 1.4987702392578124, "imu/gyr_y": -4.022900763358779, "imu/temp": 33.00058823529412, "imu/acl_y": -0.36152445068359373, "imu/acl_z": 11.609483850097655, "user/mode": "user", "cam/image_array": "66_cam-image_array_.jpg", "imu/gyr_x": -5.083969465648855, "user/angle": -0.5670339060640278, "user/throttle": 0.27218176824243906, "imu/gyr_z": 20.091603053435115}