{"imu/acl_x": 0.9959878906249999, "imu/gyr_y": -3.595419847328244, "imu/temp": 31.91823529411765, "imu/acl_y": 0.4213794921875, "imu/acl_z": 7.170633972167968, "user/mode": "user", "cam/image_array": "1621_cam-image_array_.jpg", "imu/gyr_x": -5.183206106870229, "user/angle": -0.7217017120883816, "user/throttle": 0.2755757316812647, "imu/gyr_z": 60.12977099236641}