{"imu/acl_x": 1.2330138549804688, "imu/gyr_y": -0.16793893129770993, "imu/temp": 32.671176470588236, "imu/acl_y": -0.181959326171875, "imu/acl_z": 9.880870251464843, "user/mode": "user", "cam/image_array": "842_cam-image_array_.jpg", "imu/gyr_x": -7.458015267175573, "user/angle": -0.6701254310739464, "user/throttle": 0.2755757316812647, "imu/gyr_z": 42.63358778625954}