{"imu/acl_x": -1.3934253662109375, "imu/gyr_y": -7.488549618320611, "imu/temp": 33.00058823529412, "imu/acl_y": 0.07900865478515624, "imu/acl_z": 12.15536182861328, "user/mode": "user", "cam/image_array": "110_cam-image_array_.jpg", "imu/gyr_x": -2.068702290076336, "user/angle": 0.7422711874752037, "user/throttle": 0.26877773369548635, "imu/gyr_z": -52.534351145038165}