{"imu/acl_x": -1.1947066284179686, "imu/gyr_y": 1.183206106870229, "imu/temp": 31.965294117647062, "imu/acl_y": 1.3120225097656248, "imu/acl_z": 10.034099157714843, "user/mode": "user", "cam/image_array": "1713_cam-image_array_.jpg", "imu/gyr_x": -4.488549618320611, "user/angle": -1.0, "user/throttle": 0.2755757316812647, "imu/gyr_z": 77.03053435114504}