{"imu/acl_x": -0.02633621826171875, "imu/gyr_y": -2.595419847328244, "imu/temp": 31.824117647058824, "imu/acl_y": 2.2481553588867187, "imu/acl_z": 9.119514123535156, "user/mode": "user", "cam/image_array": "1711_cam-image_array_.jpg", "imu/gyr_x": -8.587786259541986, "user/angle": -1.0, "user/throttle": 0.2755757316812647, "imu/gyr_z": 79.47328244274809}