{"imu/acl_x": -1.7956512451171873, "imu/gyr_y": 7.564885496183206, "imu/temp": 32.953529411764706, "imu/acl_y": 1.0438719238281249, "imu/acl_z": 9.665392102050781, "user/mode": "user", "cam/image_array": "507_cam-image_array_.jpg", "imu/gyr_x": -4.404580152671755, "user/angle": -0.2989898373363445, "user/throttle": 0.22114139225440232, "imu/gyr_z": 29.099236641221374}