{"imu/acl_x": -2.4947581298828125, "imu/gyr_y": -12.114503816793894, "imu/temp": 32.57705882352941, "imu/acl_y": 2.061407629394531, "imu/acl_z": 8.88009395751953, "user/mode": "user", "cam/image_array": "1087_cam-image_array_.jpg", "imu/gyr_x": -5.900763358778626, "user/angle": -1.0, "user/throttle": 0.27218176824243906, "imu/gyr_z": 78.58015267175573}