{"imu/acl_x": -0.40222587890625, "imu/gyr_y": -0.5419847328244275, "imu/temp": 33.09470588235294, "imu/acl_y": -1.235408056640625, "imu/acl_z": 8.78432589111328, "user/mode": "user", "cam/image_array": "124_cam-image_array_.jpg", "imu/gyr_x": -5.748091603053435, "user/angle": -0.4845728934598834, "user/throttle": 0.26877773369548635, "imu/gyr_z": -4.259541984732825}