{"imu/acl_x": -0.24181436767578124, "imu/gyr_y": -13.114503816793894, "imu/temp": 32.953529411764706, "imu/acl_y": 0.06703764648437499, "imu/acl_z": 9.749189160156249, "user/mode": "user", "cam/image_array": "436_cam-image_array_.jpg", "imu/gyr_x": -2.66412213740458, "user/angle": -0.3093050935392315, "user/throttle": 0.26877773369548635, "imu/gyr_z": 0.7251908396946565}