{"imu/acl_x": 0.507570751953125, "imu/gyr_y": 5.061068702290076, "imu/temp": 32.906470588235294, "imu/acl_y": 1.5131354492187499, "imu/acl_z": 10.740388647460938, "user/mode": "user", "cam/image_array": "486_cam-image_array_.jpg", "imu/gyr_x": -8.358778625954198, "user/angle": -0.2680745872371593, "user/throttle": 0.26877773369548635, "imu/gyr_z": 6.0}