{"imu/acl_x": 0.0430956298828125, "imu/gyr_y": 25.541984732824428, "imu/temp": 32.76529411764706, "imu/acl_y": 0.4070142822265625, "imu/acl_z": 10.275913525390624, "user/mode": "user", "cam/image_array": "832_cam-image_array_.jpg", "imu/gyr_x": 4.312977099236641, "user/angle": -0.6598406933805353, "user/throttle": 0.2755757316812647, "imu/gyr_z": 14.389312977099237}