{"imu/acl_x": -1.9536685546875, "imu/gyr_y": -2.7938931297709924, "imu/temp": 32.671176470588236, "imu/acl_y": -0.05746083984375, "imu/acl_z": 11.329362255859374, "user/mode": "user", "cam/image_array": "1570_cam-image_array_.jpg", "imu/gyr_x": 1.1908396946564885, "user/angle": -0.9484847560045168, "user/throttle": 0.2755757316812647, "imu/gyr_z": -39.98473282442748}