{"imu/acl_x": -1.2330138549804688, "imu/gyr_y": 2.0916030534351147, "imu/temp": 33.04764705882353, "imu/acl_y": -0.17956512451171874, "imu/acl_z": 10.299855541992187, "user/mode": "user", "cam/image_array": "296_cam-image_array_.jpg", "imu/gyr_x": 10.587786259541986, "user/angle": -0.402081362346263, "user/throttle": 0.2653736991485336, "imu/gyr_z": -2.3206106870229006}