{"imu/acl_x": 0.9050082275390624, "imu/gyr_y": -7.1603053435114505, "imu/temp": 31.871176470588235, "imu/acl_y": -3.076549133300781, "imu/acl_z": 9.730035546875, "user/mode": "user", "cam/image_array": "1730_cam-image_array_.jpg", "imu/gyr_x": 16.3206106870229, "user/angle": 0.7629016998809778, "user/throttle": 0.27218176824243906, "imu/gyr_z": -47.83206106870229}