{"imu/acl_x": 3.1364041748046874, "imu/gyr_y": 0.3893129770992366, "imu/temp": 31.965294117647062, "imu/acl_y": 0.2059013427734375, "imu/acl_z": 6.112396838378906, "user/mode": "user", "cam/image_array": "1628_cam-image_array_.jpg", "imu/gyr_x": -4.870229007633588, "user/angle": 0.0, "user/throttle": 0.2755757316812647, "imu/gyr_z": -2.572519083969466}