{"imu/acl_x": 0.9121908325195311, "imu/gyr_y": 10.65648854961832, "imu/temp": 33.09470588235294, "imu/acl_y": 0.17238251953125, "imu/acl_z": 10.448296044921875, "user/mode": "user", "cam/image_array": "364_cam-image_array_.jpg", "imu/gyr_x": -2.1297709923664123, "user/angle": -1.0, "user/throttle": 0.2653736991485336, "imu/gyr_z": 68.03053435114504}