{"imu/acl_x": 1.0654197387695312, "imu/gyr_y": 4.541984732824427, "imu/temp": 32.388823529411766, "imu/acl_y": 0.6488286499023437, "imu/acl_z": 9.143456140136719, "user/mode": "user", "cam/image_array": "1212_cam-image_array_.jpg", "imu/gyr_x": -6.824427480916031, "user/angle": -1.0, "user/throttle": 0.27218176824243906, "imu/gyr_z": 62.404580152671755}