{"imu/acl_x": -1.675941162109375, "imu/gyr_y": 3.450381679389313, "imu/temp": 33.09470588235294, "imu/acl_y": 0.239420166015625, "imu/acl_z": 10.328585961914062, "user/mode": "user", "cam/image_array": "144_cam-image_array_.jpg", "imu/gyr_x": 8.274809160305344, "user/angle": -1.0, "user/throttle": 0.27218176824243906, "imu/gyr_z": 58.412213740458014}