{"imu/acl_x": -0.7206546997070312, "imu/gyr_y": -4.679389312977099, "imu/temp": 31.777058823529412, "imu/acl_y": 0.7015010864257812, "imu/acl_z": 10.850521923828124, "user/mode": "user", "cam/image_array": "1725_cam-image_array_.jpg", "imu/gyr_x": -5.305343511450381, "user/angle": -0.41239661854915005, "user/throttle": 0.2755757316812647, "imu/gyr_z": 77.07633587786259}