{"imu/acl_x": -1.4724340209960938, "imu/gyr_y": 10.19083969465649, "imu/temp": 32.1064705882353, "imu/acl_y": 0.1292868896484375, "imu/acl_z": 7.498639599609374, "user/mode": "user", "cam/image_array": "1461_cam-image_array_.jpg", "imu/gyr_x": 1.3435114503816794, "user/angle": -0.2989898373363445, "user/throttle": 0.2755757316812647, "imu/gyr_z": -2.3282442748091605}