{"imu/acl_x": -0.39743747558593745, "imu/gyr_y": -1.297709923664122, "imu/temp": 32.53, "imu/acl_y": 1.3192051147460937, "imu/acl_z": 8.633491186523438, "user/mode": "user", "cam/image_array": "1050_cam-image_array_.jpg", "imu/gyr_x": -14.267175572519085, "user/angle": -0.6495254371776482, "user/throttle": 0.27218176824243906, "imu/gyr_z": 40.74045801526717}