{"imu/acl_x": 0.1580173095703125, "imu/gyr_y": -7.0, "imu/temp": 32.53, "imu/acl_y": 0.8595183959960937, "imu/acl_z": 11.159373937988281, "user/mode": "user", "cam/image_array": "1048_cam-image_array_.jpg", "imu/gyr_x": -5.137404580152672, "user/angle": -0.6495254371776482, "user/throttle": 0.27218176824243906, "imu/gyr_z": 20.450381679389313}