{"imu/acl_x": 0.8020575561523438, "imu/gyr_y": 17.763358778625953, "imu/temp": 32.341764705882355, "imu/acl_y": -2.8562825805664063, "imu/acl_z": 8.434772448730468, "user/mode": "user", "cam/image_array": "1190_cam-image_array_.jpg", "imu/gyr_x": -1.381679389312977, "user/angle": 0.9897152623065889, "user/throttle": 0.26877773369548635, "imu/gyr_z": -36.0}