{"imu/acl_x": -0.4429273071289062, "imu/gyr_y": -1.1603053435114503, "imu/temp": 33.04764705882353, "imu/acl_y": 0.469263525390625, "imu/acl_z": 11.037269653320312, "user/mode": "user", "cam/image_array": "97_cam-image_array_.jpg", "imu/gyr_x": 3.33587786259542, "user/angle": -1.0, "user/throttle": 0.27218176824243906, "imu/gyr_z": 48.57251908396947}