{"imu/acl_x": -1.5418658691406248, "imu/gyr_y": 3.816793893129771, "imu/temp": 33.00058823529412, "imu/acl_y": -0.011971008300781249, "imu/acl_z": 11.944672082519531, "user/mode": "user", "cam/image_array": "550_cam-image_array_.jpg", "imu/gyr_x": 3.954198473282443, "user/angle": -1.0, "user/throttle": 0.28238380077517017, "imu/gyr_z": 77.01526717557252}