{"imu/acl_x": 0.009576806640625, "imu/gyr_y": -20.572519083969464, "imu/temp": 32.388823529411766, "imu/acl_y": -0.6703764648437499, "imu/acl_z": 6.275202551269531, "user/mode": "user", "cam/image_array": "1147_cam-image_array_.jpg", "imu/gyr_x": -3.0229007633587788, "user/angle": 0.0, "user/throttle": 0.27218176824243906, "imu/gyr_z": 37.83969465648855}