{"imu/acl_x": -0.21068974609375, "imu/gyr_y": -0.4351145038167939, "imu/temp": 32.76529411764706, "imu/acl_y": -0.7757213378906249, "imu/acl_z": 8.810662109374999, "user/mode": "user", "cam/image_array": "740_cam-image_array_.jpg", "imu/gyr_x": 0.13740458015267176, "user/angle": -0.6495254371776482, "user/throttle": 0.2653736991485336, "imu/gyr_z": 37.396946564885496}