{"imu/acl_x": 0.2059013427734375, "imu/gyr_y": 13.389312977099237, "imu/temp": 33.09470588235294, "imu/acl_y": -0.39983167724609375, "imu/acl_z": 9.488221179199218, "user/mode": "user", "cam/image_array": "332_cam-image_array_.jpg", "imu/gyr_x": -6.3893129770992365, "user/angle": 0.15463728751487776, "user/throttle": 0.26877773369548635, "imu/gyr_z": 24.244274809160306}