{"imu/acl_x": -0.7781155395507812, "imu/gyr_y": -7.687022900763359, "imu/temp": 31.824117647058824, "imu/acl_y": -0.6248866333007812, "imu/acl_z": 10.20169327392578, "user/mode": "user", "cam/image_array": "1701_cam-image_array_.jpg", "imu/gyr_x": 4.137404580152672, "user/angle": -0.5567186498611408, "user/throttle": 0.27218176824243906, "imu/gyr_z": -13.465648854961833}