{"imu/acl_x": -0.4740519287109375, "imu/gyr_y": -12.977099236641221, "imu/temp": 32.1064705882353, "imu/acl_y": 0.7254431030273437, "imu/acl_z": 13.934253662109374, "user/mode": "user", "cam/image_array": "1541_cam-image_array_.jpg", "imu/gyr_x": -9.114503816793894, "user/angle": -0.9588000122074037, "user/throttle": 0.2755757316812647, "imu/gyr_z": 71.3206106870229}