{"imu/acl_x": 2.1068974609374997, "imu/gyr_y": 2.16793893129771, "imu/temp": 32.012352941176474, "imu/acl_y": 1.7836802368164062, "imu/acl_z": 10.022128149414062, "user/mode": "user", "cam/image_array": "797_cam-image_array_.jpg", "imu/gyr_x": -6.038167938931298, "user/angle": -0.7938474684896389, "user/throttle": 0.2653736991485336, "imu/gyr_z": 47.80152671755725}