{"imu/acl_x": 0.00239420166015625, "imu/gyr_y": 5.511450381679389, "imu/temp": 32.53, "imu/acl_y": 0.21068974609375, "imu/acl_z": 9.68454571533203, "user/mode": "user", "cam/image_array": "956_cam-image_array_.jpg", "imu/gyr_x": 0.1450381679389313, "user/angle": -1.0, "user/throttle": 0.27218176824243906, "imu/gyr_z": 64.90076335877863}