{"imu/acl_x": 1.0271125122070313, "imu/gyr_y": -1.549618320610687, "imu/temp": 31.824117647058824, "imu/acl_y": 0.5099649536132812, "imu/acl_z": 7.702146740722656, "user/mode": "user", "cam/image_array": "1733_cam-image_array_.jpg", "imu/gyr_x": -24.931297709923665, "user/angle": 0.8350474562822352, "user/throttle": 0.27218176824243906, "imu/gyr_z": -82.25190839694656}