{"imu/acl_x": -1.3455413330078123, "imu/gyr_y": 1.7251908396946565, "imu/temp": 32.906470588235294, "imu/acl_y": 0.6153098266601562, "imu/acl_z": 12.191274853515624, "user/mode": "user", "cam/image_array": "23_cam-image_array_.jpg", "imu/gyr_x": 3.2748091603053435, "user/angle": -0.2783593249305704, "user/throttle": 0.21774742881557665, "imu/gyr_z": 6.694656488549619}