{"imu/acl_x": 2.0087351928710935, "imu/gyr_y": 4.122137404580153, "imu/temp": 32.624117647058824, "imu/acl_y": -0.3232172241210937, "imu/acl_z": 10.831368310546875, "user/mode": "user", "cam/image_array": "848_cam-image_array_.jpg", "imu/gyr_x": 0.22137404580152673, "user/angle": -0.6495254371776482, "user/throttle": 0.2755757316812647, "imu/gyr_z": 49.732824427480914}