{"imu/acl_x": 0.277727392578125, "imu/gyr_y": 11.969465648854962, "imu/temp": 32.76529411764706, "imu/acl_y": -1.1133037719726562, "imu/acl_z": 8.389282617187499, "user/mode": "user", "cam/image_array": "785_cam-image_array_.jpg", "imu/gyr_x": 3.0916030534351147, "user/angle": 1.0, "user/throttle": 0.2619696646015809, "imu/gyr_z": -77.2442748091603}