{"imu/acl_x": 0.13407529296874998, "imu/gyr_y": 0.4961832061068702, "imu/temp": 32.85941176470588, "imu/acl_y": 0.15322890625, "imu/acl_z": 10.27830772705078, "user/mode": "user", "cam/image_array": "5_cam-image_array_.jpg", "imu/gyr_x": -3.0, "user/angle": 0.0, "user/throttle": 0.010212103640858181, "imu/gyr_z": -1.4580152671755726}