{"imu/acl_x": -0.0047884033203125, "imu/gyr_y": -9.763358778625955, "imu/temp": 32.906470588235294, "imu/acl_y": 0.5099649536132812, "imu/acl_z": 11.020510241699219, "user/mode": "user", "cam/image_array": "410_cam-image_array_.jpg", "imu/gyr_x": -3.9236641221374047, "user/angle": -0.5464339121677297, "user/throttle": 0.2653736991485336, "imu/gyr_z": 38.54961832061068}