{"imu/acl_x": 0.2442085693359375, "imu/gyr_y": 4.916030534351145, "imu/temp": 33.04764705882353, "imu/acl_y": 0.9552864624023437, "imu/acl_z": 9.253589416503905, "user/mode": "user", "cam/image_array": "84_cam-image_array_.jpg", "imu/gyr_x": -8.381679389312977, "user/angle": -1.0, "user/throttle": 0.27218176824243906, "imu/gyr_z": 48.404580152671755}