{"imu/acl_x": -1.0127473022460938, "imu/gyr_y": -3.0763358778625953, "imu/temp": 32.81235294117647, "imu/acl_y": 0.6775590698242188, "imu/acl_z": 12.533645690917968, "user/mode": "user", "cam/image_array": "754_cam-image_array_.jpg", "imu/gyr_x": -1.7251908396946565, "user/angle": -0.8247932370983001, "user/throttle": 0.2653736991485336, "imu/gyr_z": 49.045801526717554}