{"imu/acl_x": 2.3918074584960936, "imu/gyr_y": 11.427480916030534, "imu/temp": 32.906470588235294, "imu/acl_y": 0.9935936889648437, "imu/acl_z": 8.712499841308594, "user/mode": "user", "cam/image_array": "644_cam-image_array_.jpg", "imu/gyr_x": -6.236641221374046, "user/angle": -0.5876644184698019, "user/throttle": 0.2619696646015809, "imu/gyr_z": 28.610687022900763}