{"imu/acl_x": 1.158793603515625, "imu/gyr_y": 5.091603053435114, "imu/temp": 32.953529411764706, "imu/acl_y": 2.39420166015625, "imu/acl_z": 11.154585534667968, "user/mode": "user", "cam/image_array": "463_cam-image_array_.jpg", "imu/gyr_x": -8.244274809160306, "user/angle": -1.0, "user/throttle": 0.26877773369548635, "imu/gyr_z": 74.79389312977099}