{"imu/acl_x": -0.01915361328125, "imu/gyr_y": 11.587786259541986, "imu/temp": 32.953529411764706, "imu/acl_y": 0.1197100830078125, "imu/acl_z": 12.34689796142578, "user/mode": "user", "cam/image_array": "443_cam-image_array_.jpg", "imu/gyr_x": -3.16793893129771, "user/angle": -0.6701254310739464, "user/throttle": 0.26877773369548635, "imu/gyr_z": 36.94656488549618}