{"imu/acl_x": -0.22266075439453123, "imu/gyr_y": -3.9389312977099236, "imu/temp": 32.53, "imu/acl_y": 1.3144167114257812, "imu/acl_z": 10.867281335449219, "user/mode": "user", "cam/image_array": "1031_cam-image_array_.jpg", "imu/gyr_x": -0.7175572519083969, "user/angle": -0.8660237434003724, "user/throttle": 0.27218176824243906, "imu/gyr_z": 57.14503816793893}