{"imu/acl_x": 1.3096283081054687, "imu/gyr_y": 2.9389312977099236, "imu/temp": 33.14176470588235, "imu/acl_y": -0.06464344482421874, "imu/acl_z": 9.200916979980468, "user/mode": "user", "cam/image_array": "52_cam-image_array_.jpg", "imu/gyr_x": -8.34351145038168, "user/angle": -0.5670339060640278, "user/throttle": 0.2585656300546282, "imu/gyr_z": 10.007633587786259}