{"imu/acl_x": 1.8148048583984373, "imu/gyr_y": 18.31297709923664, "imu/temp": 33.47117647058823, "imu/acl_y": 0.22505495605468748, "imu/acl_z": 7.740453967285156, "user/mode": "user", "cam/image_array": "868_cam-image_array_.jpg", "imu/gyr_x": 8.885496183206106, "user/angle": -0.3196203497421186, "user/throttle": 0.2755757316812647, "imu/gyr_z": 30.053435114503817}