{"imu/acl_x": 0.12210428466796874, "imu/gyr_y": 10.17557251908397, "imu/temp": 32.15352941176471, "imu/acl_y": 1.1037269653320312, "imu/acl_z": 11.410765112304686, "user/mode": "user", "cam/image_array": "1421_cam-image_array_.jpg", "imu/gyr_x": 0.5954198473282443, "user/angle": -0.8660237434003724, "user/throttle": 0.2755757316812647, "imu/gyr_z": 67.66412213740458}