{"imu/acl_x": 0.9169792358398436, "imu/gyr_y": 10.541984732824428, "imu/temp": 33.47117647058823, "imu/acl_y": -1.927332336425781, "imu/acl_z": 5.346252307128906, "user/mode": "user", "cam/image_array": "854_cam-image_array_.jpg", "imu/gyr_x": -3.519083969465649, "user/angle": 0.0, "user/throttle": 0.2755757316812647, "imu/gyr_z": 32.099236641221374}