{"imu/acl_x": -0.718260498046875, "imu/gyr_y": 21.259541984732824, "imu/temp": 32.388823529411766, "imu/acl_y": 0.8044517578125, "imu/acl_z": 11.58075343017578, "user/mode": "user", "cam/image_array": "1221_cam-image_array_.jpg", "imu/gyr_x": -11.82442748091603, "user/angle": -1.0, "user/throttle": 0.27218176824243906, "imu/gyr_z": 52.68702290076336}