{"imu/acl_x": -0.9648632690429687, "imu/gyr_y": 5.190839694656488, "imu/temp": 32.43588235294118, "imu/acl_y": 0.5698199951171875, "imu/acl_z": 10.651803186035156, "user/mode": "user", "cam/image_array": "1141_cam-image_array_.jpg", "imu/gyr_x": -4.122137404580153, "user/angle": -0.8763389996032593, "user/throttle": 0.27218176824243906, "imu/gyr_z": 56.81679389312977}