{"imu/acl_x": 2.104503259277344, "imu/gyr_y": 17.580152671755727, "imu/temp": 32.48294117647059, "imu/acl_y": 0.5506663818359374, "imu/acl_z": 11.563994018554688, "user/mode": "user", "cam/image_array": "1159_cam-image_array_.jpg", "imu/gyr_x": 7.564885496183206, "user/angle": -0.9175695059053316, "user/throttle": 0.27218176824243906, "imu/gyr_z": 65.69465648854961}