{"imu/acl_x": -0.22744915771484372, "imu/gyr_y": -7.244274809160306, "imu/temp": 32.48294117647059, "imu/acl_y": 0.6631938598632812, "imu/acl_z": 12.947842578125, "user/mode": "user", "cam/image_array": "993_cam-image_array_.jpg", "imu/gyr_x": -4.702290076335878, "user/angle": 0.0, "user/throttle": 0.27218176824243906, "imu/gyr_z": -35.29770992366412}