{"imu/acl_x": -1.426944189453125, "imu/gyr_y": -26.564885496183205, "imu/temp": 32.906470588235294, "imu/acl_y": 0.5602431884765625, "imu/acl_z": 11.145008728027342, "user/mode": "user", "cam/image_array": "541_cam-image_array_.jpg", "imu/gyr_x": -1.1450381679389312, "user/angle": -0.45362712485122225, "user/throttle": 0.2857878353221229, "imu/gyr_z": 40.969465648854964}