{"imu/acl_x": 2.0374656127929685, "imu/gyr_y": 0.33587786259541985, "imu/temp": 32.671176470588236, "imu/acl_y": 0.9050082275390624, "imu/acl_z": 7.831433630371094, "user/mode": "user", "cam/image_array": "839_cam-image_array_.jpg", "imu/gyr_x": -18.015267175572518, "user/angle": -0.6598406933805353, "user/throttle": 0.2755757316812647, "imu/gyr_z": 51.02290076335878}