{"imu/acl_x": 0.5339069702148437, "imu/gyr_y": -2.549618320610687, "imu/temp": 32.624117647058824, "imu/acl_y": 0.7685387329101562, "imu/acl_z": 8.044517578125, "user/mode": "user", "cam/image_array": "825_cam-image_array_.jpg", "imu/gyr_x": -17.610687022900763, "user/angle": -0.10312204351939451, "user/throttle": 0.2755757316812647, "imu/gyr_z": 25.099236641221374}