{"imu/acl_x": 0.23223756103515625, "imu/gyr_y": 0.5877862595419847, "imu/temp": 33.00058823529412, "imu/acl_y": 0.8667010009765624, "imu/acl_z": 11.516109985351562, "user/mode": "user", "cam/image_array": "521_cam-image_array_.jpg", "imu/gyr_x": 0.7862595419847328, "user/angle": -0.618579668568987, "user/throttle": 0.2857878353221229, "imu/gyr_z": 21.099236641221374}