{"imu/acl_x": 0.6775590698242188, "imu/gyr_y": 3.198473282442748, "imu/temp": 32.059411764705885, "imu/acl_y": 0.6703764648437499, "imu/acl_z": 8.410830432128906, "user/mode": "user", "cam/image_array": "1399_cam-image_array_.jpg", "imu/gyr_x": -10.389312977099237, "user/angle": -1.0, "user/throttle": 0.2755757316812647, "imu/gyr_z": 69.12213740458016}