{"imu/acl_x": 0.8259995727539062, "imu/gyr_y": 3.33587786259542, "imu/temp": 32.012352941176474, "imu/acl_y": 0.277727392578125, "imu/acl_z": 9.208099584960937, "user/mode": "user", "cam/image_array": "870_cam-image_array_.jpg", "imu/gyr_x": -10.923664122137405, "user/angle": -0.2577593310342723, "user/throttle": 0.2755757316812647, "imu/gyr_z": 29.045801526717558}