{"imu/acl_x": 0.16280571289062498, "imu/gyr_y": -14.19083969465649, "imu/temp": 33.00058823529412, "imu/acl_y": -0.06464344482421874, "imu/acl_z": 10.939107385253905, "user/mode": "user", "cam/image_array": "535_cam-image_array_.jpg", "imu/gyr_x": -8.473282442748092, "user/angle": -0.8453932309945982, "user/throttle": 0.2857878353221229, "imu/gyr_z": 48.17557251908397}