{"imu/acl_x": 2.243366955566406, "imu/gyr_y": -16.198473282442748, "imu/temp": 33.14176470588235, "imu/acl_y": 1.7717092285156248, "imu/acl_z": 7.800309008789062, "user/mode": "user", "cam/image_array": "235_cam-image_array_.jpg", "imu/gyr_x": -14.114503816793894, "user/angle": -1.0, "user/throttle": 0.26877773369548635, "imu/gyr_z": 69.7175572519084}