{"imu/acl_x": -1.9033903198242186, "imu/gyr_y": 29.297709923664122, "imu/temp": 31.871176470588235, "imu/acl_y": 1.4149731811523436, "imu/acl_z": 10.979808813476561, "user/mode": "user", "cam/image_array": "1721_cam-image_array_.jpg", "imu/gyr_x": -5.870229007633588, "user/angle": -1.0, "user/throttle": 0.2755757316812647, "imu/gyr_z": 79.74809160305344}