{"imu/acl_x": -0.5315127685546874, "imu/gyr_y": -3.0076335877862594, "imu/temp": 33.04764705882353, "imu/acl_y": 1.7118541870117185, "imu/acl_z": 10.73799444580078, "user/mode": "user", "cam/image_array": "330_cam-image_array_.jpg", "imu/gyr_x": -10.86259541984733, "user/angle": -0.5876644184698019, "user/throttle": 0.26877773369548635, "imu/gyr_z": 54.099236641221374}