{"imu/acl_x": 0.01915361328125, "imu/gyr_y": -5.190839694656488, "imu/temp": 32.85941176470588, "imu/acl_y": 0.277727392578125, "imu/acl_z": 12.143390820312499, "user/mode": "user", "cam/image_array": "735_cam-image_array_.jpg", "imu/gyr_x": -3.145038167938931, "user/angle": -0.07217627491073336, "user/throttle": 0.2653736991485336, "imu/gyr_z": 14.473282442748092}