{"imu/acl_x": 3.749319799804687, "imu/gyr_y": 16.022900763358777, "imu/temp": 31.824117647058824, "imu/acl_y": 1.2497732666015624, "imu/acl_z": 10.608707556152343, "user/mode": "user", "cam/image_array": "1704_cam-image_array_.jpg", "imu/gyr_x": 14.312977099236642, "user/angle": -1.0, "user/throttle": 0.27218176824243906, "imu/gyr_z": 64.73282442748092}