{"imu/acl_x": -4.077325427246094, "imu/gyr_y": -12.908396946564885, "imu/temp": 32.671176470588236, "imu/acl_y": 1.6256629272460936, "imu/acl_z": 10.211270080566406, "user/mode": "user", "cam/image_array": "895_cam-image_array_.jpg", "imu/gyr_x": -7.198473282442748, "user/angle": -0.4330271309549242, "user/throttle": 0.2755757316812647, "imu/gyr_z": 53.63358778625954}