{"imu/acl_x": 2.844311572265625, "imu/gyr_y": 4.893129770992366, "imu/temp": 31.824117647058824, "imu/acl_y": 2.1212626708984375, "imu/acl_z": 10.896011755371093, "user/mode": "user", "cam/image_array": "1685_cam-image_array_.jpg", "imu/gyr_x": -13.312977099236642, "user/angle": -0.7938474684896389, "user/throttle": 0.2755757316812647, "imu/gyr_z": 75.8473282442748}