{"imu/acl_x": -0.1292868896484375, "imu/gyr_y": 6.412213740458015, "imu/temp": 32.85941176470588, "imu/acl_y": 0.4381389038085937, "imu/acl_z": 10.817003100585938, "user/mode": "user", "cam/image_array": "709_cam-image_array_.jpg", "imu/gyr_x": 6.709923664122138, "user/angle": -0.28867458113345745, "user/throttle": 0.2653736991485336, "imu/gyr_z": 14.488549618320612}