{"imu/acl_x": -0.38307226562499996, "imu/gyr_y": 3.0, "imu/temp": 32.43588235294118, "imu/acl_y": 1.62805712890625, "imu/acl_z": 10.443507641601562, "user/mode": "user", "cam/image_array": "1132_cam-image_array_.jpg", "imu/gyr_x": -15.129770992366412, "user/angle": -0.7938474684896389, "user/throttle": 0.27218176824243906, "imu/gyr_z": 52.541984732824424}