{"imu/acl_x": 0.22744915771484372, "imu/gyr_y": 5.4961832061068705, "imu/temp": 32.85941176470588, "imu/acl_y": 1.22583125, "imu/acl_z": 10.206481677246094, "user/mode": "user", "cam/image_array": "686_cam-image_array_.jpg", "imu/gyr_x": -13.740458015267176, "user/angle": -1.0, "user/throttle": 0.2653736991485336, "imu/gyr_z": 67.33587786259542}