{"imu/acl_x": 2.4301146850585935, "imu/gyr_y": 18.374045801526716, "imu/temp": 31.777058823529412, "imu/acl_y": 0.47644613037109373, "imu/acl_z": 10.407594616699217, "user/mode": "user", "cam/image_array": "1805_cam-image_array_.jpg", "imu/gyr_x": 0.9236641221374046, "user/angle": 0.0, "user/throttle": 0.27218176824243906, "imu/gyr_z": -8.366412213740459}