{"imu/acl_x": -0.11013327636718749, "imu/gyr_y": 10.297709923664122, "imu/temp": 32.1064705882353, "imu/acl_y": 2.214636535644531, "imu/acl_z": 9.900023864746093, "user/mode": "user", "cam/image_array": "1511_cam-image_array_.jpg", "imu/gyr_x": -5.0458015267175576, "user/angle": -1.0, "user/throttle": 0.2755757316812647, "imu/gyr_z": 85.70992366412214}