{"imu/acl_x": -0.13646949462890623, "imu/gyr_y": 30.198473282442748, "imu/temp": 31.777058823529412, "imu/acl_y": 0.39743747558593745, "imu/acl_z": 9.639055883789062, "user/mode": "user", "cam/image_array": "1791_cam-image_array_.jpg", "imu/gyr_x": 3.687022900763359, "user/angle": -0.9072542497024445, "user/throttle": 0.27218176824243906, "imu/gyr_z": 57.69465648854962}