{"imu/acl_x": -1.120486376953125, "imu/gyr_y": -27.30534351145038, "imu/temp": 32.15352941176471, "imu/acl_y": 0.6081272216796875, "imu/acl_z": 8.343792785644531, "user/mode": "user", "cam/image_array": "1457_cam-image_array_.jpg", "imu/gyr_x": 6.595419847328245, "user/angle": 0.0, "user/throttle": 0.2755757316812647, "imu/gyr_z": 1.9618320610687023}