{"imu/acl_x": 0.8954314208984374, "imu/gyr_y": -11.122137404580153, "imu/temp": 32.059411764705885, "imu/acl_y": 1.0989385620117187, "imu/acl_z": 11.061211669921875, "user/mode": "user", "cam/image_array": "1484_cam-image_array_.jpg", "imu/gyr_x": -7.450381679389313, "user/angle": -0.9897457808160649, "user/throttle": 0.2755757316812647, "imu/gyr_z": 80.69465648854961}