{"imu/acl_x": -2.0973206542968748, "imu/gyr_y": -10.038167938931299, "imu/temp": 32.81235294117647, "imu/acl_y": -0.0430956298828125, "imu/acl_z": 10.445901843261717, "user/mode": "user", "cam/image_array": "664_cam-image_array_.jpg", "imu/gyr_x": 6.6106870229007635, "user/angle": -0.05157628101443525, "user/throttle": 0.2619696646015809, "imu/gyr_z": 14.992366412213741}