{"imu/acl_x": -0.612915625, "imu/gyr_y": -5.587786259541985, "imu/temp": 32.059411764705885, "imu/acl_y": 0.7350199096679687, "imu/acl_z": 9.888052856445311, "user/mode": "user", "cam/image_array": "1441_cam-image_array_.jpg", "imu/gyr_x": -8.648854961832061, "user/angle": 0.0, "user/throttle": 0.2755757316812647, "imu/gyr_z": 48.267175572519086}