{"imu/acl_x": 0.679953271484375, "imu/gyr_y": 5.061068702290076, "imu/temp": 33.14176470588235, "imu/acl_y": 1.0606313354492187, "imu/acl_z": 10.615890161132812, "user/mode": "user", "cam/image_array": "157_cam-image_array_.jpg", "imu/gyr_x": -11.770992366412214, "user/angle": 0.0, "user/throttle": 0.2653736991485336, "imu/gyr_z": 1.4732824427480915}