{"imu/acl_x": 1.5179238525390624, "imu/gyr_y": -3.946564885496183, "imu/temp": 32.059411764705885, "imu/acl_y": -0.047884033203124995, "imu/acl_z": 8.580818749999999, "user/mode": "user", "cam/image_array": "1464_cam-image_array_.jpg", "imu/gyr_x": -10.15267175572519, "user/angle": -0.7526169621875668, "user/throttle": 0.2755757316812647, "imu/gyr_z": 18.114503816793892}