{"imu/acl_x": 0.13168109130859373, "imu/gyr_y": -1.8091603053435115, "imu/temp": 32.906470588235294, "imu/acl_y": 1.120486376953125, "imu/acl_z": 8.396465222167969, "user/mode": "user", "cam/image_array": "667_cam-image_array_.jpg", "imu/gyr_x": -8.198473282442748, "user/angle": -0.7423017059846797, "user/throttle": 0.2619696646015809, "imu/gyr_z": 13.221374045801527}