{"imu/acl_x": -0.6871358764648438, "imu/gyr_y": -0.24427480916030533, "imu/temp": 32.53, "imu/acl_y": 0.086191259765625, "imu/acl_z": 9.995791931152343, "user/mode": "user", "cam/image_array": "1104_cam-image_array_.jpg", "imu/gyr_x": 7.67175572519084, "user/angle": -1.0, "user/throttle": 0.27218176824243906, "imu/gyr_z": 75.54198473282443}