{"imu/acl_x": 0.7852981445312499, "imu/gyr_y": 11.534351145038167, "imu/temp": 32.953529411764706, "imu/acl_y": 2.0374656127929685, "imu/acl_z": 11.087547888183593, "user/mode": "user", "cam/image_array": "585_cam-image_array_.jpg", "imu/gyr_x": -6.885496183206107, "user/angle": -1.0, "user/throttle": 0.2619696646015809, "imu/gyr_z": 73.6793893129771}