{"imu/acl_x": 0.8954314208984374, "imu/gyr_y": 36.0763358778626, "imu/temp": 32.29470588235294, "imu/acl_y": -0.1292868896484375, "imu/acl_z": 11.824961999511718, "user/mode": "user", "cam/image_array": "1272_cam-image_array_.jpg", "imu/gyr_x": -17.259541984732824, "user/angle": 0.0, "user/throttle": 0.2755757316812647, "imu/gyr_z": -6.923664122137405}