{"imu/acl_x": -0.6943184814453125, "imu/gyr_y": -0.5648854961832062, "imu/temp": 32.624117647058824, "imu/acl_y": 0.9720458740234375, "imu/acl_z": 12.562376110839843, "user/mode": "user", "cam/image_array": "921_cam-image_array_.jpg", "imu/gyr_x": 6.015267175572519, "user/angle": -1.0, "user/throttle": 0.27218176824243906, "imu/gyr_z": 77.78625954198473}