{"imu/acl_x": 0.05027823486328125, "imu/gyr_y": 19.931297709923665, "imu/temp": 32.24764705882353, "imu/acl_y": 2.602497204589844, "imu/acl_z": 9.272743029785156, "user/mode": "user", "cam/image_array": "1326_cam-image_array_.jpg", "imu/gyr_x": -15.030534351145038, "user/angle": -0.8350779747917112, "user/throttle": 0.2755757316812647, "imu/gyr_z": 69.82442748091603}