{"imu/acl_x": -1.2521674682617188, "imu/gyr_y": 5.633587786259542, "imu/temp": 31.871176470588235, "imu/acl_y": 1.85790048828125, "imu/acl_z": 11.966219897460936, "user/mode": "user", "cam/image_array": "1754_cam-image_array_.jpg", "imu/gyr_x": -11.977099236641221, "user/angle": -1.0, "user/throttle": 0.27218176824243906, "imu/gyr_z": 74.10687022900764}