{"imu/acl_x": -0.4381389038085937, "imu/gyr_y": 10.213740458015268, "imu/temp": 32.81235294117647, "imu/acl_y": 1.0271125122070313, "imu/acl_z": 11.183315954589844, "user/mode": "user", "cam/image_array": "753_cam-image_array_.jpg", "imu/gyr_x": 10.84732824427481, "user/angle": -0.8247932370983001, "user/throttle": 0.2653736991485336, "imu/gyr_z": 61.54961832061068}