{"imu/acl_x": -1.0702081420898437, "imu/gyr_y": -8.076335877862595, "imu/temp": 33.00058823529412, "imu/acl_y": -0.737414111328125, "imu/acl_z": 9.957484704589843, "user/mode": "user", "cam/image_array": "474_cam-image_array_.jpg", "imu/gyr_x": 3.2442748091603053, "user/angle": 0.5670033875545518, "user/throttle": 0.2653736991485336, "imu/gyr_z": -14.15267175572519}