{"imu/acl_x": 0.8738836059570312, "imu/gyr_y": 5.633587786259542, "imu/temp": 32.43588235294118, "imu/acl_y": 2.9496564453125, "imu/acl_z": 9.37808790283203, "user/mode": "user", "cam/image_array": "1290_cam-image_array_.jpg", "imu/gyr_x": -18.46564885496183, "user/angle": -0.9794305246131779, "user/throttle": 0.2755757316812647, "imu/gyr_z": 92.90076335877863}