{"imu/acl_x": 1.3192051147460937, "imu/gyr_y": -5.145038167938932, "imu/temp": 33.09470588235294, "imu/acl_y": -0.6392518432617187, "imu/acl_z": 13.912705847167969, "user/mode": "user", "cam/image_array": "192_cam-image_array_.jpg", "imu/gyr_x": -3.3206106870229006, "user/angle": -0.45362712485122225, "user/throttle": 0.2653736991485336, "imu/gyr_z": -0.2595419847328244}