{"imu/acl_x": -1.0319009155273438, "imu/gyr_y": 1.6564885496183206, "imu/temp": 31.68294117647059, "imu/acl_y": 0.3327940307617187, "imu/acl_z": 12.064382165527343, "user/mode": "user", "cam/image_array": "1857_cam-image_array_.jpg", "imu/gyr_x": -3.7938931297709924, "user/angle": 0.0, "user/throttle": 0.27218176824243906, "imu/gyr_z": -10.122137404580153}