{"imu/acl_x": 1.7693150268554687, "imu/gyr_y": 6.938931297709924, "imu/temp": 32.76529411764706, "imu/acl_y": -0.12689268798828124, "imu/acl_z": 11.654973681640625, "user/mode": "user", "cam/image_array": "758_cam-image_array_.jpg", "imu/gyr_x": -0.04580152671755725, "user/angle": -1.0, "user/throttle": 0.2653736991485336, "imu/gyr_z": 66.18320610687023}