{"imu/acl_x": -0.6368576416015624, "imu/gyr_y": 3.633587786259542, "imu/temp": 32.012352941176474, "imu/acl_y": 0.6009446166992187, "imu/acl_z": 12.650961572265624, "user/mode": "user", "cam/image_array": "1473_cam-image_array_.jpg", "imu/gyr_x": 6.99236641221374, "user/angle": -1.0, "user/throttle": 0.2755757316812647, "imu/gyr_z": 70.12213740458016}