{"imu/acl_x": -0.5243301635742187, "imu/gyr_y": -0.3511450381679389, "imu/temp": 32.671176470588236, "imu/acl_y": 0.143652099609375, "imu/acl_z": 11.717222924804688, "user/mode": "user", "cam/image_array": "970_cam-image_array_.jpg", "imu/gyr_x": 5.3893129770992365, "user/angle": -0.9175695059053316, "user/throttle": 0.27218176824243906, "imu/gyr_z": 60.9236641221374}