{"imu/acl_x": 1.9656395629882812, "imu/gyr_y": -2.984732824427481, "imu/temp": 32.1064705882353, "imu/acl_y": 0.59376201171875, "imu/acl_z": 8.29351455078125, "user/mode": "user", "cam/image_array": "1530_cam-image_array_.jpg", "imu/gyr_x": -9.389312977099237, "user/angle": -0.8453932309945982, "user/throttle": 0.2755757316812647, "imu/gyr_z": 51.11450381679389}