{"imu/acl_x": 0.6727706665039062, "imu/gyr_y": 3.3206106870229006, "imu/temp": 33.04764705882353, "imu/acl_y": 2.588131994628906, "imu/acl_z": 9.289502441406249, "user/mode": "user", "cam/image_array": "152_cam-image_array_.jpg", "imu/gyr_x": -17.755725190839694, "user/angle": -0.9588000122074037, "user/throttle": 0.26877773369548635, "imu/gyr_z": 56.656488549618324}