{"imu/acl_x": 0.6560112548828124, "imu/gyr_y": 4.541984732824427, "imu/temp": 32.71823529411765, "imu/acl_y": 1.4532804077148436, "imu/acl_z": 10.036493359375, "user/mode": "user", "cam/image_array": "834_cam-image_array_.jpg", "imu/gyr_x": -10.404580152671755, "user/angle": -0.6598406933805353, "user/throttle": 0.2755757316812647, "imu/gyr_z": 48.778625954198475}