{"imu/acl_x": 3.825934252929687, "imu/gyr_y": -1.9236641221374047, "imu/temp": 32.24764705882353, "imu/acl_y": 1.0175357055664063, "imu/acl_z": 7.673416320800781, "user/mode": "user", "cam/image_array": "1289_cam-image_array_.jpg", "imu/gyr_x": -9.564885496183207, "user/angle": -0.9794305246131779, "user/throttle": 0.2755757316812647, "imu/gyr_z": 85.14503816793894}