{"imu/acl_x": -0.2609679809570312, "imu/gyr_y": -5.6183206106870225, "imu/temp": 33.14176470588235, "imu/acl_y": 0.3711012573242187, "imu/acl_z": 8.537723120117187, "user/mode": "user", "cam/image_array": "236_cam-image_array_.jpg", "imu/gyr_x": -0.916030534351145, "user/angle": -1.0, "user/throttle": 0.26877773369548635, "imu/gyr_z": 69.61068702290076}