{"imu/acl_x": -0.1484405029296875, "imu/gyr_y": -9.236641221374045, "imu/temp": 32.24764705882353, "imu/acl_y": -0.033518823242187495, "imu/acl_z": 12.66053837890625, "user/mode": "user", "cam/image_array": "1395_cam-image_array_.jpg", "imu/gyr_x": 1.83206106870229, "user/angle": -1.0, "user/throttle": 0.2755757316812647, "imu/gyr_z": 77.70992366412214}