{"imu/acl_x": -0.8882488159179687, "imu/gyr_y": 5.0458015267175576, "imu/temp": 32.53, "imu/acl_y": -0.076614453125, "imu/acl_z": 11.56159981689453, "user/mode": "user", "cam/image_array": "1012_cam-image_array_.jpg", "imu/gyr_x": -1.0534351145038168, "user/angle": -1.0, "user/throttle": 0.27218176824243906, "imu/gyr_z": 67.55725190839695}