{"imu/acl_x": 1.7693150268554687, "imu/gyr_y": -2.8625954198473282, "imu/temp": 31.824117647058824, "imu/acl_y": 2.6431986328124997, "imu/acl_z": 14.74109962158203, "user/mode": "user", "cam/image_array": "1748_cam-image_array_.jpg", "imu/gyr_x": -9.381679389312977, "user/angle": -1.0, "user/throttle": 0.27218176824243906, "imu/gyr_z": 76.6412213740458}