{"imu/acl_x": 2.636016027832031, "imu/gyr_y": -11.320610687022901, "imu/temp": 31.68294117647059, "imu/acl_y": 0.7158662963867187, "imu/acl_z": 12.454637036132812, "user/mode": "user", "cam/image_array": "1776_cam-image_array_.jpg", "imu/gyr_x": -5.0534351145038165, "user/angle": -0.2577593310342723, "user/throttle": 0.27218176824243906, "imu/gyr_z": -7.267175572519084}