{"imu/acl_x": 1.8219874633789062, "imu/gyr_y": -4.564885496183206, "imu/temp": 31.777058823529412, "imu/acl_y": 0.22026655273437498, "imu/acl_z": 11.628637463378906, "user/mode": "user", "cam/image_array": "1853_cam-image_array_.jpg", "imu/gyr_x": -0.1984732824427481, "user/angle": 0.0, "user/throttle": 0.27218176824243906, "imu/gyr_z": 48.19083969465649}