{"imu/acl_x": 0.36631285400390623, "imu/gyr_y": 8.15267175572519, "imu/temp": 31.824117647058824, "imu/acl_y": -0.6655880615234374, "imu/acl_z": 8.010998754882811, "user/mode": "user", "cam/image_array": "1826_cam-image_array_.jpg", "imu/gyr_x": 11.267175572519085, "user/angle": -0.32993560594500565, "user/throttle": 0.2755757316812647, "imu/gyr_z": 9.305343511450381}