{"imu/acl_x": 0.055066638183593745, "imu/gyr_y": 1.381679389312977, "imu/temp": 31.965294117647062, "imu/acl_y": 0.9864110839843749, "imu/acl_z": 8.398859423828124, "user/mode": "user", "cam/image_array": "1623_cam-image_array_.jpg", "imu/gyr_x": -8.007633587786259, "user/angle": -0.6907559434797205, "user/throttle": 0.2755757316812647, "imu/gyr_z": 59.6793893129771}