{"imu/acl_x": 1.886630908203125, "imu/gyr_y": 1.3740458015267176, "imu/temp": 32.20058823529412, "imu/acl_y": 0.7326257080078125, "imu/acl_z": 7.137115148925781, "user/mode": "user", "cam/image_array": "1420_cam-image_array_.jpg", "imu/gyr_x": -7.404580152671755, "user/angle": -0.8660237434003724, "user/throttle": 0.2755757316812647, "imu/gyr_z": 68.35114503816794}