{"imu/acl_x": 1.8602946899414061, "imu/gyr_y": 7.580152671755725, "imu/temp": 32.624117647058824, "imu/acl_y": -2.7174188842773437, "imu/acl_z": 11.872846032714843, "user/mode": "user", "cam/image_array": "991_cam-image_array_.jpg", "imu/gyr_x": 5.00763358778626, "user/angle": 0.35050508133182773, "user/throttle": 0.27218176824243906, "imu/gyr_z": -73.54961832061069}