{"imu/acl_x": 1.4796166259765624, "imu/gyr_y": -3.0, "imu/temp": 32.671176470588236, "imu/acl_y": 0.49320554199218747, "imu/acl_z": 11.540052001953125, "user/mode": "user", "cam/image_array": "873_cam-image_array_.jpg", "imu/gyr_x": 10.51908396946565, "user/angle": -0.804162724692526, "user/throttle": 0.27218176824243906, "imu/gyr_z": 19.6793893129771}