{"imu/acl_x": 1.2306196533203124, "imu/gyr_y": 8.091603053435115, "imu/temp": 33.00058823529412, "imu/acl_y": -1.2042834350585936, "imu/acl_z": 11.437101330566406, "user/mode": "user", "cam/image_array": "338_cam-image_array_.jpg", "imu/gyr_x": -12.267175572519085, "user/angle": 0.7732169560838649, "user/throttle": 0.2653736991485336, "imu/gyr_z": -59.3587786259542}