{"imu/acl_x": -1.7381904052734374, "imu/gyr_y": -32.99236641221374, "imu/temp": 32.53, "imu/acl_y": 0.26336218261718747, "imu/acl_z": 6.672640026855468, "user/mode": "user", "cam/image_array": "1097_cam-image_array_.jpg", "imu/gyr_x": -3.4122137404580153, "user/angle": -1.0, "user/throttle": 0.27218176824243906, "imu/gyr_z": 76.06106870229007}