{"imu/acl_x": 1.20667763671875, "imu/gyr_y": -3.0, "imu/temp": 32.20058823529412, "imu/acl_y": 0.7565677246093749, "imu/acl_z": 9.605537060546874, "user/mode": "user", "cam/image_array": "1396_cam-image_array_.jpg", "imu/gyr_x": 13.17557251908397, "user/angle": -1.0, "user/throttle": 0.2755757316812647, "imu/gyr_z": 78.54961832061069}