{"imu/acl_x": 0.5674257934570313, "imu/gyr_y": 4.068702290076335, "imu/temp": 32.624117647058824, "imu/acl_y": 1.8746598999023436, "imu/acl_z": 12.679691992187498, "user/mode": "user", "cam/image_array": "1001_cam-image_array_.jpg", "imu/gyr_x": -4.854961832061068, "user/angle": -1.0, "user/throttle": 0.27218176824243906, "imu/gyr_z": 71.79389312977099}