{"imu/acl_x": -0.9600748657226562, "imu/gyr_y": -7.419847328244275, "imu/temp": 32.341764705882355, "imu/acl_y": 1.5945383056640625, "imu/acl_z": 10.714052429199219, "user/mode": "user", "cam/image_array": "1282_cam-image_array_.jpg", "imu/gyr_x": -2.984732824427481, "user/angle": -0.37116611224707785, "user/throttle": 0.2755757316812647, "imu/gyr_z": 24.68702290076336}