{"imu/acl_x": -1.419761584472656, "imu/gyr_y": 1.6793893129770991, "imu/temp": 32.71823529411765, "imu/acl_y": -0.7900865478515624, "imu/acl_z": 11.034875451660156, "user/mode": "user", "cam/image_array": "1563_cam-image_array_.jpg", "imu/gyr_x": 1.381679389312977, "user/angle": 0.7732169560838649, "user/throttle": 0.27218176824243906, "imu/gyr_z": -81.06870229007633}