{"imu/acl_x": -0.6943184814453125, "imu/gyr_y": -14.183206106870228, "imu/temp": 31.259411764705884, "imu/acl_y": -1.0462661254882812, "imu/acl_z": 10.474632263183594, "user/mode": "user", "cam/image_array": "1556_cam-image_array_.jpg", "imu/gyr_x": 3.717557251908397, "user/angle": 0.6391796624652852, "user/throttle": 0.27218176824243906, "imu/gyr_z": -48.49618320610687}