{"imu/acl_x": -0.0526724365234375, "imu/gyr_y": 0.8244274809160306, "imu/temp": 32.906470588235294, "imu/acl_y": 1.4413093994140624, "imu/acl_z": 9.18655177001953, "user/mode": "user", "cam/image_array": "583_cam-image_array_.jpg", "imu/gyr_x": -4.290076335877862, "user/angle": -1.0, "user/throttle": 0.2619696646015809, "imu/gyr_z": 68.96946564885496}