{"imu/acl_x": -2.808398547363281, "imu/gyr_y": -3.8396946564885495, "imu/temp": 32.341764705882355, "imu/acl_y": 0.7350199096679687, "imu/acl_z": 12.670115185546875, "user/mode": "user", "cam/image_array": "1246_cam-image_array_.jpg", "imu/gyr_x": 4.175572519083969, "user/angle": -0.7629322183904538, "user/throttle": 0.2755757316812647, "imu/gyr_z": 67.36641221374046}