{"imu/acl_x": 1.1516109985351561, "imu/gyr_y": 20.366412213740457, "imu/temp": 32.20058823529412, "imu/acl_y": 1.3910311645507811, "imu/acl_z": 7.903259680175781, "user/mode": "user", "cam/image_array": "1398_cam-image_array_.jpg", "imu/gyr_x": -9.183206106870228, "user/angle": -1.0, "user/throttle": 0.2755757316812647, "imu/gyr_z": 79.64885496183206}