{"imu/acl_x": 0.97683427734375, "imu/gyr_y": -2.33587786259542, "imu/temp": 33.00058823529412, "imu/acl_y": -0.3327940307617187, "imu/acl_z": 7.752424975585937, "user/mode": "user", "cam/image_array": "19_cam-image_array_.jpg", "imu/gyr_x": -11.419847328244275, "user/angle": 0.0, "user/throttle": 0.2347575304422132, "imu/gyr_z": -6.748091603053435}