{"imu/acl_x": -1.4006079711914061, "imu/gyr_y": 4.648854961832061, "imu/temp": 32.76529411764706, "imu/acl_y": -0.4165910888671875, "imu/acl_z": 10.058041174316406, "user/mode": "user", "cam/image_array": "694_cam-image_array_.jpg", "imu/gyr_x": 4.267175572519084, "user/angle": 0.0, "user/throttle": 0.2653736991485336, "imu/gyr_z": 10.648854961832061}