{"imu/acl_x": -0.5770026000976562, "imu/gyr_y": 6.923664122137405, "imu/temp": 33.04764705882353, "imu/acl_y": 0.18914193115234373, "imu/acl_z": 9.210493786621093, "user/mode": "user", "cam/image_array": "392_cam-image_array_.jpg", "imu/gyr_x": -13.732824427480915, "user/angle": -0.4330271309549242, "user/throttle": 0.26877773369548635, "imu/gyr_z": 41.29770992366412}