{"imu/acl_x": 1.1923124267578125, "imu/gyr_y": 0.8320610687022901, "imu/temp": 33.18882352941176, "imu/acl_y": 0.7230489013671875, "imu/acl_z": 9.375693701171874, "user/mode": "user", "cam/image_array": "148_cam-image_array_.jpg", "imu/gyr_x": -6.656488549618321, "user/angle": -1.0, "user/throttle": 0.27218176824243906, "imu/gyr_z": 52.56488549618321}