{"imu/acl_x": 4.690241052246093, "imu/gyr_y": 3.0916030534351147, "imu/temp": 32.29470588235294, "imu/acl_y": -0.4381389038085937, "imu/acl_z": 9.337386474609374, "user/mode": "user", "cam/image_array": "1259_cam-image_array_.jpg", "imu/gyr_x": 7.244274809160306, "user/angle": -0.7938474684896389, "user/throttle": 0.2755757316812647, "imu/gyr_z": 56.64885496183206}