{"imu/acl_x": -1.3072341064453123, "imu/gyr_y": 0.31297709923664124, "imu/temp": 32.71823529411765, "imu/acl_y": 1.3527239379882812, "imu/acl_z": 11.190498559570312, "user/mode": "user", "cam/image_array": "952_cam-image_array_.jpg", "imu/gyr_x": -13.725190839694656, "user/angle": -1.0, "user/throttle": 0.27218176824243906, "imu/gyr_z": 69.42748091603053}