{"imu/acl_x": 0.8475473876953125, "imu/gyr_y": 11.106870229007633, "imu/temp": 32.388823529411766, "imu/acl_y": -0.7757213378906249, "imu/acl_z": 10.831368310546875, "user/mode": "user", "cam/image_array": "1133_cam-image_array_.jpg", "imu/gyr_x": -2.312977099236641, "user/angle": -0.804162724692526, "user/throttle": 0.27218176824243906, "imu/gyr_z": 56.56488549618321}