{"imu/acl_x": 0.9145850341796874, "imu/gyr_y": -11.381679389312977, "imu/temp": 31.73, "imu/acl_y": -1.1516109985351561, "imu/acl_z": 10.457872851562499, "user/mode": "user", "cam/image_array": "1861_cam-image_array_.jpg", "imu/gyr_x": 8.854961832061068, "user/angle": 0.3401898251289407, "user/throttle": 0.27218176824243906, "imu/gyr_z": -24.389312977099237}