{"imu/acl_x": 0.40462008056640625, "imu/gyr_y": -9.251908396946565, "imu/temp": 32.71823529411765, "imu/acl_y": 1.2425906616210938, "imu/acl_z": 12.23915888671875, "user/mode": "user", "cam/image_array": "897_cam-image_array_.jpg", "imu/gyr_x": -3.9770992366412212, "user/angle": -0.08249153111362041, "user/throttle": 0.2755757316812647, "imu/gyr_z": 39.23664122137404}