{"imu/acl_x": 1.1324573852539062, "imu/gyr_y": 0.4961832061068702, "imu/temp": 33.04764705882353, "imu/acl_y": -0.6512228515624999, "imu/acl_z": 7.50821640625, "user/mode": "user", "cam/image_array": "42_cam-image_array_.jpg", "imu/gyr_x": -17.68702290076336, "user/angle": -0.195898312326426, "user/throttle": 0.2551716666158025, "imu/gyr_z": -0.9312977099236641}