{"imu/acl_x": -2.1787235107421874, "imu/gyr_y": 27.076335877862597, "imu/temp": 32.57705882352941, "imu/acl_y": 3.897760302734375, "imu/acl_z": 10.541669909667968, "user/mode": "user", "cam/image_array": "913_cam-image_array_.jpg", "imu/gyr_x": -9.641221374045802, "user/angle": -0.8247932370983001, "user/throttle": 0.27218176824243906, "imu/gyr_z": 52.23664122137404}