{"imu/acl_x": -0.29448680419921874, "imu/gyr_y": 9.450381679389313, "imu/temp": 31.259411764705884, "imu/acl_y": 0.9816226806640624, "imu/acl_z": 9.758765966796874, "user/mode": "user", "cam/image_array": "1601_cam-image_array_.jpg", "imu/gyr_x": -14.389312977099237, "user/angle": 0.0, "user/throttle": 0.2755757316812647, "imu/gyr_z": 0.17557251908396945}