{"imu/acl_x": -1.3623007446289062, "imu/gyr_y": -1.4961832061068703, "imu/temp": 31.91823529411765, "imu/acl_y": 0.6512228515624999, "imu/acl_z": 10.151415039062499, "user/mode": "user", "cam/image_array": "1688_cam-image_array_.jpg", "imu/gyr_x": 14.16793893129771, "user/angle": -0.8660237434003724, "user/throttle": 0.2755757316812647, "imu/gyr_z": 72.93129770992367}