{"imu/acl_x": 2.5522189697265625, "imu/gyr_y": 21.748091603053435, "imu/temp": 32.906470588235294, "imu/acl_y": 0.5602431884765625, "imu/acl_z": 7.649474304199218, "user/mode": "user", "cam/image_array": "600_cam-image_array_.jpg", "imu/gyr_x": -4.450381679389313, "user/angle": -0.7423017059846797, "user/throttle": 0.2619696646015809, "imu/gyr_z": 35.343511450381676}