{"imu/acl_x": -2.138022082519531, "imu/gyr_y": 11.038167938931299, "imu/temp": 32.57705882352941, "imu/acl_y": 0.5698199951171875, "imu/acl_z": 9.210493786621093, "user/mode": "user", "cam/image_array": "1018_cam-image_array_.jpg", "imu/gyr_x": -15.396946564885496, "user/angle": -0.12372203741569261, "user/throttle": 0.27218176824243906, "imu/gyr_z": 49.396946564885496}