{"imu/acl_x": -1.9297265380859374, "imu/gyr_y": -7.916030534351145, "imu/temp": 32.76529411764706, "imu/acl_y": 1.0199299072265624, "imu/acl_z": 12.86404552001953, "user/mode": "user", "cam/image_array": "721_cam-image_array_.jpg", "imu/gyr_x": -0.007633587786259542, "user/angle": -0.7629322183904538, "user/throttle": 0.2653736991485336, "imu/gyr_z": 48.68702290076336}