{"imu/acl_x": -0.8547299926757812, "imu/gyr_y": 22.053435114503817, "imu/temp": 32.48294117647059, "imu/acl_y": 0.8762778076171874, "imu/acl_z": 11.56159981689453, "user/mode": "user", "cam/image_array": "1028_cam-image_array_.jpg", "imu/gyr_x": -6.488549618320611, "user/angle": -0.8660237434003724, "user/throttle": 0.27218176824243906, "imu/gyr_z": 59.49618320610687}