{"imu/acl_x": -0.11013327636718749, "imu/gyr_y": 3.595419847328244, "imu/temp": 32.43588235294118, "imu/acl_y": 0.8643067993164062, "imu/acl_z": 11.020510241699219, "user/mode": "user", "cam/image_array": "1070_cam-image_array_.jpg", "imu/gyr_x": 3.0, "user/angle": 0.0, "user/throttle": 0.27218176824243906, "imu/gyr_z": -2.183206106870229}