{"imu/acl_x": -0.02633621826171875, "imu/gyr_y": 2.3435114503816794, "imu/temp": 33.04764705882353, "imu/acl_y": 0.6823474731445313, "imu/acl_z": 9.17458076171875, "user/mode": "user", "cam/image_array": "315_cam-image_array_.jpg", "imu/gyr_x": -14.923664122137405, "user/angle": -1.0, "user/throttle": 0.26877773369548635, "imu/gyr_z": 65.46564885496183}