{"imu/acl_x": 1.1085153686523437, "imu/gyr_y": -3.2595419847328246, "imu/temp": 33.00058823529412, "imu/acl_y": -0.4644751220703125, "imu/acl_z": 9.471461767578125, "user/mode": "user", "cam/image_array": "155_cam-image_array_.jpg", "imu/gyr_x": -5.473282442748092, "user/angle": -0.05157628101443525, "user/throttle": 0.26877773369548635, "imu/gyr_z": 27.793893129770993}