{"imu/acl_x": -2.748543505859375, "imu/gyr_y": -18.52671755725191, "imu/temp": 33.04764705882353, "imu/acl_y": 2.042254016113281, "imu/acl_z": 9.581595043945311, "user/mode": "user", "cam/image_array": "309_cam-image_array_.jpg", "imu/gyr_x": -6.3893129770992365, "user/angle": -1.0, "user/throttle": 0.26877773369548635, "imu/gyr_z": 57.19083969465649}