{"imu/acl_x": 0.09816226806640624, "imu/gyr_y": 0.5419847328244275, "imu/temp": 33.00058823529412, "imu/acl_y": 0.1867477294921875, "imu/acl_z": 10.129867224121092, "user/mode": "user", "cam/image_array": "6_cam-image_array_.jpg", "imu/gyr_x": -3.053435114503817, "user/angle": 0.0, "user/throttle": 0.006808069093905454, "imu/gyr_z": -1.3587786259541985}