{"imu/acl_x": 1.1851298217773436, "imu/gyr_y": 16.80916030534351, "imu/temp": 32.81235294117647, "imu/acl_y": 1.2521674682617188, "imu/acl_z": 10.87925234375, "user/mode": "user", "cam/image_array": "734_cam-image_array_.jpg", "imu/gyr_x": -12.045801526717558, "user/angle": -0.07217627491073336, "user/throttle": 0.2653736991485336, "imu/gyr_z": 29.282442748091604}