{"imu/acl_x": 1.1085153686523437, "imu/gyr_y": 7.404580152671755, "imu/temp": 31.965294117647062, "imu/acl_y": 2.001552587890625, "imu/acl_z": 10.160991845703125, "user/mode": "user", "cam/image_array": "1714_cam-image_array_.jpg", "imu/gyr_x": -1.5725190839694656, "user/angle": -1.0, "user/throttle": 0.2755757316812647, "imu/gyr_z": 86.5114503816794}