{"imu/acl_x": 2.4157494750976563, "imu/gyr_y": 19.6793893129771, "imu/temp": 32.059411764705885, "imu/acl_y": -1.024718310546875, "imu/acl_z": 9.943119494628906, "user/mode": "user", "cam/image_array": "857_cam-image_array_.jpg", "imu/gyr_x": -7.595419847328245, "user/angle": 0.0, "user/throttle": 0.2755757316812647, "imu/gyr_z": -5.152671755725191}