{"imu/acl_x": -0.7445967163085937, "imu/gyr_y": -3.0381679389312977, "imu/temp": 32.388823529411766, "imu/acl_y": -0.6512228515624999, "imu/acl_z": 10.752359655761719, "user/mode": "user", "cam/image_array": "1223_cam-image_array_.jpg", "imu/gyr_x": -0.1984732824427481, "user/angle": -1.0, "user/throttle": 0.2755757316812647, "imu/gyr_z": 51.56488549618321}