{"imu/acl_x": 0.8762778076171874, "imu/gyr_y": -2.2442748091603053, "imu/temp": 32.012352941176474, "imu/acl_y": 0.28490999755859375, "imu/acl_z": 11.417947717285156, "user/mode": "user", "cam/image_array": "829_cam-image_array_.jpg", "imu/gyr_x": -7.740458015267175, "user/angle": 0.0, "user/throttle": 0.2755757316812647, "imu/gyr_z": -6.343511450381679}