{"imu/acl_x": -0.9265560424804687, "imu/gyr_y": 0.015267175572519083, "imu/temp": 33.00058823529412, "imu/acl_y": -0.239420166015625, "imu/acl_z": 12.512097875976561, "user/mode": "user", "cam/image_array": "538_cam-image_array_.jpg", "imu/gyr_x": 6.770992366412214, "user/angle": -0.7629322183904538, "user/throttle": 0.2857878353221229, "imu/gyr_z": 49.42748091603053}