{"imu/acl_x": 2.262520568847656, "imu/gyr_y": 5.931297709923665, "imu/temp": 33.14176470588235, "imu/acl_y": 1.1156979736328125, "imu/acl_z": 8.939948999023438, "user/mode": "user", "cam/image_array": "160_cam-image_array_.jpg", "imu/gyr_x": -19.053435114503817, "user/angle": 0.0, "user/throttle": 0.2653736991485336, "imu/gyr_z": -5.931297709923665}