{"imu/acl_x": 1.22583125, "imu/gyr_y": 7.030534351145038, "imu/temp": 33.04764705882353, "imu/acl_y": 1.707065783691406, "imu/acl_z": 11.719617126464843, "user/mode": "user", "cam/image_array": "249_cam-image_array_.jpg", "imu/gyr_x": -0.35877862595419846, "user/angle": -0.13403729361857966, "user/throttle": 0.2653736991485336, "imu/gyr_z": 26.106870229007633}