{"imu/acl_x": -0.2753331909179687, "imu/gyr_y": 0.4351145038167939, "imu/temp": 32.059411764705885, "imu/acl_y": 0.5027823486328125, "imu/acl_z": 10.625466967773438, "user/mode": "user", "cam/image_array": "806_cam-image_array_.jpg", "imu/gyr_x": 9.412213740458014, "user/angle": -1.0, "user/throttle": 0.2653736991485336, "imu/gyr_z": 55.465648854961835}