{"imu/acl_x": -1.2593500732421874, "imu/gyr_y": 19.53435114503817, "imu/temp": 32.48294117647059, "imu/acl_y": -0.2442085693359375, "imu/acl_z": 12.401964599609375, "user/mode": "user", "cam/image_array": "1135_cam-image_array_.jpg", "imu/gyr_x": 6.748091603053435, "user/angle": -0.8763389996032593, "user/throttle": 0.27218176824243906, "imu/gyr_z": 59.20610687022901}