{"imu/acl_x": -0.3495534423828125, "imu/gyr_y": -0.549618320610687, "imu/temp": 33.04764705882353, "imu/acl_y": -0.011971008300781249, "imu/acl_z": 9.586383447265625, "user/mode": "user", "cam/image_array": "11_cam-image_array_.jpg", "imu/gyr_x": -2.16793893129771, "user/angle": 0.0, "user/throttle": 0.33, "imu/gyr_z": -1.618320610687023}