{"imu/acl_x": 1.697488977050781, "imu/gyr_y": 13.893129770992367, "imu/temp": 31.871176470588235, "imu/acl_y": 1.1923124267578125, "imu/acl_z": 9.375693701171874, "user/mode": "user", "cam/image_array": "1678_cam-image_array_.jpg", "imu/gyr_x": 11.923664122137405, "user/angle": -0.6288949247718741, "user/throttle": 0.2755757316812647, "imu/gyr_z": 48.83969465648855}