{"imu/acl_x": -0.5817910034179687, "imu/gyr_y": -9.404580152671755, "imu/temp": 32.43588235294118, "imu/acl_y": 1.446097802734375, "imu/acl_z": 7.845798840332031, "user/mode": "user", "cam/image_array": "1092_cam-image_array_.jpg", "imu/gyr_x": -11.251908396946565, "user/angle": -1.0, "user/throttle": 0.27218176824243906, "imu/gyr_z": 68.19083969465649}