{"imu/acl_x": -3.071760729980469, "imu/gyr_y": -13.877862595419847, "imu/temp": 31.777058823529412, "imu/acl_y": 1.3335703247070312, "imu/acl_z": 11.757924353027343, "user/mode": "user", "cam/image_array": "1820_cam-image_array_.jpg", "imu/gyr_x": -2.50381679389313, "user/angle": 0.0, "user/throttle": 0.27218176824243906, "imu/gyr_z": -4.687022900763359}