{"imu/acl_x": 2.6048914062499997, "imu/gyr_y": -6.893129770992366, "imu/temp": 32.43588235294118, "imu/acl_y": 2.655169641113281, "imu/acl_z": 8.451531860351562, "user/mode": "user", "cam/image_array": "1142_cam-image_array_.jpg", "imu/gyr_x": -14.259541984732824, "user/angle": -0.8763389996032593, "user/throttle": 0.27218176824243906, "imu/gyr_z": 61.541984732824424}