{"imu/acl_x": 0.9145850341796874, "imu/gyr_y": 11.755725190839694, "imu/temp": 31.871176470588235, "imu/acl_y": 0.2753331909179687, "imu/acl_z": 10.972626208496093, "user/mode": "user", "cam/image_array": "1778_cam-image_array_.jpg", "imu/gyr_x": 11.007633587786259, "user/angle": -0.6392101809747612, "user/throttle": 0.27218176824243906, "imu/gyr_z": 8.290076335877863}