{"imu/acl_x": 0.229843359375, "imu/gyr_y": -0.6335877862595419, "imu/temp": 33.09470588235294, "imu/acl_y": 1.6017209106445311, "imu/acl_z": 11.310208642578125, "user/mode": "user", "cam/image_array": "128_cam-image_array_.jpg", "imu/gyr_x": -10.870229007633588, "user/angle": -0.804162724692526, "user/throttle": 0.26877773369548635, "imu/gyr_z": 39.97709923664122}