{"imu/acl_x": -1.8100164550781248, "imu/gyr_y": -5.961832061068702, "imu/temp": 32.43588235294118, "imu/acl_y": 1.3742717529296875, "imu/acl_z": 9.138667736816405, "user/mode": "user", "cam/image_array": "1127_cam-image_array_.jpg", "imu/gyr_x": 9.320610687022901, "user/angle": -0.7217017120883816, "user/throttle": 0.27218176824243906, "imu/gyr_z": 34.465648854961835}