{"imu/acl_x": 0.24181436767578124, "imu/gyr_y": -11.0, "imu/temp": 32.059411764705885, "imu/acl_y": 0.9744400756835937, "imu/acl_z": 9.354145886230468, "user/mode": "user", "cam/image_array": "807_cam-image_array_.jpg", "imu/gyr_x": -9.778625954198473, "user/angle": -1.0, "user/throttle": 0.2653736991485336, "imu/gyr_z": 56.961832061068705}