{"imu/acl_x": -4.848258361816406, "imu/gyr_y": -4.625954198473282, "imu/temp": 31.259411764705884, "imu/acl_y": 1.908178723144531, "imu/acl_z": 10.919953771972656, "user/mode": "user", "cam/image_array": "1548_cam-image_array_.jpg", "imu/gyr_x": -2.564885496183206, "user/angle": -0.9588000122074037, "user/throttle": 0.2755757316812647, "imu/gyr_z": 73.38931297709924}