{"imu/acl_x": 0.9169792358398436, "imu/gyr_y": 5.419847328244275, "imu/temp": 33.14176470588235, "imu/acl_y": 0.584185205078125, "imu/acl_z": 10.527304699707031, "user/mode": "user", "cam/image_array": "172_cam-image_array_.jpg", "imu/gyr_x": -4.732824427480916, "user/angle": -0.8453932309945982, "user/throttle": 0.2653736991485336, "imu/gyr_z": 41.267175572519086}