{"imu/acl_x": 0.4165910888671875, "imu/gyr_y": -2.969465648854962, "imu/temp": 33.09470588235294, "imu/acl_y": -0.17956512451171874, "imu/acl_z": 8.403647827148436, "user/mode": "user", "cam/image_array": "208_cam-image_array_.jpg", "imu/gyr_x": 5.137404580152672, "user/angle": -0.5567186498611408, "user/throttle": 0.26877773369548635, "imu/gyr_z": 14.0}