{"imu/acl_x": -0.6464344482421874, "imu/gyr_y": -3.564885496183206, "imu/temp": 33.47117647058823, "imu/acl_y": -0.47644613037109373, "imu/acl_z": 7.9104422851562495, "user/mode": "user", "cam/image_array": "780_cam-image_array_.jpg", "imu/gyr_x": -6.702290076335878, "user/angle": 0.9484542374950408, "user/throttle": 0.2619696646015809, "imu/gyr_z": -69.57251908396947}