{"imu/acl_x": -1.5490484741210937, "imu/gyr_y": 10.022900763358779, "imu/temp": 32.24764705882353, "imu/acl_y": 0.5099649536132812, "imu/acl_z": 8.580818749999999, "user/mode": "user", "cam/image_array": "1353_cam-image_array_.jpg", "imu/gyr_x": 3.0381679389312977, "user/angle": -1.0, "user/throttle": 0.2755757316812647, "imu/gyr_z": 77.61068702290076}