{"imu/acl_x": -0.3591302490234375, "imu/gyr_y": 6.549618320610687, "imu/temp": 31.871176470588235, "imu/acl_y": 0.3806780639648437, "imu/acl_z": 9.481038574218749, "user/mode": "user", "cam/image_array": "1767_cam-image_array_.jpg", "imu/gyr_x": -1.6717557251908397, "user/angle": -0.804162724692526, "user/throttle": 0.27218176824243906, "imu/gyr_z": 68.7557251908397}