{"imu/acl_x": 1.6400281372070311, "imu/gyr_y": 6.091603053435114, "imu/temp": 31.91823529411765, "imu/acl_y": -1.158793603515625, "imu/acl_z": 10.678139404296875, "user/mode": "user", "cam/image_array": "1667_cam-image_array_.jpg", "imu/gyr_x": 4.33587786259542, "user/angle": 0.46391186254463335, "user/throttle": 0.2755757316812647, "imu/gyr_z": -33.961832061068705}