{"imu/acl_x": 1.448492004394531, "imu/gyr_y": 9.992366412213741, "imu/temp": 32.53, "imu/acl_y": -0.016759411621093748, "imu/acl_z": 9.981426721191406, "user/mode": "user", "cam/image_array": "1044_cam-image_array_.jpg", "imu/gyr_x": -1.702290076335878, "user/angle": 0.0, "user/throttle": 0.27218176824243906, "imu/gyr_z": -6.3893129770992365}