{"imu/acl_x": 2.2098481323242187, "imu/gyr_y": -12.251908396946565, "imu/temp": 31.824117647058824, "imu/acl_y": 0.143652099609375, "imu/acl_z": 10.596736547851561, "user/mode": "user", "cam/image_array": "1810_cam-image_array_.jpg", "imu/gyr_x": -2.213740458015267, "user/angle": -0.2783593249305704, "user/throttle": 0.27218176824243906, "imu/gyr_z": -1.3435114503816794}