{"imu/acl_x": 0.7110778930664062, "imu/gyr_y": 1.183206106870229, "imu/temp": 32.53, "imu/acl_y": 0.2920926025390625, "imu/acl_z": 8.853757739257812, "user/mode": "user", "cam/image_array": "1021_cam-image_array_.jpg", "imu/gyr_x": -8.969465648854962, "user/angle": -0.12372203741569261, "user/throttle": 0.27218176824243906, "imu/gyr_z": -4.916030534351145}