{"imu/acl_x": -1.3910311645507811, "imu/gyr_y": -16.47328244274809, "imu/temp": 33.00058823529412, "imu/acl_y": 3.284844677734375, "imu/acl_z": 10.874463940429687, "user/mode": "user", "cam/image_array": "468_cam-image_array_.jpg", "imu/gyr_x": -10.51908396946565, "user/angle": -0.6907559434797205, "user/throttle": 0.26877773369548635, "imu/gyr_z": 65.77099236641222}