{"imu/acl_x": -0.32082302246093747, "imu/gyr_y": 7.1603053435114505, "imu/temp": 32.48294117647059, "imu/acl_y": -1.120486376953125, "imu/acl_z": 8.453926062011718, "user/mode": "user", "cam/image_array": "1060_cam-image_array_.jpg", "imu/gyr_x": -0.9083969465648855, "user/angle": -0.6288949247718741, "user/throttle": 0.27218176824243906, "imu/gyr_z": 44.48854961832061}