{"imu/acl_x": 0.13646949462890623, "imu/gyr_y": -1.4427480916030535, "imu/temp": 32.53, "imu/acl_y": 0.8643067993164062, "imu/acl_z": 10.761936462402343, "user/mode": "user", "cam/image_array": "1152_cam-image_array_.jpg", "imu/gyr_x": 2.480916030534351, "user/angle": 0.0, "user/throttle": 0.27218176824243906, "imu/gyr_z": -4.770992366412214}