{"imu/acl_x": 0.6200982299804687, "imu/gyr_y": -2.7557251908396947, "imu/temp": 33.09470588235294, "imu/acl_y": -0.46208092041015625, "imu/acl_z": 9.425971936035156, "user/mode": "user", "cam/image_array": "182_cam-image_array_.jpg", "imu/gyr_x": 3.3740458015267176, "user/angle": -0.7423017059846797, "user/throttle": 0.2653736991485336, "imu/gyr_z": 47.76335877862596}