{"imu/acl_x": 0.19632453613281248, "imu/gyr_y": -17.38167938931298, "imu/temp": 32.1064705882353, "imu/acl_y": -0.9433154541015625, "imu/acl_z": 8.56166513671875, "user/mode": "user", "cam/image_array": "1389_cam-image_array_.jpg", "imu/gyr_x": -5.0458015267175576, "user/angle": 0.0, "user/throttle": 0.27218176824243906, "imu/gyr_z": -73.77099236641222}