{"imu/acl_x": 0.1149216796875, "imu/gyr_y": -11.618320610687023, "imu/temp": 32.29470588235294, "imu/acl_y": 0.06703764648437499, "imu/acl_z": 9.5001921875, "user/mode": "user", "cam/image_array": "1195_cam-image_array_.jpg", "imu/gyr_x": -0.16030534351145037, "user/angle": 1.0, "user/throttle": 0.26877773369548635, "imu/gyr_z": -77.22137404580153}