{"imu/acl_x": 1.2042834350585936, "imu/gyr_y": -4.175572519083969, "imu/temp": 32.57705882352941, "imu/acl_y": -0.7062894897460937, "imu/acl_z": 10.455478649902343, "user/mode": "user", "cam/image_array": "1037_cam-image_array_.jpg", "imu/gyr_x": 10.84732824427481, "user/angle": -0.5361186559648426, "user/throttle": 0.27218176824243906, "imu/gyr_z": 52.35114503816794}