{"imu/acl_x": 3.27526787109375, "imu/gyr_y": 4.442748091603053, "imu/temp": 32.85941176470588, "imu/acl_y": 0.4261678955078125, "imu/acl_z": 8.827421520996094, "user/mode": "user", "cam/image_array": "623_cam-image_array_.jpg", "imu/gyr_x": -13.954198473282442, "user/angle": 0.0, "user/throttle": 0.2619696646015809, "imu/gyr_z": 28.99236641221374}