{"imu/acl_x": 0.23702596435546874, "imu/gyr_y": -6.33587786259542, "imu/temp": 32.20058823529412, "imu/acl_y": 0.6871358764648438, "imu/acl_z": 8.82981572265625, "user/mode": "user", "cam/image_array": "1401_cam-image_array_.jpg", "imu/gyr_x": -2.480916030534351, "user/angle": -1.0, "user/throttle": 0.2755757316812647, "imu/gyr_z": 78.99236641221374}