{"imu/acl_x": 1.1013327636718748, "imu/gyr_y": -1.6412213740458015, "imu/temp": 33.09470588235294, "imu/acl_y": 0.488417138671875, "imu/acl_z": 7.790732202148437, "user/mode": "user", "cam/image_array": "223_cam-image_array_.jpg", "imu/gyr_x": 0.5114503816793893, "user/angle": -0.5361186559648426, "user/throttle": 0.2653736991485336, "imu/gyr_z": 33.44274809160305}