{"imu/acl_x": 1.6065093139648436, "imu/gyr_y": 8.931297709923664, "imu/temp": 32.85941176470588, "imu/acl_y": 1.7693150268554687, "imu/acl_z": 10.359710583496094, "user/mode": "user", "cam/image_array": "587_cam-image_array_.jpg", "imu/gyr_x": -4.236641221374046, "user/angle": -1.0, "user/throttle": 0.2619696646015809, "imu/gyr_z": 68.6412213740458}