{"imu/acl_x": 0.2920926025390625, "imu/gyr_y": 1.5038167938931297, "imu/temp": 32.81235294117647, "imu/acl_y": 0.6248866333007812, "imu/acl_z": 9.679757312011718, "user/mode": "user", "cam/image_array": "586_cam-image_array_.jpg", "imu/gyr_x": -13.732824427480915, "user/angle": -1.0, "user/throttle": 0.2619696646015809, "imu/gyr_z": 67.3969465648855}