{"imu/acl_x": -0.0526724365234375, "imu/gyr_y": 2.801526717557252, "imu/temp": 32.48294117647059, "imu/acl_y": 0.2346317626953125, "imu/acl_z": 6.835445739746094, "user/mode": "user", "cam/image_array": "1112_cam-image_array_.jpg", "imu/gyr_x": -11.992366412213741, "user/angle": 0.0, "user/throttle": 0.27218176824243906, "imu/gyr_z": -7.068702290076335}