{"imu/acl_x": 4.228160131835938, "imu/gyr_y": 7.206106870229007, "imu/temp": 32.059411764705885, "imu/acl_y": 0.584185205078125, "imu/acl_z": 8.834604125976561, "user/mode": "user", "cam/image_array": "705_cam-image_array_.jpg", "imu/gyr_x": -2.8091603053435112, "user/angle": -0.2783593249305704, "user/throttle": 0.2653736991485336, "imu/gyr_z": 4.297709923664122}