{"imu/acl_x": 1.898601916503906, "imu/gyr_y": 30.458015267175572, "imu/temp": 31.91823529411765, "imu/acl_y": 0.13407529296874998, "imu/acl_z": 6.890512377929687, "user/mode": "user", "cam/image_array": "1643_cam-image_array_.jpg", "imu/gyr_x": 1.900763358778626, "user/angle": -0.8660237434003724, "user/throttle": 0.2755757316812647, "imu/gyr_z": 53.534351145038165}