{"imu/acl_x": 0.8667010009765624, "imu/gyr_y": -1.7557251908396947, "imu/temp": 32.953529411764706, "imu/acl_y": 0.18914193115234373, "imu/acl_z": 11.046846459960937, "user/mode": "user", "cam/image_array": "27_cam-image_array_.jpg", "imu/gyr_x": -2.6106870229007635, "user/angle": -0.402081362346263, "user/throttle": 0.19052522354808193, "imu/gyr_z": 9.305343511450381}