{"imu/acl_x": -0.033518823242187495, "imu/gyr_y": 2.5267175572519083, "imu/temp": 32.953529411764706, "imu/acl_y": 0.6296750366210937, "imu/acl_z": 9.363722692871093, "user/mode": "user", "cam/image_array": "484_cam-image_array_.jpg", "imu/gyr_x": -7.9541984732824424, "user/angle": -0.2165288247322001, "user/throttle": 0.2653736991485336, "imu/gyr_z": -1.4580152671755726}