{"imu/acl_x": -2.114080065917969, "imu/gyr_y": -6.709923664122138, "imu/temp": 32.388823529411766, "imu/acl_y": 1.7334020019531249, "imu/acl_z": 11.077971081542968, "user/mode": "user", "cam/image_array": "1224_cam-image_array_.jpg", "imu/gyr_x": -7.251908396946565, "user/angle": -1.0, "user/throttle": 0.2755757316812647, "imu/gyr_z": 64.47328244274809}