{"imu/acl_x": -0.21068974609375, "imu/gyr_y": -0.7862595419847328, "imu/temp": 31.777058823529412, "imu/acl_y": 1.4173673828125, "imu/acl_z": 14.865598107910156, "user/mode": "user", "cam/image_array": "1689_cam-image_array_.jpg", "imu/gyr_x": 5.175572519083969, "user/angle": -0.8763389996032593, "user/throttle": 0.2755757316812647, "imu/gyr_z": 78.25190839694656}