{"imu/acl_x": -0.9648632690429687, "imu/gyr_y": 3.6717557251908395, "imu/temp": 33.04764705882353, "imu/acl_y": -0.9840168823242187, "imu/acl_z": 11.880028637695311, "user/mode": "user", "cam/image_array": "116_cam-image_array_.jpg", "imu/gyr_x": 2.0076335877862594, "user/angle": 0.8556779686880093, "user/throttle": 0.26877773369548635, "imu/gyr_z": -65.82442748091603}