{"imu/acl_x": 0.45968671875, "imu/gyr_y": -2.145038167938931, "imu/temp": 33.09470588235294, "imu/acl_y": -0.5626373901367188, "imu/acl_z": 11.496956372070311, "user/mode": "user", "cam/image_array": "183_cam-image_array_.jpg", "imu/gyr_x": -3.4732824427480917, "user/angle": -0.7319864497817926, "user/throttle": 0.2653736991485336, "imu/gyr_z": 41.61832061068702}