{"imu/acl_x": 0.7110778930664062, "imu/gyr_y": -8.320610687022901, "imu/temp": 32.85941176470588, "imu/acl_y": 0.01915361328125, "imu/acl_z": 8.851363537597656, "user/mode": "user", "cam/image_array": "697_cam-image_array_.jpg", "imu/gyr_x": -2.9389312977099236, "user/angle": 0.0, "user/throttle": 0.2653736991485336, "imu/gyr_z": -10.106870229007633}