{"imu/acl_x": -0.05746083984375, "imu/gyr_y": -10.267175572519085, "imu/temp": 32.53, "imu/acl_y": -0.354341845703125, "imu/acl_z": 9.701305126953125, "user/mode": "user", "cam/image_array": "1014_cam-image_array_.jpg", "imu/gyr_x": 6.206106870229007, "user/angle": -1.0, "user/throttle": 0.27218176824243906, "imu/gyr_z": 58.725190839694655}