{"imu/acl_x": 0.5410895751953124, "imu/gyr_y": 18.366412213740457, "imu/temp": 31.68294117647059, "imu/acl_y": 1.8291700683593748, "imu/acl_z": 10.761936462402343, "user/mode": "user", "cam/image_array": "1855_cam-image_array_.jpg", "imu/gyr_x": -6.6183206106870225, "user/angle": 0.0, "user/throttle": 0.27218176824243906, "imu/gyr_z": -4.625954198473282}