{"imu/acl_x": -0.20350714111328125, "imu/gyr_y": -9.687022900763358, "imu/temp": 32.53, "imu/acl_y": -0.5434837768554687, "imu/acl_z": 10.225635290527343, "user/mode": "user", "cam/image_array": "1015_cam-image_array_.jpg", "imu/gyr_x": -4.366412213740458, "user/angle": -1.0, "user/throttle": 0.27218176824243906, "imu/gyr_z": 63.18320610687023}