{"imu/acl_x": 0.7996633544921875, "imu/gyr_y": 13.67175572519084, "imu/temp": 31.777058823529412, "imu/acl_y": -0.34715924072265625, "imu/acl_z": 10.977414611816405, "user/mode": "user", "cam/image_array": "1812_cam-image_array_.jpg", "imu/gyr_x": -8.816793893129772, "user/angle": -0.5464339121677297, "user/throttle": 0.27218176824243906, "imu/gyr_z": 8.946564885496183}