{"imu/acl_x": -0.3495534423828125, "imu/gyr_y": -6.763358778625954, "imu/temp": 32.906470588235294, "imu/acl_y": 0.833182177734375, "imu/acl_z": 10.481814868164061, "user/mode": "user", "cam/image_array": "601_cam-image_array_.jpg", "imu/gyr_x": -4.068702290076335, "user/angle": -0.7423017059846797, "user/throttle": 0.2619696646015809, "imu/gyr_z": 39.954198473282446}