{"imu/acl_x": -0.8762778076171874, "imu/gyr_y": 5.442748091603053, "imu/temp": 31.259411764705884, "imu/acl_y": 3.517082238769531, "imu/acl_z": 9.344569079589844, "user/mode": "user", "cam/image_array": "1645_cam-image_array_.jpg", "imu/gyr_x": -6.648854961832061, "user/angle": -1.0, "user/throttle": 0.2755757316812647, "imu/gyr_z": 81.13740458015268}