{"imu/acl_x": 0.45489831542968745, "imu/gyr_y": -3.9923664122137406, "imu/temp": 33.00058823529412, "imu/acl_y": 0.7134720947265625, "imu/acl_z": 9.0788126953125, "user/mode": "user", "cam/image_array": "464_cam-image_array_.jpg", "imu/gyr_x": 4.068702290076335, "user/angle": -1.0, "user/throttle": 0.26877773369548635, "imu/gyr_z": 73.56488549618321}