{"imu/acl_x": -0.354341845703125, "imu/gyr_y": -11.305343511450381, "imu/temp": 32.71823529411765, "imu/acl_y": 0.7996633544921875, "imu/acl_z": 8.90643017578125, "user/mode": "user", "cam/image_array": "838_cam-image_array_.jpg", "imu/gyr_x": 1.900763358778626, "user/angle": -0.6598406933805353, "user/throttle": 0.2755757316812647, "imu/gyr_z": 52.74045801526717}