{"imu/acl_x": -1.5562310791015623, "imu/gyr_y": -3.4885496183206106, "imu/temp": 32.953529411764706, "imu/acl_y": 2.205059729003906, "imu/acl_z": 14.156914416503906, "user/mode": "user", "cam/image_array": "577_cam-image_array_.jpg", "imu/gyr_x": -5.358778625954199, "user/angle": -1.0, "user/throttle": 0.2619696646015809, "imu/gyr_z": 64.0}