{"imu/acl_x": -1.66636435546875, "imu/gyr_y": -4.3893129770992365, "imu/temp": 32.906470588235294, "imu/acl_y": 1.5227122558593749, "imu/acl_z": 8.808267907714843, "user/mode": "user", "cam/image_array": "548_cam-image_array_.jpg", "imu/gyr_x": -16.450381679389313, "user/angle": -1.0, "user/throttle": 0.28238380077517017, "imu/gyr_z": 65.78625954198473}