{"imu/acl_x": -1.9656395629882812, "imu/gyr_y": -9.053435114503817, "imu/temp": 32.012352941176474, "imu/acl_y": 2.3151930053710936, "imu/acl_z": 11.432312927246093, "user/mode": "user", "cam/image_array": "1540_cam-image_array_.jpg", "imu/gyr_x": -12.51908396946565, "user/angle": -0.9588000122074037, "user/throttle": 0.2755757316812647, "imu/gyr_z": 77.82442748091603}