{"imu/acl_x": 1.2880804931640624, "imu/gyr_y": -6.534351145038168, "imu/temp": 31.259411764705884, "imu/acl_y": 0.8451531860351562, "imu/acl_z": 5.209782812499999, "user/mode": "user", "cam/image_array": "1597_cam-image_array_.jpg", "imu/gyr_x": -19.068702290076335, "user/angle": -0.7010711996826074, "user/throttle": 0.2755757316812647, "imu/gyr_z": 75.44274809160305}