{"imu/acl_x": 0.7302315063476562, "imu/gyr_y": 15.458015267175572, "imu/temp": 33.04764705882353, "imu/acl_y": 0.6177040283203125, "imu/acl_z": 11.001356628417968, "user/mode": "user", "cam/image_array": "269_cam-image_array_.jpg", "imu/gyr_x": 6.633587786259542, "user/angle": -0.4845728934598834, "user/throttle": 0.26877773369548635, "imu/gyr_z": 28.938931297709924}