{"imu/acl_x": -2.1499930908203124, "imu/gyr_y": -4.732824427480916, "imu/temp": 32.76529411764706, "imu/acl_y": 1.5634136840820312, "imu/acl_z": 7.8553756469726554, "user/mode": "user", "cam/image_array": "739_cam-image_array_.jpg", "imu/gyr_x": -5.358778625954199, "user/angle": -0.6392101809747612, "user/throttle": 0.2653736991485336, "imu/gyr_z": 29.236641221374047}