{"imu/acl_x": 1.697488977050781, "imu/gyr_y": -1.7404580152671756, "imu/temp": 32.76529411764706, "imu/acl_y": 1.9536685546875, "imu/acl_z": 9.208099584960937, "user/mode": "user", "cam/image_array": "793_cam-image_array_.jpg", "imu/gyr_x": -18.076335877862597, "user/angle": -0.7732474745933409, "user/throttle": 0.2619696646015809, "imu/gyr_z": 36.908396946564885}