{"imu/acl_x": 0.3447650390625, "imu/gyr_y": 7.8396946564885495, "imu/temp": 33.00058823529412, "imu/acl_y": 1.0462661254882812, "imu/acl_z": 9.04050546875, "user/mode": "user", "cam/image_array": "88_cam-image_array_.jpg", "imu/gyr_x": -4.824427480916031, "user/angle": -1.0, "user/throttle": 0.26877773369548635, "imu/gyr_z": 49.74809160305343}