{"imu/acl_x": 0.2753331909179687, "imu/gyr_y": -3.519083969465649, "imu/temp": 31.91823529411765, "imu/acl_y": 0.258573779296875, "imu/acl_z": 11.25514200439453, "user/mode": "user", "cam/image_array": "1617_cam-image_array_.jpg", "imu/gyr_x": 3.786259541984733, "user/angle": -0.7319864497817926, "user/throttle": 0.2755757316812647, "imu/gyr_z": 55.35114503816794}