{"imu/acl_x": 0.5099649536132812, "imu/gyr_y": 3.2442748091603053, "imu/temp": 31.824117647058824, "imu/acl_y": 1.2737152832031249, "imu/acl_z": 11.513715783691406, "user/mode": "user", "cam/image_array": "1799_cam-image_array_.jpg", "imu/gyr_x": -5.969465648854962, "user/angle": -0.6288949247718741, "user/throttle": 0.27218176824243906, "imu/gyr_z": 59.412213740458014}