{"imu/acl_x": 0.34715924072265625, "imu/gyr_y": -3.1068702290076335, "imu/temp": 32.1064705882353, "imu/acl_y": 1.5634136840820312, "imu/acl_z": 7.4411787597656245, "user/mode": "user", "cam/image_array": "1509_cam-image_array_.jpg", "imu/gyr_x": -14.351145038167939, "user/angle": -1.0, "user/throttle": 0.2755757316812647, "imu/gyr_z": 89.80916030534351}