{"imu/acl_x": 0.21068974609375, "imu/gyr_y": -4.885496183206107, "imu/temp": 31.777058823529412, "imu/acl_y": -0.5291185668945312, "imu/acl_z": 11.353304272460937, "user/mode": "user", "cam/image_array": "1863_cam-image_array_.jpg", "imu/gyr_x": 1.0610687022900764, "user/angle": 0.32990508743552965, "user/throttle": 0.27218176824243906, "imu/gyr_z": -40.61068702290076}