{"imu/acl_x": 0.5506663818359374, "imu/gyr_y": -10.229007633587786, "imu/temp": 32.906470588235294, "imu/acl_y": 0.26815058593749996, "imu/acl_z": 11.080365283203124, "user/mode": "user", "cam/image_array": "579_cam-image_array_.jpg", "imu/gyr_x": 0.030534351145038167, "user/angle": -1.0, "user/throttle": 0.2619696646015809, "imu/gyr_z": 75.41221374045801}