{"imu/acl_x": 1.1516109985351561, "imu/gyr_y": -4.9465648854961835, "imu/temp": 32.53, "imu/acl_y": 0.6967126831054687, "imu/acl_z": 10.196904870605469, "user/mode": "user", "cam/image_array": "1046_cam-image_array_.jpg", "imu/gyr_x": -2.1297709923664123, "user/angle": -0.2680745872371593, "user/throttle": 0.27218176824243906, "imu/gyr_z": -7.129770992366412}