{"imu/acl_x": 1.9321207397460936, "imu/gyr_y": 10.15267175572519, "imu/temp": 32.059411764705885, "imu/acl_y": 0.9840168823242187, "imu/acl_z": 10.828974108886719, "user/mode": "user", "cam/image_array": "748_cam-image_array_.jpg", "imu/gyr_x": -7.358778625954199, "user/angle": -0.7629322183904538, "user/throttle": 0.2653736991485336, "imu/gyr_z": 57.229007633587784}