{"imu/acl_x": 0.43574470214843747, "imu/gyr_y": -13.511450381679388, "imu/temp": 32.53, "imu/acl_y": 1.5322890624999999, "imu/acl_z": 8.94473740234375, "user/mode": "user", "cam/image_array": "995_cam-image_array_.jpg", "imu/gyr_x": -18.870229007633586, "user/angle": -0.7113864558854945, "user/throttle": 0.27218176824243906, "imu/gyr_z": -13.435114503816793}