{"imu/acl_x": 1.216254443359375, "imu/gyr_y": 0.6946564885496184, "imu/temp": 32.29470588235294, "imu/acl_y": -0.8810662109374999, "imu/acl_z": 10.0748005859375, "user/mode": "user", "cam/image_array": "1253_cam-image_array_.jpg", "imu/gyr_x": 3.763358778625954, "user/angle": 0.0, "user/throttle": 0.2755757316812647, "imu/gyr_z": -8.297709923664122}