{"imu/acl_x": 4.170699291992188, "imu/gyr_y": 1.3893129770992367, "imu/temp": 32.059411764705885, "imu/acl_y": 3.1124621582031247, "imu/acl_z": 9.09796630859375, "user/mode": "user", "cam/image_array": "1472_cam-image_array_.jpg", "imu/gyr_x": -23.580152671755727, "user/angle": -1.0, "user/throttle": 0.2755757316812647, "imu/gyr_z": 73.95419847328245}