{"imu/acl_x": -0.6248866333007812, "imu/gyr_y": -16.442748091603054, "imu/temp": 33.04764705882353, "imu/acl_y": 0.9504980590820312, "imu/acl_z": 8.513781103515624, "user/mode": "user", "cam/image_array": "274_cam-image_array_.jpg", "imu/gyr_x": 3.8473282442748094, "user/angle": -0.6598406933805353, "user/throttle": 0.26877773369548635, "imu/gyr_z": 38.68702290076336}