{"imu/acl_x": 0.3016694091796875, "imu/gyr_y": -16.52671755725191, "imu/temp": 31.635882352941177, "imu/acl_y": -0.08858546142578125, "imu/acl_z": 10.931924780273437, "user/mode": "user", "cam/image_array": "1872_cam-image_array_.jpg", "imu/gyr_x": -4.030534351145038, "user/angle": -0.3402203436384167, "user/throttle": 0.27218176824243906, "imu/gyr_z": 12.687022900763358}