{"imu/acl_x": 0.7661445312499999, "imu/gyr_y": -4.213740458015267, "imu/temp": 32.906470588235294, "imu/acl_y": 0.699106884765625, "imu/acl_z": 11.482591162109374, "user/mode": "user", "cam/image_array": "37_cam-image_array_.jpg", "imu/gyr_x": 0.04580152671755725, "user/angle": -0.2371288186284982, "user/throttle": 0.2585656300546282, "imu/gyr_z": 5.282442748091603}