{"imu/acl_x": 1.199495031738281, "imu/gyr_y": -16.801526717557252, "imu/temp": 31.777058823529412, "imu/acl_y": 0.6392518432617187, "imu/acl_z": 11.97100830078125, "user/mode": "user", "cam/image_array": "1813_cam-image_array_.jpg", "imu/gyr_x": 0.5801526717557252, "user/angle": -0.5567186498611408, "user/throttle": 0.27218176824243906, "imu/gyr_z": 22.129770992366414}