{"imu/acl_x": 1.89620771484375, "imu/gyr_y": -2.198473282442748, "imu/temp": 31.965294117647062, "imu/acl_y": 2.123656872558594, "imu/acl_z": 8.52335791015625, "user/mode": "user", "cam/image_array": "1680_cam-image_array_.jpg", "imu/gyr_x": -25.717557251908396, "user/angle": -0.6392101809747612, "user/throttle": 0.2755757316812647, "imu/gyr_z": 61.63358778625954}