{"imu/acl_x": 0.0718260498046875, "imu/gyr_y": 7.938931297709924, "imu/temp": 32.76529411764706, "imu/acl_y": 1.0606313354492187, "imu/acl_z": 10.953472595214842, "user/mode": "user", "cam/image_array": "648_cam-image_array_.jpg", "imu/gyr_x": 0.3053435114503817, "user/angle": -0.45362712485122225, "user/throttle": 0.2619696646015809, "imu/gyr_z": 31.297709923664122}