{"imu/acl_x": -1.714248388671875, "imu/gyr_y": 5.305343511450381, "imu/temp": 32.71823529411765, "imu/acl_y": 0.7517793212890624, "imu/acl_z": 11.556811413574218, "user/mode": "user", "cam/image_array": "885_cam-image_array_.jpg", "imu/gyr_x": -10.923664122137405, "user/angle": -0.8453932309945982, "user/throttle": 0.2755757316812647, "imu/gyr_z": 76.27480916030534}