{"imu/acl_x": 0.9217676391601562, "imu/gyr_y": -2.877862595419847, "imu/temp": 32.906470588235294, "imu/acl_y": 1.3455413330078123, "imu/acl_z": 9.188945971679686, "user/mode": "user", "cam/image_array": "591_cam-image_array_.jpg", "imu/gyr_x": -2.183206106870229, "user/angle": -0.8557084871974853, "user/throttle": 0.2619696646015809, "imu/gyr_z": 61.98473282442748}