{"imu/acl_x": 0.9648632690429687, "imu/gyr_y": 5.320610687022901, "imu/temp": 32.81235294117647, "imu/acl_y": -0.928950244140625, "imu/acl_z": 10.292672937011718, "user/mode": "user", "cam/image_array": "773_cam-image_array_.jpg", "imu/gyr_x": -13.068702290076336, "user/angle": 0.13400677510910367, "user/throttle": 0.2619696646015809, "imu/gyr_z": 6.473282442748092}