{"imu/acl_x": -0.9744400756835937, "imu/gyr_y": 2.83206106870229, "imu/temp": 31.777058823529412, "imu/acl_y": 0.47644613037109373, "imu/acl_z": 11.846509814453125, "user/mode": "user", "cam/image_array": "1804_cam-image_array_.jpg", "imu/gyr_x": -1.0763358778625953, "user/angle": 0.0, "user/throttle": 0.27218176824243906, "imu/gyr_z": -7.022900763358779}