{"imu/acl_x": 0.16998831787109375, "imu/gyr_y": 0.7175572519083969, "imu/temp": 33.09470588235294, "imu/acl_y": 1.4053963745117186, "imu/acl_z": 10.007762939453125, "user/mode": "user", "cam/image_array": "171_cam-image_array_.jpg", "imu/gyr_x": -6.412213740458015, "user/angle": -0.804162724692526, "user/throttle": 0.2653736991485336, "imu/gyr_z": 39.64885496183206}