{"imu/acl_x": -0.19871873779296872, "imu/gyr_y": -5.9541984732824424, "imu/temp": 31.91823529411765, "imu/acl_y": -0.47884033203125, "imu/acl_z": 9.6151138671875, "user/mode": "user", "cam/image_array": "1663_cam-image_array_.jpg", "imu/gyr_x": -2.66412213740458, "user/angle": 0.0, "user/throttle": 0.2755757316812647, "imu/gyr_z": 43.961832061068705}