{"imu/acl_x": 2.310404602050781, "imu/gyr_y": -18.099236641221374, "imu/temp": 32.85941176470588, "imu/acl_y": 2.061407629394531, "imu/acl_z": 10.625466967773438, "user/mode": "user", "cam/image_array": "731_cam-image_array_.jpg", "imu/gyr_x": -7.137404580152672, "user/angle": -0.7526169621875668, "user/throttle": 0.2653736991485336, "imu/gyr_z": 54.030534351145036}