{"imu/acl_x": -0.6847416748046875, "imu/gyr_y": -11.442748091603054, "imu/temp": 33.04764705882353, "imu/acl_y": -0.44053310546874996, "imu/acl_z": 9.294290844726563, "user/mode": "user", "cam/image_array": "177_cam-image_array_.jpg", "imu/gyr_x": 4.748091603053435, "user/angle": -0.8557084871974853, "user/throttle": 0.2653736991485336, "imu/gyr_z": 50.267175572519086}