{"imu/acl_x": 1.438915197753906, "imu/gyr_y": -15.587786259541986, "imu/temp": 32.20058823529412, "imu/acl_y": -0.48123453369140623, "imu/acl_z": 15.497667346191406, "user/mode": "user", "cam/image_array": "1428_cam-image_array_.jpg", "imu/gyr_x": -0.8091603053435115, "user/angle": -0.41239661854915005, "user/throttle": 0.2755757316812647, "imu/gyr_z": 59.534351145038165}