{"imu/acl_x": -0.23702596435546874, "imu/gyr_y": 9.702290076335878, "imu/temp": 32.624117647058824, "imu/acl_y": 0.39983167724609375, "imu/acl_z": 9.86411083984375, "user/mode": "user", "cam/image_array": "987_cam-image_array_.jpg", "imu/gyr_x": -13.106870229007633, "user/angle": 1.0, "user/throttle": 0.27218176824243906, "imu/gyr_z": -87.59541984732824}