{"imu/acl_x": 1.5562310791015623, "imu/gyr_y": -6.396946564885496, "imu/temp": 32.341764705882355, "imu/acl_y": 1.3742717529296875, "imu/acl_z": 8.904035974121093, "user/mode": "user", "cam/image_array": "1220_cam-image_array_.jpg", "imu/gyr_x": 5.221374045801527, "user/angle": -1.0, "user/throttle": 0.27218176824243906, "imu/gyr_z": 63.10687022900763}