{"imu/acl_x": -0.6272808349609375, "imu/gyr_y": 5.801526717557252, "imu/temp": 31.777058823529412, "imu/acl_y": 0.6751648681640625, "imu/acl_z": 13.606248034667967, "user/mode": "user", "cam/image_array": "1756_cam-image_array_.jpg", "imu/gyr_x": 0.9847328244274809, "user/angle": -1.0, "user/throttle": 0.2755757316812647, "imu/gyr_z": 71.94656488549619}