{"imu/acl_x": 1.1013327636718748, "imu/gyr_y": 7.3893129770992365, "imu/temp": 32.906470588235294, "imu/acl_y": 0.17956512451171874, "imu/acl_z": 9.8449572265625, "user/mode": "user", "cam/image_array": "76_cam-image_array_.jpg", "imu/gyr_x": -1.297709923664122, "user/angle": -1.0, "user/throttle": 0.26877773369548635, "imu/gyr_z": 54.70229007633588}