{"imu/acl_x": -0.43574470214843747, "imu/gyr_y": -0.21374045801526717, "imu/temp": 32.012352941176474, "imu/acl_y": 0.316034619140625, "imu/acl_z": 10.091559997558592, "user/mode": "user", "cam/image_array": "817_cam-image_array_.jpg", "imu/gyr_x": 11.312977099236642, "user/angle": -1.0, "user/throttle": 0.2755757316812647, "imu/gyr_z": 66.40458015267176}