{"imu/acl_x": -2.6336218261718747, "imu/gyr_y": 1.0076335877862594, "imu/temp": 32.012352941176474, "imu/acl_y": 0.12210428466796874, "imu/acl_z": 8.892064965820312, "user/mode": "user", "cam/image_array": "1528_cam-image_array_.jpg", "imu/gyr_x": 0.6793893129770993, "user/angle": -0.6804406872768334, "user/throttle": 0.2755757316812647, "imu/gyr_z": 43.35114503816794}