{"imu/acl_x": 0.3184288208007812, "imu/gyr_y": -0.9770992366412213, "imu/temp": 32.71823529411765, "imu/acl_y": -0.4836287353515625, "imu/acl_z": 10.35492218017578, "user/mode": "user", "cam/image_array": "1598_cam-image_array_.jpg", "imu/gyr_x": 6.969465648854962, "user/angle": -0.2783593249305704, "user/throttle": 0.2755757316812647, "imu/gyr_z": 82.12213740458016}