{"imu/acl_x": -1.4796166259765624, "imu/gyr_y": 8.48091603053435, "imu/temp": 32.906470588235294, "imu/acl_y": -0.22026655273437498, "imu/acl_z": 12.16254443359375, "user/mode": "user", "cam/image_array": "499_cam-image_array_.jpg", "imu/gyr_x": 1.3206106870229009, "user/angle": -0.6598406933805353, "user/throttle": 0.2653736991485336, "imu/gyr_z": 42.770992366412216}