{"imu/acl_x": -0.8020575561523438, "imu/gyr_y": 16.35114503816794, "imu/temp": 32.85941176470588, "imu/acl_y": 1.3742717529296875, "imu/acl_z": 8.597578161621094, "user/mode": "user", "cam/image_array": "724_cam-image_array_.jpg", "imu/gyr_x": -8.610687022900763, "user/angle": -0.7629322183904538, "user/throttle": 0.2653736991485336, "imu/gyr_z": 55.55725190839695}