{"imu/acl_x": -2.142810485839844, "imu/gyr_y": 14.01526717557252, "imu/temp": 32.71823529411765, "imu/acl_y": 1.189918225097656, "imu/acl_z": 11.145008728027342, "user/mode": "user", "cam/image_array": "877_cam-image_array_.jpg", "imu/gyr_x": 0.6183206106870229, "user/angle": -0.8350779747917112, "user/throttle": 0.2755757316812647, "imu/gyr_z": 73.54961832061069}