{"imu/acl_x": -0.4261678955078125, "imu/gyr_y": 15.740458015267176, "imu/temp": 32.341764705882355, "imu/acl_y": 1.35990654296875, "imu/acl_z": 10.144232434082031, "user/mode": "user", "cam/image_array": "1213_cam-image_array_.jpg", "imu/gyr_x": 2.3053435114503817, "user/angle": -1.0, "user/throttle": 0.27218176824243906, "imu/gyr_z": 66.62595419847328}