{"imu/acl_x": -0.2059013427734375, "imu/gyr_y": 4.824427480916031, "imu/temp": 32.43588235294118, "imu/acl_y": 0.5889736083984375, "imu/acl_z": 9.651026892089844, "user/mode": "user", "cam/image_array": "1148_cam-image_array_.jpg", "imu/gyr_x": -5.0534351145038165, "user/angle": 0.0, "user/throttle": 0.27218176824243906, "imu/gyr_z": 14.51908396946565}