{"imu/acl_x": -2.051830822753906, "imu/gyr_y": 5.251908396946565, "imu/temp": 32.1064705882353, "imu/acl_y": 1.458068811035156, "imu/acl_z": 13.065158459472656, "user/mode": "user", "cam/image_array": "1471_cam-image_array_.jpg", "imu/gyr_x": 1.748091603053435, "user/angle": -0.8247932370983001, "user/throttle": 0.2755757316812647, "imu/gyr_z": 74.45801526717557}