{"imu/acl_x": 1.8650830932617186, "imu/gyr_y": 0.15267175572519084, "imu/temp": 32.15352941176471, "imu/acl_y": 1.455674609375, "imu/acl_z": 8.47786807861328, "user/mode": "user", "cam/image_array": "1504_cam-image_array_.jpg", "imu/gyr_x": -9.82442748091603, "user/angle": -0.8660237434003724, "user/throttle": 0.2755757316812647, "imu/gyr_z": 42.51145038167939}