{"imu/acl_x": 0.9648632690429687, "imu/gyr_y": -13.534351145038167, "imu/temp": 32.059411764705885, "imu/acl_y": 0.16041151123046873, "imu/acl_z": 10.800243688964843, "user/mode": "user", "cam/image_array": "850_cam-image_array_.jpg", "imu/gyr_x": -7.511450381679389, "user/angle": -0.6392101809747612, "user/throttle": 0.2755757316812647, "imu/gyr_z": 50.80152671755725}