{"imu/acl_x": 0.20829554443359374, "imu/gyr_y": -3.198473282442748, "imu/temp": 32.906470588235294, "imu/acl_y": 0.5027823486328125, "imu/acl_z": 10.412383020019531, "user/mode": "user", "cam/image_array": "624_cam-image_array_.jpg", "imu/gyr_x": -8.0, "user/angle": 0.0, "user/throttle": 0.2619696646015809, "imu/gyr_z": 4.694656488549619}