{"imu/acl_x": 2.2457611572265623, "imu/gyr_y": -15.091603053435115, "imu/temp": 33.18882352941176, "imu/acl_y": 1.1109095703125, "imu/acl_z": 6.552929943847656, "user/mode": "user", "cam/image_array": "280_cam-image_array_.jpg", "imu/gyr_x": 6.580152671755725, "user/angle": -0.9278847621082187, "user/throttle": 0.2653736991485336, "imu/gyr_z": 70.79389312977099}