{"imu/acl_x": -0.6105214233398437, "imu/gyr_y": -4.809160305343512, "imu/temp": 33.18882352941176, "imu/acl_y": 0.23223756103515625, "imu/acl_z": 8.736441857910156, "user/mode": "user", "cam/image_array": "265_cam-image_array_.jpg", "imu/gyr_x": -5.969465648854962, "user/angle": -0.14435254982146672, "user/throttle": 0.26877773369548635, "imu/gyr_z": -9.816793893129772}