{"imu/acl_x": 0.4477157104492187, "imu/gyr_y": -5.564885496183206, "imu/temp": 32.341764705882355, "imu/acl_y": 0.7637503295898437, "imu/acl_z": 10.862492932128905, "user/mode": "user", "cam/image_array": "1176_cam-image_array_.jpg", "imu/gyr_x": -9.099236641221374, "user/angle": -1.0, "user/throttle": 0.27218176824243906, "imu/gyr_z": 64.07633587786259}