{"imu/acl_x": -0.086191259765625, "imu/gyr_y": -8.221374045801527, "imu/temp": 31.73, "imu/acl_y": 0.5386953735351562, "imu/acl_z": 10.338162768554687, "user/mode": "user", "cam/image_array": "1882_cam-image_array_.jpg", "imu/gyr_x": 1.9694656488549618, "user/angle": -0.5051728873561815, "user/throttle": 0.21774742881557665, "imu/gyr_z": 75.42748091603053}