{"imu/acl_x": 1.6208745239257811, "imu/gyr_y": 17.625954198473284, "imu/temp": 33.09470588235294, "imu/acl_y": 0.7110778930664062, "imu/acl_z": 10.785878479003905, "user/mode": "user", "cam/image_array": "304_cam-image_array_.jpg", "imu/gyr_x": -13.725190839694656, "user/angle": -0.7319864497817926, "user/throttle": 0.26877773369548635, "imu/gyr_z": 48.25954198473283}