{"imu/acl_x": 0.17956512451171874, "imu/gyr_y": 0.25190839694656486, "imu/temp": 33.14176470588235, "imu/acl_y": -0.11013327636718749, "imu/acl_z": 8.961496813964843, "user/mode": "user", "cam/image_array": "167_cam-image_array_.jpg", "imu/gyr_x": -3.3969465648854964, "user/angle": -0.5670339060640278, "user/throttle": 0.2619696646015809, "imu/gyr_z": 21.786259541984734}