{"imu/acl_x": 0.4860229370117187, "imu/gyr_y": -1.5190839694656488, "imu/temp": 33.00058823529412, "imu/acl_y": -0.2609679809570312, "imu/acl_z": 8.681375219726561, "user/mode": "user", "cam/image_array": "50_cam-image_array_.jpg", "imu/gyr_x": -4.145038167938932, "user/angle": -0.5567186498611408, "user/throttle": 0.2551716666158025, "imu/gyr_z": 8.358778625954198}