{"imu/acl_x": 0.7038952880859375, "imu/gyr_y": 29.30534351145038, "imu/temp": 31.871176470588235, "imu/acl_y": 3.7995980346679685, "imu/acl_z": 8.939948999023438, "user/mode": "user", "cam/image_array": "1726_cam-image_array_.jpg", "imu/gyr_x": -2.83206106870229, "user/angle": 0.0, "user/throttle": 0.27218176824243906, "imu/gyr_z": 72.70992366412214}