{"imu/acl_x": 0.3064578125, "imu/gyr_y": -7.6183206106870225, "imu/temp": 32.81235294117647, "imu/acl_y": 0.28969840087890625, "imu/acl_z": 8.961496813964843, "user/mode": "user", "cam/image_array": "722_cam-image_array_.jpg", "imu/gyr_x": 7.564885496183206, "user/angle": -0.7629322183904538, "user/throttle": 0.2653736991485336, "imu/gyr_z": 58.98473282442748}