{"imu/acl_x": 0.4836287353515625, "imu/gyr_y": -12.557251908396946, "imu/temp": 32.15352941176471, "imu/acl_y": -1.22583125, "imu/acl_z": 12.016498132324218, "user/mode": "user", "cam/image_array": "1415_cam-image_array_.jpg", "imu/gyr_x": -0.07633587786259542, "user/angle": -0.5670339060640278, "user/throttle": 0.2755757316812647, "imu/gyr_z": 29.82442748091603}