{"imu/acl_x": 0.13646949462890623, "imu/gyr_y": 0.5725190839694656, "imu/temp": 33.00058823529412, "imu/acl_y": 0.18914193115234373, "imu/acl_z": 9.986215124511718, "user/mode": "user", "cam/image_array": "9_cam-image_array_.jpg", "imu/gyr_x": -2.7480916030534353, "user/angle": 0.0, "user/throttle": 0.2891918698690756, "imu/gyr_z": -1.6106870229007633}