{"imu/acl_x": -1.4101847778320311, "imu/gyr_y": -4.66412213740458, "imu/temp": 31.824117647058824, "imu/acl_y": 1.13006318359375, "imu/acl_z": 9.05965908203125, "user/mode": "user", "cam/image_array": "1759_cam-image_array_.jpg", "imu/gyr_x": -1.6717557251908397, "user/angle": -1.0, "user/throttle": 0.27218176824243906, "imu/gyr_z": 70.54961832061069}