{"imu/acl_x": -3.0358477050781247, "imu/gyr_y": 2.053435114503817, "imu/temp": 31.777058823529412, "imu/acl_y": 1.0031704956054688, "imu/acl_z": 9.775525378417969, "user/mode": "user", "cam/image_array": "1789_cam-image_array_.jpg", "imu/gyr_x": -2.732824427480916, "user/angle": -0.8660237434003724, "user/throttle": 0.27218176824243906, "imu/gyr_z": 51.961832061068705}