{"imu/acl_x": 1.8100164550781248, "imu/gyr_y": 16.0381679389313, "imu/temp": 33.00058823529412, "imu/acl_y": 1.8435352783203125, "imu/acl_z": 9.428366137695312, "user/mode": "user", "cam/image_array": "454_cam-image_array_.jpg", "imu/gyr_x": -10.244274809160306, "user/angle": -1.0, "user/throttle": 0.2653736991485336, "imu/gyr_z": 79.31297709923665}