{"imu/acl_x": -0.19153613281249998, "imu/gyr_y": 12.198473282442748, "imu/temp": 32.85941176470588, "imu/acl_y": -0.08858546142578125, "imu/acl_z": 6.830657336425781, "user/mode": "user", "cam/image_array": "621_cam-image_array_.jpg", "imu/gyr_x": 1.534351145038168, "user/angle": -0.4742576372569964, "user/throttle": 0.2619696646015809, "imu/gyr_z": 40.81679389312977}