{"imu/acl_x": 0.5770026000976562, "imu/gyr_y": 16.137404580152673, "imu/temp": 32.53, "imu/acl_y": 0.9097966308593749, "imu/acl_z": 10.32379755859375, "user/mode": "user", "cam/image_array": "1004_cam-image_array_.jpg", "imu/gyr_x": -10.51908396946565, "user/angle": -1.0, "user/throttle": 0.27218176824243906, "imu/gyr_z": 69.29770992366412}