{"imu/acl_x": -0.4070142822265625, "imu/gyr_y": -8.992366412213741, "imu/temp": 33.09470588235294, "imu/acl_y": 1.5873557006835937, "imu/acl_z": 9.478644372558593, "user/mode": "user", "cam/image_array": "130_cam-image_array_.jpg", "imu/gyr_x": -7.648854961832061, "user/angle": -0.8453932309945982, "user/throttle": 0.26877773369548635, "imu/gyr_z": 51.2442748091603}