{"imu/acl_x": 1.3024457031249999, "imu/gyr_y": 4.687022900763359, "imu/temp": 33.09470588235294, "imu/acl_y": 0.10295067138671875, "imu/acl_z": 7.730877160644531, "user/mode": "user", "cam/image_array": "94_cam-image_array_.jpg", "imu/gyr_x": -20.641221374045802, "user/angle": -1.0, "user/throttle": 0.26877773369548635, "imu/gyr_z": 44.55725190839695}