{"imu/acl_x": -0.7254431030273437, "imu/gyr_y": -3.8625954198473282, "imu/temp": 32.012352941176474, "imu/acl_y": 1.5538368774414062, "imu/acl_z": 8.276755139160155, "user/mode": "user", "cam/image_array": "756_cam-image_array_.jpg", "imu/gyr_x": -20.458015267175572, "user/angle": -0.9072542497024445, "user/throttle": 0.2653736991485336, "imu/gyr_z": 52.52671755725191}