{"imu/acl_x": -1.8195932617187498, "imu/gyr_y": -3.816793893129771, "imu/temp": 32.43588235294118, "imu/acl_y": 1.4939818359375, "imu/acl_z": 8.810662109374999, "user/mode": "user", "cam/image_array": "1103_cam-image_array_.jpg", "imu/gyr_x": -2.2748091603053435, "user/angle": -1.0, "user/throttle": 0.27218176824243906, "imu/gyr_z": 75.64885496183206}