{"imu/acl_x": 0.24660277099609373, "imu/gyr_y": -2.053435114503817, "imu/temp": 31.259411764705884, "imu/acl_y": 1.3144167114257812, "imu/acl_z": 11.068394274902342, "user/mode": "user", "cam/image_array": "1572_cam-image_array_.jpg", "imu/gyr_x": -3.4427480916030535, "user/angle": -1.0, "user/throttle": 0.2755757316812647, "imu/gyr_z": 58.48091603053435}