{"imu/acl_x": 1.924938134765625, "imu/gyr_y": 27.236641221374047, "imu/temp": 32.388823529411766, "imu/acl_y": -1.2737152832031249, "imu/acl_z": 5.561730456542969, "user/mode": "user", "cam/image_array": "1154_cam-image_array_.jpg", "imu/gyr_x": -15.427480916030534, "user/angle": -0.5361186559648426, "user/throttle": 0.27218176824243906, "imu/gyr_z": -4.877862595419847}