{"imu/acl_x": -0.5482721801757812, "imu/gyr_y": 0.29770992366412213, "imu/temp": 32.671176470588236, "imu/acl_y": 0.45968671875, "imu/acl_z": 9.572018237304688, "user/mode": "user", "cam/image_array": "971_cam-image_array_.jpg", "imu/gyr_x": -5.358778625954199, "user/angle": -0.9175695059053316, "user/throttle": 0.27218176824243906, "imu/gyr_z": 58.778625954198475}