{"imu/acl_x": -3.0166940917968748, "imu/gyr_y": -13.251908396946565, "imu/temp": 32.43588235294118, "imu/acl_y": 0.023942016601562498, "imu/acl_z": 11.17852755126953, "user/mode": "user", "cam/image_array": "1082_cam-image_array_.jpg", "imu/gyr_x": -0.8931297709923665, "user/angle": -0.4433423871578112, "user/throttle": 0.27218176824243906, "imu/gyr_z": 7.343511450381679}