{"imu/acl_x": -0.737414111328125, "imu/gyr_y": -1.1526717557251909, "imu/temp": 31.871176470588235, "imu/acl_y": 0.7422025146484375, "imu/acl_z": 9.05965908203125, "user/mode": "user", "cam/image_array": "1763_cam-image_array_.jpg", "imu/gyr_x": 7.297709923664122, "user/angle": -1.0, "user/throttle": 0.27218176824243906, "imu/gyr_z": 76.73282442748092}