{"imu/acl_x": 1.3455413330078123, "imu/gyr_y": 0.9312977099236641, "imu/temp": 33.09470588235294, "imu/acl_y": 1.0558429321289062, "imu/acl_z": 10.022128149414062, "user/mode": "user", "cam/image_array": "95_cam-image_array_.jpg", "imu/gyr_x": -6.076335877862595, "user/angle": -1.0, "user/throttle": 0.26877773369548635, "imu/gyr_z": 48.54961832061068}