{"imu/acl_x": 4.211400720214844, "imu/gyr_y": -9.732824427480915, "imu/temp": 32.29470588235294, "imu/acl_y": -0.9313444458007812, "imu/acl_z": 12.962207788085937, "user/mode": "user", "cam/image_array": "1252_cam-image_array_.jpg", "imu/gyr_x": 10.679389312977099, "user/angle": 0.0, "user/throttle": 0.2755757316812647, "imu/gyr_z": -7.656488549618321}