{"imu/acl_x": 0.8882488159179687, "imu/gyr_y": 9.564885496183207, "imu/temp": 32.059411764705885, "imu/acl_y": -0.1292868896484375, "imu/acl_z": 9.17458076171875, "user/mode": "user", "cam/image_array": "1454_cam-image_array_.jpg", "imu/gyr_x": -8.816793893129772, "user/angle": -0.3505355998413037, "user/throttle": 0.2755757316812647, "imu/gyr_z": 30.87786259541985}