{"imu/acl_x": 0.06703764648437499, "imu/gyr_y": 2.1526717557251906, "imu/temp": 33.09470588235294, "imu/acl_y": 1.1827356201171875, "imu/acl_z": 11.690886706542969, "user/mode": "user", "cam/image_array": "131_cam-image_array_.jpg", "imu/gyr_x": 2.801526717557252, "user/angle": -1.0, "user/throttle": 0.26877773369548635, "imu/gyr_z": 49.9236641221374}