{"imu/acl_x": -0.2609679809570312, "imu/gyr_y": 0.8320610687022901, "imu/temp": 32.43588235294118, "imu/acl_y": -0.02154781494140625, "imu/acl_z": 10.388441003417968, "user/mode": "user", "cam/image_array": "1183_cam-image_array_.jpg", "imu/gyr_x": 3.9160305343511452, "user/angle": -0.8660237434003724, "user/throttle": 0.27218176824243906, "imu/gyr_z": 65.59541984732824}