{"imu/acl_x": 0.5339069702148437, "imu/gyr_y": -3.83206106870229, "imu/temp": 33.04764705882353, "imu/acl_y": 0.699106884765625, "imu/acl_z": 9.356540087890625, "user/mode": "user", "cam/image_array": "321_cam-image_array_.jpg", "imu/gyr_x": -3.068702290076336, "user/angle": -1.0, "user/throttle": 0.26877773369548635, "imu/gyr_z": 63.35114503816794}