{"imu/acl_x": 0.5458779785156249, "imu/gyr_y": 6.786259541984733, "imu/temp": 32.341764705882355, "imu/acl_y": 0.9552864624023437, "imu/acl_z": 11.305420239257812, "user/mode": "user", "cam/image_array": "1167_cam-image_array_.jpg", "imu/gyr_x": -2.1526717557251906, "user/angle": -0.9175695059053316, "user/throttle": 0.27218176824243906, "imu/gyr_z": 65.7175572519084}