{"imu/acl_x": 1.0223241088867188, "imu/gyr_y": 13.038167938931299, "imu/temp": 32.85941176470588, "imu/acl_y": 1.3934253662109375, "imu/acl_z": 8.834604125976561, "user/mode": "user", "cam/image_array": "687_cam-image_array_.jpg", "imu/gyr_x": 3.2442748091603053, "user/angle": -1.0, "user/throttle": 0.2653736991485336, "imu/gyr_z": 62.0763358778626}