{"imu/acl_x": 0.277727392578125, "imu/gyr_y": 12.15267175572519, "imu/temp": 32.81235294117647, "imu/acl_y": 1.5227122558593749, "imu/acl_z": 11.046846459960937, "user/mode": "user", "cam/image_array": "641_cam-image_array_.jpg", "imu/gyr_x": -5.885496183206107, "user/angle": -0.5258033997619557, "user/throttle": 0.2619696646015809, "imu/gyr_z": 24.572519083969464}