{"imu/acl_x": -0.17477672119140625, "imu/gyr_y": 0.0916030534351145, "imu/temp": 33.09470588235294, "imu/acl_y": 0.4477157104492187, "imu/acl_z": 10.51533369140625, "user/mode": "user", "cam/image_array": "204_cam-image_array_.jpg", "imu/gyr_x": 3.732824427480916, "user/angle": -0.2371288186284982, "user/throttle": 0.26877773369548635, "imu/gyr_z": 9.816793893129772}