{"imu/acl_x": 3.469198205566406, "imu/gyr_y": -3.763358778625954, "imu/temp": 31.824117647058824, "imu/acl_y": -0.6943184814453125, "imu/acl_z": 13.268665600585937, "user/mode": "user", "cam/image_array": "1672_cam-image_array_.jpg", "imu/gyr_x": -2.572519083969466, "user/angle": 0.0, "user/throttle": 0.2755757316812647, "imu/gyr_z": -58.3206106870229}