{"imu/acl_x": -0.7445967163085937, "imu/gyr_y": 21.015267175572518, "imu/temp": 31.635882352941177, "imu/acl_y": -0.10295067138671875, "imu/acl_z": 9.53131680908203, "user/mode": "user", "cam/image_array": "1858_cam-image_array_.jpg", "imu/gyr_x": 7.175572519083969, "user/angle": 0.0, "user/throttle": 0.27218176824243906, "imu/gyr_z": -7.106870229007634}