{"imu/acl_x": -3.2728736694335936, "imu/gyr_y": -32.82442748091603, "imu/temp": 31.871176470588235, "imu/acl_y": 1.6352397338867186, "imu/acl_z": 7.979874133300781, "user/mode": "user", "cam/image_array": "1686_cam-image_array_.jpg", "imu/gyr_x": -11.793893129770993, "user/angle": -0.804162724692526, "user/throttle": 0.2755757316812647, "imu/gyr_z": 73.62595419847328}