{"imu/acl_x": 1.3263877197265623, "imu/gyr_y": 28.641221374045802, "imu/temp": 31.73, "imu/acl_y": 2.1715409057617188, "imu/acl_z": 10.819397302246093, "user/mode": "user", "cam/image_array": "1833_cam-image_array_.jpg", "imu/gyr_x": -7.7251908396946565, "user/angle": -1.0, "user/throttle": 0.27218176824243906, "imu/gyr_z": 74.09160305343511}