{"imu/acl_x": 0.6368576416015624, "imu/gyr_y": 12.969465648854962, "imu/temp": 32.29470588235294, "imu/acl_y": 0.5195417602539062, "imu/acl_z": 7.381323718261719, "user/mode": "user", "cam/image_array": "1269_cam-image_array_.jpg", "imu/gyr_x": -25.251908396946565, "user/angle": 0.0, "user/throttle": 0.2755757316812647, "imu/gyr_z": 23.17557251908397}