{"imu/acl_x": 2.27927998046875, "imu/gyr_y": 2.877862595419847, "imu/temp": 32.20058823529412, "imu/acl_y": 0.6823474731445313, "imu/acl_z": 12.217611071777343, "user/mode": "user", "cam/image_array": "1390_cam-image_array_.jpg", "imu/gyr_x": 9.648854961832061, "user/angle": -0.402081362346263, "user/throttle": 0.2755757316812647, "imu/gyr_z": -27.19083969465649}