{"imu/acl_x": 0.5315127685546874, "imu/gyr_y": 2.595419847328244, "imu/temp": 32.012352941176474, "imu/acl_y": -0.040701428222656245, "imu/acl_z": 8.8489693359375, "user/mode": "user", "cam/image_array": "790_cam-image_array_.jpg", "imu/gyr_x": 1.3511450381679388, "user/angle": -0.7113864558854945, "user/throttle": 0.2619696646015809, "imu/gyr_z": -49.969465648854964}