{"imu/acl_x": 1.4413093994140624, "imu/gyr_y": 16.763358778625953, "imu/temp": 33.04764705882353, "imu/acl_y": 2.7916391357421872, "imu/acl_z": 12.571952917480468, "user/mode": "user", "cam/image_array": "366_cam-image_array_.jpg", "imu/gyr_x": -7.9465648854961835, "user/angle": -1.0, "user/throttle": 0.2653736991485336, "imu/gyr_z": 65.08396946564885}