{"imu/acl_x": -1.8004396484374998, "imu/gyr_y": -15.274809160305344, "imu/temp": 33.09470588235294, "imu/acl_y": -0.36391865234375, "imu/acl_z": 10.414777221679687, "user/mode": "user", "cam/image_array": "107_cam-image_array_.jpg", "imu/gyr_x": 2.717557251908397, "user/angle": 0.6598101748710593, "user/throttle": 0.26877773369548635, "imu/gyr_z": -48.282442748091604}