{"imu/acl_x": 1.5203180541992187, "imu/gyr_y": 7.595419847328245, "imu/temp": 32.20058823529412, "imu/acl_y": 0.9121908325195311, "imu/acl_z": 8.36294639892578, "user/mode": "user", "cam/image_array": "1446_cam-image_array_.jpg", "imu/gyr_x": -3.6030534351145036, "user/angle": -0.5051728873561815, "user/throttle": 0.2755757316812647, "imu/gyr_z": -8.396946564885496}