{"imu/acl_x": 0.8690952026367187, "imu/gyr_y": 9.49618320610687, "imu/temp": 33.04764705882353, "imu/acl_y": 0.3016694091796875, "imu/acl_z": 9.318232861328125, "user/mode": "user", "cam/image_array": "346_cam-image_array_.jpg", "imu/gyr_x": -7.8320610687022905, "user/angle": 0.6804101687673574, "user/throttle": 0.26877773369548635, "imu/gyr_z": -62.83969465648855}