{"imu/acl_x": 0.239420166015625, "imu/gyr_y": -8.458015267175572, "imu/temp": 33.04764705882353, "imu/acl_y": -0.37828386230468747, "imu/acl_z": 13.70680450439453, "user/mode": "user", "cam/image_array": "479_cam-image_array_.jpg", "imu/gyr_x": -13.358778625954198, "user/angle": 0.28864406262398146, "user/throttle": 0.2653736991485336, "imu/gyr_z": -56.458015267175576}