{"imu/acl_x": -0.5147533569335937, "imu/gyr_y": 0.4198473282442748, "imu/temp": 32.57705882352941, "imu/acl_y": 1.4915876342773438, "imu/acl_z": 10.781090075683593, "user/mode": "user", "cam/image_array": "965_cam-image_array_.jpg", "imu/gyr_x": -6.6106870229007635, "user/angle": -1.0, "user/throttle": 0.27218176824243906, "imu/gyr_z": 62.42748091603053}