{"imu/acl_x": 0.033518823242187495, "imu/gyr_y": 8.389312977099237, "imu/temp": 32.341764705882355, "imu/acl_y": 2.712630480957031, "imu/acl_z": 10.307038146972655, "user/mode": "user", "cam/image_array": "1266_cam-image_array_.jpg", "imu/gyr_x": -6.824427480916031, "user/angle": -0.6495254371776482, "user/throttle": 0.2755757316812647, "imu/gyr_z": 61.343511450381676}