{"imu/acl_x": -3.4811692138671875, "imu/gyr_y": -30.328244274809162, "imu/temp": 32.15352941176471, "imu/acl_y": 0.5315127685546874, "imu/acl_z": 8.44674345703125, "user/mode": "user", "cam/image_array": "1412_cam-image_array_.jpg", "imu/gyr_x": -5.564885496183206, "user/angle": -0.37116611224707785, "user/throttle": 0.2755757316812647, "imu/gyr_z": 6.816793893129771}