{"imu/acl_x": 1.7621324218749999, "imu/gyr_y": 2.9770992366412212, "imu/temp": 32.341764705882355, "imu/acl_y": 2.592920397949219, "imu/acl_z": 8.315062365722655, "user/mode": "user", "cam/image_array": "1284_cam-image_array_.jpg", "imu/gyr_x": -23.53435114503817, "user/angle": -0.6288949247718741, "user/throttle": 0.2755757316812647, "imu/gyr_z": 17.69465648854962}