{"imu/acl_x": -0.08140285644531249, "imu/gyr_y": -4.8396946564885495, "imu/temp": 33.09470588235294, "imu/acl_y": 1.2282254516601563, "imu/acl_z": 10.491391674804687, "user/mode": "user", "cam/image_array": "210_cam-image_array_.jpg", "imu/gyr_x": -7.885496183206107, "user/angle": -0.16498306222724082, "user/throttle": 0.26877773369548635, "imu/gyr_z": 41.900763358778626}