{"imu/acl_x": -1.4125789794921875, "imu/gyr_y": -6.931297709923665, "imu/temp": 31.871176470588235, "imu/acl_y": 3.2441432495117186, "imu/acl_z": 10.735600244140624, "user/mode": "user", "cam/image_array": "1709_cam-image_array_.jpg", "imu/gyr_x": -4.419847328244275, "user/angle": -1.0, "user/throttle": 0.2755757316812647, "imu/gyr_z": 80.52671755725191}