{"imu/acl_x": 0.3495534423828125, "imu/gyr_y": 4.793893129770993, "imu/temp": 33.09470588235294, "imu/acl_y": 0.8954314208984374, "imu/acl_z": 9.210493786621093, "user/mode": "user", "cam/image_array": "166_cam-image_array_.jpg", "imu/gyr_x": -7.442748091603053, "user/angle": -0.5154881435590686, "user/throttle": 0.2619696646015809, "imu/gyr_z": 11.977099236641221}