{"imu/acl_x": 0.5961562133789062, "imu/gyr_y": 13.15267175572519, "imu/temp": 33.14176470588235, "imu/acl_y": -0.8834604125976562, "imu/acl_z": 11.159373937988281, "user/mode": "user", "cam/image_array": "261_cam-image_array_.jpg", "imu/gyr_x": 0.6793893129770993, "user/angle": 0.0, "user/throttle": 0.26877773369548635, "imu/gyr_z": -11.641221374045802}