{"imu/acl_x": -2.89219560546875, "imu/gyr_y": -15.442748091603054, "imu/temp": 32.624117647058824, "imu/acl_y": 0.16280571289062498, "imu/acl_z": 8.939948999023438, "user/mode": "user", "cam/image_array": "1000_cam-image_array_.jpg", "imu/gyr_x": -1.0, "user/angle": -1.0, "user/throttle": 0.27218176824243906, "imu/gyr_z": 60.82442748091603}