{"imu/acl_x": -0.9026140258789062, "imu/gyr_y": 8.534351145038167, "imu/temp": 33.14176470588235, "imu/acl_y": 0.076614453125, "imu/acl_z": 10.105925207519531, "user/mode": "user", "cam/image_array": "211_cam-image_array_.jpg", "imu/gyr_x": 6.4961832061068705, "user/angle": -0.10312204351939451, "user/throttle": 0.26877773369548635, "imu/gyr_z": 31.61832061068702}