{"imu/acl_x": -2.288856787109375, "imu/gyr_y": 5.32824427480916, "imu/temp": 32.53, "imu/acl_y": -0.076614453125, "imu/acl_z": 9.969455712890625, "user/mode": "user", "cam/image_array": "973_cam-image_array_.jpg", "imu/gyr_x": -0.183206106870229, "user/angle": -0.05157628101443525, "user/throttle": 0.27218176824243906, "imu/gyr_z": 58.14503816793893}