{"imu/acl_x": -1.5897499023437498, "imu/gyr_y": -15.312977099236642, "imu/temp": 32.29470588235294, "imu/acl_y": 2.0829554443359375, "imu/acl_z": 11.027692846679686, "user/mode": "user", "cam/image_array": "1322_cam-image_array_.jpg", "imu/gyr_x": -4.206106870229007, "user/angle": -0.5154881435590686, "user/throttle": 0.2755757316812647, "imu/gyr_z": 27.14503816793893}