{"imu/acl_x": -1.944091748046875, "imu/gyr_y": -2.2213740458015265, "imu/temp": 33.37705882352941, "imu/acl_y": 1.39821376953125, "imu/acl_z": 10.266336718749999, "user/mode": "user", "cam/image_array": "801_cam-image_array_.jpg", "imu/gyr_x": 0.366412213740458, "user/angle": -0.5876644184698019, "user/throttle": 0.2619696646015809, "imu/gyr_z": 35.32824427480916}