{"imu/acl_x": -0.06703764648437499, "imu/gyr_y": -11.511450381679388, "imu/temp": 32.20058823529412, "imu/acl_y": 0.8667010009765624, "imu/acl_z": 12.258312499999999, "user/mode": "user", "cam/image_array": "1410_cam-image_array_.jpg", "imu/gyr_x": 7.458015267175573, "user/angle": -0.08249153111362041, "user/throttle": 0.2755757316812647, "imu/gyr_z": 50.916030534351144}