{"imu/acl_x": -0.3399766357421875, "imu/gyr_y": -12.030534351145038, "imu/temp": 31.824117647058824, "imu/acl_y": 1.216254443359375, "imu/acl_z": 10.077194787597655, "user/mode": "user", "cam/image_array": "1798_cam-image_array_.jpg", "imu/gyr_x": -14.122137404580153, "user/angle": -0.6288949247718741, "user/throttle": 0.27218176824243906, "imu/gyr_z": 69.3587786259542}