{"imu/acl_x": -1.5394716674804687, "imu/gyr_y": -5.8320610687022905, "imu/temp": 32.059411764705885, "imu/acl_y": 1.898601916503906, "imu/acl_z": 11.171344946289063, "user/mode": "user", "cam/image_array": "1486_cam-image_array_.jpg", "imu/gyr_x": 0.40458015267175573, "user/angle": 0.0, "user/throttle": 0.27218176824243906, "imu/gyr_z": 81.08396946564885}