{"imu/acl_x": -0.09816226806640624, "imu/gyr_y": -7.641221374045801, "imu/temp": 32.48294117647059, "imu/acl_y": -0.4165910888671875, "imu/acl_z": 9.536105212402344, "user/mode": "user", "cam/image_array": "1113_cam-image_array_.jpg", "imu/gyr_x": 4.229007633587786, "user/angle": 0.0, "user/throttle": 0.27218176824243906, "imu/gyr_z": -3.763358778625954}