{"imu/acl_x": 0.7948749511718749, "imu/gyr_y": -2.6717557251908395, "imu/temp": 31.91823529411765, "imu/acl_y": 2.959233251953125, "imu/acl_z": 12.641384765624998, "user/mode": "user", "cam/image_array": "1578_cam-image_array_.jpg", "imu/gyr_x": -9.564885496183207, "user/angle": -1.0, "user/throttle": 0.2755757316812647, "imu/gyr_z": 84.48091603053435}