{"imu/acl_x": 1.9728221679687499, "imu/gyr_y": 11.374045801526718, "imu/temp": 32.059411764705885, "imu/acl_y": 0.7948749511718749, "imu/acl_z": 7.56567724609375, "user/mode": "user", "cam/image_array": "1422_cam-image_array_.jpg", "imu/gyr_x": -8.465648854961833, "user/angle": -0.8660237434003724, "user/throttle": 0.2755757316812647, "imu/gyr_z": 70.16030534351145}