{"imu/acl_x": -0.13646949462890623, "imu/gyr_y": 3.3206106870229006, "imu/temp": 33.47117647058823, "imu/acl_y": -0.258573779296875, "imu/acl_z": 9.414000927734374, "user/mode": "user", "cam/image_array": "788_cam-image_array_.jpg", "imu/gyr_x": 0.183206106870229, "user/angle": -0.09280678731650746, "user/throttle": 0.2619696646015809, "imu/gyr_z": -69.10687022900764}