{"imu/acl_x": -1.4939818359375, "imu/gyr_y": -7.099236641221374, "imu/temp": 32.341764705882355, "imu/acl_y": -1.1540052001953125, "imu/acl_z": 10.419565624999999, "user/mode": "user", "cam/image_array": "1191_cam-image_array_.jpg", "imu/gyr_x": 3.1374045801526718, "user/angle": 1.0, "user/throttle": 0.26877773369548635, "imu/gyr_z": -71.41984732824427}