{"imu/acl_x": 0.7015010864257812, "imu/gyr_y": 7.702290076335878, "imu/temp": 32.81235294117647, "imu/acl_y": 0.13646949462890623, "imu/acl_z": 8.719682446289061, "user/mode": "user", "cam/image_array": "615_cam-image_array_.jpg", "imu/gyr_x": -0.1450381679389313, "user/angle": -0.7526169621875668, "user/throttle": 0.2619696646015809, "imu/gyr_z": 39.74045801526717}