{"imu/acl_x": -2.7174188842773437, "imu/gyr_y": -14.961832061068701, "imu/temp": 33.09470588235294, "imu/acl_y": 2.379836450195312, "imu/acl_z": 12.157756030273436, "user/mode": "user", "cam/image_array": "286_cam-image_array_.jpg", "imu/gyr_x": -9.282442748091603, "user/angle": -0.402081362346263, "user/throttle": 0.2653736991485336, "imu/gyr_z": 65.32824427480917}