{"imu/acl_x": 0.9864110839843749, "imu/gyr_y": 13.122137404580153, "imu/temp": 33.00058823529412, "imu/acl_y": 0.8643067993164062, "imu/acl_z": 10.967837805175781, "user/mode": "user", "cam/image_array": "133_cam-image_array_.jpg", "imu/gyr_x": -3.198473282442748, "user/angle": -1.0, "user/throttle": 0.26877773369548635, "imu/gyr_z": 61.343511450381676}