{"imu/acl_x": 0.16998831787109375, "imu/gyr_y": -22.52671755725191, "imu/temp": 31.777058823529412, "imu/acl_y": -0.7781155395507812, "imu/acl_z": 10.194510668945313, "user/mode": "user", "cam/image_array": "1806_cam-image_array_.jpg", "imu/gyr_x": 3.7709923664122136, "user/angle": 0.0, "user/throttle": 0.27218176824243906, "imu/gyr_z": -8.404580152671755}