{"imu/acl_x": -2.0302830078125, "imu/gyr_y": -5.854961832061068, "imu/temp": 33.14176470588235, "imu/acl_y": 0.948103857421875, "imu/acl_z": 12.356474768066406, "user/mode": "user", "cam/image_array": "120_cam-image_array_.jpg", "imu/gyr_x": 0.5648854961832062, "user/angle": 0.0, "user/throttle": 0.26877773369548635, "imu/gyr_z": -38.44274809160305}