{"imu/acl_x": -1.2761094848632812, "imu/gyr_y": 8.305343511450381, "imu/temp": 31.73, "imu/acl_y": 1.5682020874023437, "imu/acl_z": 11.815385192871092, "user/mode": "user", "cam/image_array": "1876_cam-image_array_.jpg", "imu/gyr_x": -7.33587786259542, "user/angle": -0.8866542558061464, "user/throttle": 0.2755757316812647, "imu/gyr_z": 47.099236641221374}