{"imu/acl_x": -0.8906430175781249, "imu/gyr_y": 3.8473282442748094, "imu/temp": 31.777058823529412, "imu/acl_y": 0.2825157958984375, "imu/acl_z": 8.06367119140625, "user/mode": "user", "cam/image_array": "1879_cam-image_array_.jpg", "imu/gyr_x": 11.961832061068701, "user/angle": -0.8969389934995575, "user/throttle": 0.2755757316812647, "imu/gyr_z": 69.49618320610686}