{"imu/acl_x": -0.17956512451171874, "imu/gyr_y": -3.5572519083969465, "imu/temp": 33.04764705882353, "imu/acl_y": -0.5817910034179687, "imu/acl_z": 9.811438403320311, "user/mode": "user", "cam/image_array": "478_cam-image_array_.jpg", "imu/gyr_x": 1.1908396946564885, "user/angle": 0.5154576250495926, "user/throttle": 0.2653736991485336, "imu/gyr_z": -56.900763358778626}