{"imu/acl_x": -0.1771709228515625, "imu/gyr_y": 23.31297709923664, "imu/temp": 32.1064705882353, "imu/acl_y": -0.00239420166015625, "imu/acl_z": 11.274295617675781, "user/mode": "user", "cam/image_array": "1531_cam-image_array_.jpg", "imu/gyr_x": 10.236641221374045, "user/angle": -0.8866542558061464, "user/throttle": 0.27218176824243906, "imu/gyr_z": 47.63358778625954}