{"imu/acl_x": 0.3854664672851562, "imu/gyr_y": 3.3435114503816794, "imu/temp": 31.91823529411765, "imu/acl_y": 0.6248866333007812, "imu/acl_z": 10.563217724609375, "user/mode": "user", "cam/image_array": "1674_cam-image_array_.jpg", "imu/gyr_x": 12.549618320610687, "user/angle": -0.24744407483138522, "user/throttle": 0.2755757316812647, "imu/gyr_z": -18.931297709923665}