{"imu/acl_x": 1.4963760375976562, "imu/gyr_y": 12.381679389312977, "imu/temp": 32.906470588235294, "imu/acl_y": 0.19871873779296872, "imu/acl_z": 12.571952917480468, "user/mode": "user", "cam/image_array": "693_cam-image_array_.jpg", "imu/gyr_x": -4.290076335877862, "user/angle": 0.0, "user/throttle": 0.2653736991485336, "imu/gyr_z": 29.954198473282442}