{"imu/acl_x": 0.016759411621093748, "imu/gyr_y": -11.320610687022901, "imu/temp": 31.91823529411765, "imu/acl_y": 1.2665326782226562, "imu/acl_z": 10.433930834960936, "user/mode": "user", "cam/image_array": "1653_cam-image_array_.jpg", "imu/gyr_x": -2.0763358778625953, "user/angle": -1.0, "user/throttle": 0.2755757316812647, "imu/gyr_z": 88.67175572519083}