{"imu/acl_x": 3.1100679565429687, "imu/gyr_y": -0.4122137404580153, "imu/temp": 32.059411764705885, "imu/acl_y": 1.2282254516601563, "imu/acl_z": 12.559981909179687, "user/mode": "user", "cam/image_array": "1539_cam-image_array_.jpg", "imu/gyr_x": 0.21374045801526717, "user/angle": -0.9588000122074037, "user/throttle": 0.2755757316812647, "imu/gyr_z": 78.61832061068702}