{"imu/acl_x": -2.3343466186523436, "imu/gyr_y": -2.0, "imu/temp": 33.04764705882353, "imu/acl_y": 0.4572925170898437, "imu/acl_z": 10.182539660644531, "user/mode": "user", "cam/image_array": "297_cam-image_array_.jpg", "imu/gyr_x": -1.9770992366412214, "user/angle": -0.6701254310739464, "user/throttle": 0.2653736991485336, "imu/gyr_z": 6.587786259541985}