{"imu/acl_x": 1.5131354492187499, "imu/gyr_y": -7.5038167938931295, "imu/temp": 32.012352941176474, "imu/acl_y": 0.948103857421875, "imu/acl_z": 9.504980590820312, "user/mode": "user", "cam/image_array": "843_cam-image_array_.jpg", "imu/gyr_x": -1.251908396946565, "user/angle": -0.6701254310739464, "user/throttle": 0.2755757316812647, "imu/gyr_z": 51.74809160305343}