{"imu/acl_x": -3.296815686035156, "imu/gyr_y": -20.916030534351144, "imu/temp": 32.15352941176471, "imu/acl_y": 0.33758243408203126, "imu/acl_z": 8.434772448730468, "user/mode": "user", "cam/image_array": "1438_cam-image_array_.jpg", "imu/gyr_x": 0.08396946564885496, "user/angle": -0.8660237434003724, "user/throttle": 0.2755757316812647, "imu/gyr_z": 71.87022900763358}