{"imu/acl_x": -1.1037269653320312, "imu/gyr_y": -7.732824427480916, "imu/temp": 31.871176470588235, "imu/acl_y": 0.9026140258789062, "imu/acl_z": 9.811438403320311, "user/mode": "user", "cam/image_array": "1657_cam-image_array_.jpg", "imu/gyr_x": 5.305343511450381, "user/angle": -1.0, "user/throttle": 0.2755757316812647, "imu/gyr_z": 95.45801526717557}