{"imu/acl_x": 1.1348515869140625, "imu/gyr_y": 4.9465648854961835, "imu/temp": 31.777058823529412, "imu/acl_y": 1.5107412475585937, "imu/acl_z": 8.796296899414061, "user/mode": "user", "cam/image_array": "1786_cam-image_array_.jpg", "imu/gyr_x": -4.396946564885496, "user/angle": -0.7423017059846797, "user/throttle": 0.27218176824243906, "imu/gyr_z": 44.82442748091603}