{"imu/acl_x": 0.699106884765625, "imu/gyr_y": 15.725190839694656, "imu/temp": 32.53, "imu/acl_y": 0.22266075439453123, "imu/acl_z": 8.027758166503906, "user/mode": "user", "cam/image_array": "1120_cam-image_array_.jpg", "imu/gyr_x": -9.534351145038167, "user/angle": 0.7010406811731315, "user/throttle": 0.27218176824243906, "imu/gyr_z": -68.78625954198473}