{"imu/acl_x": 2.0877438476562498, "imu/gyr_y": 14.86259541984733, "imu/temp": 33.235882352941175, "imu/acl_y": 0.7781155395507812, "imu/acl_z": 10.237606298828124, "user/mode": "user", "cam/image_array": "331_cam-image_array_.jpg", "imu/gyr_x": -17.213740458015266, "user/angle": 0.0, "user/throttle": 0.26877773369548635, "imu/gyr_z": 42.17557251908397}