{"imu/acl_x": -0.15562310791015624, "imu/gyr_y": 4.305343511450381, "imu/temp": 33.00058823529412, "imu/acl_y": -1.1563994018554686, "imu/acl_z": 8.628702783203124, "user/mode": "user", "cam/image_array": "477_cam-image_array_.jpg", "imu/gyr_x": -15.49618320610687, "user/angle": 0.5876338999603259, "user/throttle": 0.2653736991485336, "imu/gyr_z": -53.02290076335878}