{"imu/acl_x": 0.055066638183593745, "imu/gyr_y": -6.022900763358779, "imu/temp": 32.43588235294118, "imu/acl_y": 0.13168109130859373, "imu/acl_z": 8.219294299316406, "user/mode": "user", "cam/image_array": "1163_cam-image_array_.jpg", "imu/gyr_x": 2.877862595419847, "user/angle": -0.9175695059053316, "user/throttle": 0.27218176824243906, "imu/gyr_z": 69.41221374045801}