{"imu/acl_x": -0.430956298828125, "imu/gyr_y": -3.3435114503816794, "imu/temp": 32.81235294117647, "imu/acl_y": 0.6679822631835937, "imu/acl_z": 11.901576452636718, "user/mode": "user", "cam/image_array": "679_cam-image_array_.jpg", "imu/gyr_x": 6.0, "user/angle": -0.9897457808160649, "user/throttle": 0.2619696646015809, "imu/gyr_z": 53.038167938931295}