{"imu/acl_x": 1.0007762939453124, "imu/gyr_y": -1.6030534351145038, "imu/temp": 33.00058823529412, "imu/acl_y": 0.033518823242187495, "imu/acl_z": 10.603919152832031, "user/mode": "user", "cam/image_array": "64_cam-image_array_.jpg", "imu/gyr_x": -0.48854961832061067, "user/angle": -0.5670339060640278, "user/throttle": 0.2755757316812647, "imu/gyr_z": 21.0381679389313}