{"imu/acl_x": 1.3359645263671873, "imu/gyr_y": 1.282442748091603, "imu/temp": 32.15352941176471, "imu/acl_y": 1.5155296508789062, "imu/acl_z": 12.27028350830078, "user/mode": "user", "cam/image_array": "1426_cam-image_array_.jpg", "imu/gyr_x": -16.404580152671755, "user/angle": -0.8557084871974853, "user/throttle": 0.2755757316812647, "imu/gyr_z": 66.32824427480917}