{"imu/acl_x": -0.07900865478515624, "imu/gyr_y": -0.2366412213740458, "imu/temp": 33.09470588235294, "imu/acl_y": -0.105344873046875, "imu/acl_z": 10.350133776855468, "user/mode": "user", "cam/image_array": "142_cam-image_array_.jpg", "imu/gyr_x": -1.4732824427480915, "user/angle": -1.0, "user/throttle": 0.27218176824243906, "imu/gyr_z": 60.17557251908397}