{"imu/acl_x": 2.5474305664062498, "imu/gyr_y": 13.16793893129771, "imu/temp": 32.24764705882353, "imu/acl_y": 0.43574470214843747, "imu/acl_z": 12.30859073486328, "user/mode": "user", "cam/image_array": "1436_cam-image_array_.jpg", "imu/gyr_x": 2.7709923664122136, "user/angle": -0.8763389996032593, "user/throttle": 0.2755757316812647, "imu/gyr_z": 22.931297709923665}