{"imu/acl_x": 0.7015010864257812, "imu/gyr_y": 3.2290076335877864, "imu/temp": 32.85941176470588, "imu/acl_y": 0.6943184814453125, "imu/acl_z": 10.828974108886719, "user/mode": "user", "cam/image_array": "671_cam-image_array_.jpg", "imu/gyr_x": 3.2900763358778624, "user/angle": -0.7732474745933409, "user/throttle": 0.2619696646015809, "imu/gyr_z": 47.51908396946565}