{"imu/acl_x": -0.7565677246093749, "imu/gyr_y": 12.595419847328245, "imu/temp": 32.53, "imu/acl_y": 0.5865794067382812, "imu/acl_z": 9.598354455566406, "user/mode": "user", "cam/image_array": "1059_cam-image_array_.jpg", "imu/gyr_x": -0.31297709923664124, "user/angle": -0.6288949247718741, "user/throttle": 0.27218176824243906, "imu/gyr_z": 43.41984732824427}