{"imu/acl_x": 0.19393033447265623, "imu/gyr_y": -0.8473282442748091, "imu/temp": 33.09470588235294, "imu/acl_y": 1.2617442749023438, "imu/acl_z": 10.01015714111328, "user/mode": "user", "cam/image_array": "256_cam-image_array_.jpg", "imu/gyr_x": -10.969465648854962, "user/angle": 0.0, "user/throttle": 0.26877773369548635, "imu/gyr_z": -8.67175572519084}