{"imu/acl_x": -0.7302315063476562, "imu/gyr_y": -4.893129770992366, "imu/temp": 32.24764705882353, "imu/acl_y": 1.024718310546875, "imu/acl_z": 12.275071911621094, "user/mode": "user", "cam/image_array": "1258_cam-image_array_.jpg", "imu/gyr_x": -12.702290076335878, "user/angle": -0.7629322183904538, "user/throttle": 0.2755757316812647, "imu/gyr_z": 31.03053435114504}