{"imu/acl_x": 2.499546533203125, "imu/gyr_y": 12.511450381679388, "imu/temp": 32.57705882352941, "imu/acl_y": -0.5051765502929687, "imu/acl_z": 11.343727465820312, "user/mode": "user", "cam/image_array": "976_cam-image_array_.jpg", "imu/gyr_x": 4.679389312977099, "user/angle": 0.2989593188268685, "user/throttle": 0.27218176824243906, "imu/gyr_z": -8.82442748091603}