{"imu/acl_x": 3.42849677734375, "imu/gyr_y": 2.2977099236641223, "imu/temp": 32.24764705882353, "imu/acl_y": 2.1452046874999997, "imu/acl_z": 10.70686982421875, "user/mode": "user", "cam/image_array": "1288_cam-image_array_.jpg", "imu/gyr_x": -3.633587786259542, "user/angle": -0.9794305246131779, "user/throttle": 0.2755757316812647, "imu/gyr_z": 81.0381679389313}