{"imu/acl_x": -1.1133037719726562, "imu/gyr_y": 11.236641221374045, "imu/temp": 33.09470588235294, "imu/acl_y": -2.2840683837890623, "imu/acl_z": 10.529698901367187, "user/mode": "user", "cam/image_array": "320_cam-image_array_.jpg", "imu/gyr_x": 19.251908396946565, "user/angle": -1.0, "user/throttle": 0.26877773369548635, "imu/gyr_z": 59.87022900763359}