{"imu/acl_x": 3.3159692993164063, "imu/gyr_y": 6.923664122137405, "imu/temp": 32.85941176470588, "imu/acl_y": -0.5482721801757812, "imu/acl_z": 11.298237634277344, "user/mode": "user", "cam/image_array": "719_cam-image_array_.jpg", "imu/gyr_x": -4.33587786259542, "user/angle": -0.6495254371776482, "user/throttle": 0.2653736991485336, "imu/gyr_z": 33.37404580152672}