{"imu/acl_x": 1.388636962890625, "imu/gyr_y": 9.778625954198473, "imu/temp": 33.04764705882353, "imu/acl_y": 1.20667763671875, "imu/acl_z": 10.407594616699217, "user/mode": "user", "cam/image_array": "313_cam-image_array_.jpg", "imu/gyr_x": -5.091603053435114, "user/angle": -1.0, "user/throttle": 0.26877773369548635, "imu/gyr_z": 70.1145038167939}