{"imu/acl_x": -2.1739351074218747, "imu/gyr_y": 25.946564885496183, "imu/temp": 32.29470588235294, "imu/acl_y": 0.43574470214843747, "imu/acl_z": 12.363657373046875, "user/mode": "user", "cam/image_array": "1302_cam-image_array_.jpg", "imu/gyr_x": -8.16030534351145, "user/angle": -0.7010711996826074, "user/throttle": 0.2755757316812647, "imu/gyr_z": 64.58015267175573}