{"imu/acl_x": 0.04548983154296875, "imu/gyr_y": -0.015267175572519083, "imu/temp": 31.965294117647062, "imu/acl_y": 0.8499415893554687, "imu/acl_z": 12.457031237792968, "user/mode": "user", "cam/image_array": "1625_cam-image_array_.jpg", "imu/gyr_x": 3.0381679389312977, "user/angle": -0.020630512405774102, "user/throttle": 0.2755757316812647, "imu/gyr_z": 63.16030534351145}