{"imu/acl_x": -1.5658078857421873, "imu/gyr_y": -6.076335877862595, "imu/temp": 32.388823529411766, "imu/acl_y": 0.6009446166992187, "imu/acl_z": 10.20169327392578, "user/mode": "user", "cam/image_array": "1231_cam-image_array_.jpg", "imu/gyr_x": 9.274809160305344, "user/angle": -0.3505355998413037, "user/throttle": 0.2789797662282174, "imu/gyr_z": 32.152671755725194}