{"imu/acl_x": 0.20350714111328125, "imu/gyr_y": -11.16030534351145, "imu/temp": 32.341764705882355, "imu/acl_y": 0.5267243652343749, "imu/acl_z": 13.74511173095703, "user/mode": "user", "cam/image_array": "1293_cam-image_array_.jpg", "imu/gyr_x": 14.511450381679388, "user/angle": -0.9794305246131779, "user/throttle": 0.2755757316812647, "imu/gyr_z": 87.97709923664122}