{"imu/acl_x": 2.8850130004882812, "imu/gyr_y": -8.15267175572519, "imu/temp": 31.259411764705884, "imu/acl_y": -1.158793603515625, "imu/acl_z": 12.057199560546874, "user/mode": "user", "cam/image_array": "1561_cam-image_array_.jpg", "imu/gyr_x": 1.633587786259542, "user/angle": 0.7525864436780908, "user/throttle": 0.27218176824243906, "imu/gyr_z": -77.49618320610686}