{"imu/acl_x": -0.11252747802734374, "imu/gyr_y": 0.5343511450381679, "imu/temp": 32.1064705882353, "imu/acl_y": 0.8092401611328125, "imu/acl_z": 9.13627353515625, "user/mode": "user", "cam/image_array": "728_cam-image_array_.jpg", "imu/gyr_x": -9.007633587786259, "user/angle": -0.7629322183904538, "user/throttle": 0.2653736991485336, "imu/gyr_z": 54.717557251908396}