{"imu/acl_x": -0.22744915771484372, "imu/gyr_y": -8.068702290076336, "imu/temp": 32.81235294117647, "imu/acl_y": 1.0366893188476562, "imu/acl_z": 10.08677159423828, "user/mode": "user", "cam/image_array": "634_cam-image_array_.jpg", "imu/gyr_x": -13.549618320610687, "user/angle": -0.6392101809747612, "user/throttle": 0.2619696646015809, "imu/gyr_z": 10.122137404580153}