{"imu/acl_x": -0.59376201171875, "imu/gyr_y": -22.083969465648856, "imu/temp": 31.871176470588235, "imu/acl_y": 1.7429788085937499, "imu/acl_z": 8.75320126953125, "user/mode": "user", "cam/image_array": "1698_cam-image_array_.jpg", "imu/gyr_x": -13.305343511450381, "user/angle": 0.0, "user/throttle": 0.27218176824243906, "imu/gyr_z": -13.19083969465649}