{"imu/acl_x": 1.0223241088867188, "imu/gyr_y": 4.076335877862595, "imu/temp": 31.73, "imu/acl_y": 1.5466542724609373, "imu/acl_z": 9.153032946777342, "user/mode": "user", "cam/image_array": "1849_cam-image_array_.jpg", "imu/gyr_x": -16.893129770992367, "user/angle": -1.0, "user/throttle": 0.27218176824243906, "imu/gyr_z": 80.99236641221374}