{"imu/acl_x": 1.1540052001953125, "imu/gyr_y": -7.893129770992366, "imu/temp": 32.012352941176474, "imu/acl_y": 0.21787235107421873, "imu/acl_z": 12.66053837890625, "user/mode": "user", "cam/image_array": "847_cam-image_array_.jpg", "imu/gyr_x": 1.717557251908397, "user/angle": -0.6598406933805353, "user/throttle": 0.2755757316812647, "imu/gyr_z": 50.00763358778626}