{"imu/acl_x": 0.01915361328125, "imu/gyr_y": 6.175572519083969, "imu/temp": 33.04764705882353, "imu/acl_y": 1.0630255371093749, "imu/acl_z": 11.008539233398437, "user/mode": "user", "cam/image_array": "380_cam-image_array_.jpg", "imu/gyr_x": -8.931297709923664, "user/angle": -0.8144779808954131, "user/throttle": 0.2653736991485336, "imu/gyr_z": 22.198473282442748}