{"imu/acl_x": 4.608838195800781, "imu/gyr_y": -0.4351145038167939, "imu/temp": 32.43588235294118, "imu/acl_y": 0.3112462158203125, "imu/acl_z": 10.51533369140625, "user/mode": "user", "cam/image_array": "1168_cam-image_array_.jpg", "imu/gyr_x": -11.717557251908397, "user/angle": -0.9175695059053316, "user/throttle": 0.27218176824243906, "imu/gyr_z": 65.79389312977099}