{"imu/acl_x": -0.36152445068359373, "imu/gyr_y": 0.3282442748091603, "imu/temp": 32.906470588235294, "imu/acl_y": -1.2042834350585936, "imu/acl_z": 10.409988818359375, "user/mode": "user", "cam/image_array": "558_cam-image_array_.jpg", "imu/gyr_x": 7.343511450381679, "user/angle": 0.3917355876339, "user/throttle": 0.27218176824243906, "imu/gyr_z": 32.42748091603053}