{"imu/acl_x": 1.8602946899414061, "imu/gyr_y": 2.2595419847328246, "imu/temp": 31.68294117647059, "imu/acl_y": 0.5027823486328125, "imu/acl_z": 10.613495959472656, "user/mode": "user", "cam/image_array": "1792_cam-image_array_.jpg", "imu/gyr_x": 0.5038167938931297, "user/angle": -0.9484847560045168, "user/throttle": 0.27218176824243906, "imu/gyr_z": 66.20610687022901}