{"imu/acl_x": 0.6847416748046875, "imu/gyr_y": 9.694656488549619, "imu/temp": 31.965294117647062, "imu/acl_y": -1.1707646118164061, "imu/acl_z": 12.129025610351562, "user/mode": "user", "cam/image_array": "1605_cam-image_array_.jpg", "imu/gyr_x": 11.48091603053435, "user/angle": 0.0, "user/throttle": 0.27218176824243906, "imu/gyr_z": -10.992366412213741}