{"imu/acl_x": -0.3016694091796875, "imu/gyr_y": -7.633587786259542, "imu/temp": 33.09470588235294, "imu/acl_y": -0.4381389038085937, "imu/acl_z": 8.190563879394531, "user/mode": "user", "cam/image_array": "62_cam-image_array_.jpg", "imu/gyr_x": -6.969465648854962, "user/angle": -0.5670339060640278, "user/throttle": 0.27218176824243906, "imu/gyr_z": 17.9618320610687}