{"imu/acl_x": -2.7629087158203123, "imu/gyr_y": -16.259541984732824, "imu/temp": 33.00058823529412, "imu/acl_y": -0.9911994873046874, "imu/acl_z": 12.399570397949217, "user/mode": "user", "cam/image_array": "472_cam-image_array_.jpg", "imu/gyr_x": -5.595419847328245, "user/angle": 0.18555253761406293, "user/throttle": 0.2653736991485336, "imu/gyr_z": 3.717557251908397}