{"imu/acl_x": 1.8650830932617186, "imu/gyr_y": -10.969465648854962, "imu/temp": 32.906470588235294, "imu/acl_y": 1.649604943847656, "imu/acl_z": 10.64222637939453, "user/mode": "user", "cam/image_array": "549_cam-image_array_.jpg", "imu/gyr_x": -16.267175572519083, "user/angle": -1.0, "user/throttle": 0.28238380077517017, "imu/gyr_z": 67.31297709923665}