{"imu/acl_x": 0.8906430175781249, "imu/gyr_y": 10.702290076335878, "imu/temp": 32.388823529411766, "imu/acl_y": 0.36152445068359373, "imu/acl_z": 11.087547888183593, "user/mode": "user", "cam/image_array": "1215_cam-image_array_.jpg", "imu/gyr_x": 4.931297709923665, "user/angle": -1.0, "user/throttle": 0.27218176824243906, "imu/gyr_z": 64.81679389312977}