{"imu/acl_x": -0.39264907226562495, "imu/gyr_y": 6.32824427480916, "imu/temp": 33.04764705882353, "imu/acl_y": 0.3327940307617187, "imu/acl_z": 8.839392529296875, "user/mode": "user", "cam/image_array": "370_cam-image_array_.jpg", "imu/gyr_x": -8.778625954198473, "user/angle": -1.0, "user/throttle": 0.26877773369548635, "imu/gyr_z": 59.45038167938932}