{"imu/acl_x": -0.5722141967773438, "imu/gyr_y": -10.870229007633588, "imu/temp": 33.09470588235294, "imu/acl_y": 0.7206546997070312, "imu/acl_z": 9.785102185058593, "user/mode": "user", "cam/image_array": "198_cam-image_array_.jpg", "imu/gyr_x": -4.687022900763359, "user/angle": -0.5258033997619557, "user/throttle": 0.26877773369548635, "imu/gyr_z": 32.48091603053435}