{"imu/acl_x": -1.8650830932617186, "imu/gyr_y": -13.16030534351145, "imu/temp": 33.33, "imu/acl_y": 0.2825157958984375, "imu/acl_z": 10.8409451171875, "user/mode": "user", "cam/image_array": "909_cam-image_array_.jpg", "imu/gyr_x": -21.419847328244273, "user/angle": -0.20621356852931302, "user/throttle": 0.27218176824243906, "imu/gyr_z": -69.55725190839695}