{"imu/acl_x": -0.27293898925781246, "imu/gyr_y": -4.061068702290076, "imu/temp": 32.24764705882353, "imu/acl_y": -0.36152445068359373, "imu/acl_z": 11.712434521484374, "user/mode": "user", "cam/image_array": "1274_cam-image_array_.jpg", "imu/gyr_x": 2.33587786259542, "user/angle": 0.0, "user/throttle": 0.2755757316812647, "imu/gyr_z": -10.83969465648855}