{"imu/acl_x": 1.254561669921875, "imu/gyr_y": -5.251908396946565, "imu/temp": 32.71823529411765, "imu/acl_y": 0.09816226806640624, "imu/acl_z": 11.008539233398437, "user/mode": "user", "cam/image_array": "824_cam-image_array_.jpg", "imu/gyr_x": -6.458015267175573, "user/angle": -0.3196203497421186, "user/throttle": 0.2755757316812647, "imu/gyr_z": 38.45038167938932}