{"imu/acl_x": 1.7405846069335937, "imu/gyr_y": 0.183206106870229, "imu/temp": 32.059411764705885, "imu/acl_y": 1.6831237670898436, "imu/acl_z": 11.54244620361328, "user/mode": "user", "cam/image_array": "1500_cam-image_array_.jpg", "imu/gyr_x": -15.16030534351145, "user/angle": -0.061861018707846306, "user/throttle": 0.27218176824243906, "imu/gyr_z": -6.351145038167939}