{"imu/acl_x": 0.8786720092773437, "imu/gyr_y": 8.106870229007633, "imu/temp": 32.953529411764706, "imu/acl_y": 1.7525556152343749, "imu/acl_z": 10.998962426757812, "user/mode": "user", "cam/image_array": "448_cam-image_array_.jpg", "imu/gyr_x": 0.648854961832061, "user/angle": -1.0, "user/throttle": 0.26877773369548635, "imu/gyr_z": 72.74809160305344}