{"imu/acl_x": 0.6967126831054687, "imu/gyr_y": -3.877862595419847, "imu/temp": 32.24764705882353, "imu/acl_y": -0.842758984375, "imu/acl_z": 12.088324182128906, "user/mode": "user", "cam/image_array": "1379_cam-image_array_.jpg", "imu/gyr_x": -0.7786259541984732, "user/angle": 0.8247627185888241, "user/throttle": 0.27218176824243906, "imu/gyr_z": -51.11450381679389}