{"imu/acl_x": 1.4915876342773438, "imu/gyr_y": 24.442748091603054, "imu/temp": 32.059411764705885, "imu/acl_y": 0.8667010009765624, "imu/acl_z": 8.508992700195313, "user/mode": "user", "cam/image_array": "1448_cam-image_array_.jpg", "imu/gyr_x": 1.9083969465648856, "user/angle": -0.5051728873561815, "user/throttle": 0.2755757316812647, "imu/gyr_z": 33.954198473282446}