{"imu/acl_x": -1.455674609375, "imu/gyr_y": 13.244274809160306, "imu/temp": 32.341764705882355, "imu/acl_y": -0.7517793212890624, "imu/acl_z": 11.149797131347656, "user/mode": "user", "cam/image_array": "1312_cam-image_array_.jpg", "imu/gyr_x": 6.66412213740458, "user/angle": 0.2577288125247963, "user/throttle": 0.2755757316812647, "imu/gyr_z": -32.29770992366412}