{"imu/acl_x": -4.721365673828124, "imu/gyr_y": -8.213740458015268, "imu/temp": 32.671176470588236, "imu/acl_y": 1.1635820068359375, "imu/acl_z": 10.544064111328124, "user/mode": "user", "cam/image_array": "927_cam-image_array_.jpg", "imu/gyr_x": -8.98473282442748, "user/angle": -1.0, "user/throttle": 0.27218176824243906, "imu/gyr_z": 68.98473282442748}