{"imu/acl_x": 1.2665326782226562, "imu/gyr_y": 0.7099236641221374, "imu/temp": 32.059411764705885, "imu/acl_y": 1.7621324218749999, "imu/acl_z": 11.571176623535155, "user/mode": "user", "cam/image_array": "768_cam-image_array_.jpg", "imu/gyr_x": -11.50381679389313, "user/angle": -1.0, "user/throttle": 0.2653736991485336, "imu/gyr_z": 66.29007633587786}