{"imu/acl_x": 1.7357962036132812, "imu/gyr_y": -7.488549618320611, "imu/temp": 32.57705882352941, "imu/acl_y": -1.8171990600585937, "imu/acl_z": 8.894459167480468, "user/mode": "user", "cam/image_array": "1045_cam-image_array_.jpg", "imu/gyr_x": 2.6412213740458017, "user/angle": 0.0, "user/throttle": 0.27218176824243906, "imu/gyr_z": -7.198473282442748}