{"imu/acl_x": -0.8547299926757812, "imu/gyr_y": -1.9770992366412214, "imu/temp": 33.04764705882353, "imu/acl_y": 0.14125789794921875, "imu/acl_z": 11.939883679199218, "user/mode": "user", "cam/image_array": "151_cam-image_array_.jpg", "imu/gyr_x": -2.2519083969465647, "user/angle": -1.0, "user/throttle": 0.26877773369548635, "imu/gyr_z": 57.16030534351145}