{"imu/acl_x": 0.5770026000976562, "imu/gyr_y": -20.458015267175572, "imu/temp": 32.671176470588236, "imu/acl_y": -0.4333505004882812, "imu/acl_z": 7.766790185546874, "user/mode": "user", "cam/image_array": "1554_cam-image_array_.jpg", "imu/gyr_x": -6.648854961832061, "user/angle": 0.49485763115329445, "user/throttle": 0.2755757316812647, "imu/gyr_z": -14.007633587786259}