{"imu/acl_x": 1.62805712890625, "imu/gyr_y": -1.8396946564885497, "imu/temp": 31.259411764705884, "imu/acl_y": 0.181959326171875, "imu/acl_z": 11.391611499023437, "user/mode": "user", "cam/image_array": "1642_cam-image_array_.jpg", "imu/gyr_x": 10.82442748091603, "user/angle": -0.597979674672689, "user/throttle": 0.2755757316812647, "imu/gyr_z": 55.66412213740458}