{"imu/acl_x": 0.34715924072265625, "imu/gyr_y": 0.20610687022900764, "imu/temp": 32.953529411764706, "imu/acl_y": 0.07422025146484375, "imu/acl_z": 9.79946739501953, "user/mode": "user", "cam/image_array": "10_cam-image_array_.jpg", "imu/gyr_x": -3.2900763358778624, "user/angle": 0.0, "user/throttle": 0.30960600604266486, "imu/gyr_z": -1.381679389312977}