{"imu/acl_x": 0.14125789794921875, "imu/gyr_y": -6.755725190839694, "imu/temp": 32.953529411764706, "imu/acl_y": -0.2442085693359375, "imu/acl_z": 11.899182250976562, "user/mode": "user", "cam/image_array": "506_cam-image_array_.jpg", "imu/gyr_x": 1.8396946564885497, "user/angle": -0.2989898373363445, "user/throttle": 0.22794946134830776, "imu/gyr_z": 38.70992366412214}