{"imu/acl_x": -1.6448165405273436, "imu/gyr_y": 2.648854961832061, "imu/temp": 32.953529411764706, "imu/acl_y": 0.8547299926757812, "imu/acl_z": 10.189722265624999, "user/mode": "user", "cam/image_array": "365_cam-image_array_.jpg", "imu/gyr_x": -2.2061068702290076, "user/angle": -1.0, "user/throttle": 0.2653736991485336, "imu/gyr_z": 68.52671755725191}