{"imu/acl_x": 1.4963760375976562, "imu/gyr_y": 7.9465648854961835, "imu/temp": 32.48294117647059, "imu/acl_y": 1.1444283935546875, "imu/acl_z": 10.484209069824217, "user/mode": "user", "cam/image_array": "1130_cam-image_array_.jpg", "imu/gyr_x": -7.267175572519084, "user/angle": -0.7629322183904538, "user/throttle": 0.27218176824243906, "imu/gyr_z": 55.61068702290076}