{"imu/acl_x": 2.2361843505859373, "imu/gyr_y": 8.083969465648854, "imu/temp": 32.624117647058824, "imu/acl_y": 1.8219874633789062, "imu/acl_z": 13.067552661132812, "user/mode": "user", "cam/image_array": "892_cam-image_array_.jpg", "imu/gyr_x": 3.4580152671755724, "user/angle": -0.804162724692526, "user/throttle": 0.2755757316812647, "imu/gyr_z": 76.8473282442748}