{"imu/acl_x": 1.4604630126953124, "imu/gyr_y": 27.84732824427481, "imu/temp": 31.824117647058824, "imu/acl_y": -0.7900865478515624, "imu/acl_z": 11.863269226074218, "user/mode": "user", "cam/image_array": "1809_cam-image_array_.jpg", "imu/gyr_x": -16.87786259541985, "user/angle": -0.17526779992065186, "user/throttle": 0.27218176824243906, "imu/gyr_z": -8.053435114503817}