{"imu/acl_x": 2.499546533203125, "imu/gyr_y": 21.022900763358777, "imu/temp": 32.53, "imu/acl_y": 0.25139117431640623, "imu/acl_z": 10.972626208496093, "user/mode": "user", "cam/image_array": "1077_cam-image_array_.jpg", "imu/gyr_x": 0.6793893129770993, "user/angle": 0.0, "user/throttle": 0.27218176824243906, "imu/gyr_z": -8.030534351145038}