{"imu/acl_x": 0.30885201416015623, "imu/gyr_y": 14.854961832061068, "imu/temp": 32.20058823529412, "imu/acl_y": 0.5602431884765625, "imu/acl_z": 11.458649145507811, "user/mode": "user", "cam/image_array": "1429_cam-image_array_.jpg", "imu/gyr_x": -0.9923664122137404, "user/angle": -0.2577593310342723, "user/throttle": 0.2755757316812647, "imu/gyr_z": 55.00763358778626}