{"imu/acl_x": -1.1444283935546875, "imu/gyr_y": 12.549618320610687, "imu/temp": 33.00058823529412, "imu/acl_y": -0.239420166015625, "imu/acl_z": 8.815450512695312, "user/mode": "user", "cam/image_array": "136_cam-image_array_.jpg", "imu/gyr_x": 2.1526717557251906, "user/angle": -1.0, "user/throttle": 0.26877773369548635, "imu/gyr_z": 57.404580152671755}