{"imu/acl_x": -1.4820108276367188, "imu/gyr_y": 12.17557251908397, "imu/temp": 32.20058823529412, "imu/acl_y": -0.948103857421875, "imu/acl_z": 9.70369932861328, "user/mode": "user", "cam/image_array": "1493_cam-image_array_.jpg", "imu/gyr_x": 5.297709923664122, "user/angle": 0.45359660634174626, "user/throttle": 0.27218176824243906, "imu/gyr_z": -51.87786259541985}