{"imu/acl_x": 0.5602431884765625, "imu/gyr_y": -17.595419847328245, "imu/temp": 32.012352941176474, "imu/acl_y": -0.6943184814453125, "imu/acl_z": 8.930372192382812, "user/mode": "user", "cam/image_array": "1599_cam-image_array_.jpg", "imu/gyr_x": 1.251908396946565, "user/angle": -0.05157628101443525, "user/throttle": 0.2755757316812647, "imu/gyr_z": 57.58015267175573}