{"imu/acl_x": -1.5801730957031248, "imu/gyr_y": 8.244274809160306, "imu/temp": 31.824117647058824, "imu/acl_y": -0.7398083129882812, "imu/acl_z": 7.017405065917968, "user/mode": "user", "cam/image_array": "1690_cam-image_array_.jpg", "imu/gyr_x": 4.931297709923665, "user/angle": -0.8763389996032593, "user/throttle": 0.2755757316812647, "imu/gyr_z": 75.06870229007633}