{"imu/acl_x": -0.6081272216796875, "imu/gyr_y": -8.717557251908397, "imu/temp": 32.43588235294118, "imu/acl_y": 0.33758243408203126, "imu/acl_z": 10.330980163574218, "user/mode": "user", "cam/image_array": "1155_cam-image_array_.jpg", "imu/gyr_x": -5.938931297709924, "user/angle": -0.5773491622669149, "user/throttle": 0.27218176824243906, "imu/gyr_z": 17.213740458015266}