{"imu/acl_x": 1.7477672119140624, "imu/gyr_y": 6.473282442748092, "imu/temp": 33.18882352941176, "imu/acl_y": 0.7805097412109374, "imu/acl_z": 8.796296899414061, "user/mode": "user", "cam/image_array": "187_cam-image_array_.jpg", "imu/gyr_x": -13.687022900763358, "user/angle": -0.45362712485122225, "user/throttle": 0.26877773369548635, "imu/gyr_z": 41.282442748091604}