{"imu/acl_x": 0.040701428222656245, "imu/gyr_y": -8.511450381679388, "imu/temp": 31.91823529411765, "imu/acl_y": -0.09337386474609374, "imu/acl_z": 11.79144317626953, "user/mode": "user", "cam/image_array": "1627_cam-image_array_.jpg", "imu/gyr_x": -0.8320610687022901, "user/angle": 0.0, "user/throttle": 0.2755757316812647, "imu/gyr_z": 3.6030534351145036}