{"imu/acl_x": -0.19153613281249998, "imu/gyr_y": 2.183206106870229, "imu/temp": 31.306470588235296, "imu/acl_y": 0.3232172241210937, "imu/acl_z": 12.89038173828125, "user/mode": "user", "cam/image_array": "1559_cam-image_array_.jpg", "imu/gyr_x": 3.786259541984733, "user/angle": 0.7319559312723166, "user/throttle": 0.2755757316812647, "imu/gyr_z": -75.55725190839695}