{"imu/acl_x": 0.8714894042968749, "imu/gyr_y": 29.442748091603054, "imu/temp": 32.624117647058824, "imu/acl_y": 0.6296750366210937, "imu/acl_z": 10.04846436767578, "user/mode": "user", "cam/image_array": "880_cam-image_array_.jpg", "imu/gyr_x": 13.099236641221374, "user/angle": -0.8453932309945982, "user/throttle": 0.2755757316812647, "imu/gyr_z": 75.19847328244275}