{"imu/acl_x": -0.8690952026367187, "imu/gyr_y": -3.480916030534351, "imu/temp": 32.059411764705885, "imu/acl_y": 1.7932570434570312, "imu/acl_z": 10.359710583496094, "user/mode": "user", "cam/image_array": "755_cam-image_array_.jpg", "imu/gyr_x": -7.801526717557252, "user/angle": -0.8350779747917112, "user/throttle": 0.2653736991485336, "imu/gyr_z": 58.12213740458015}