{"imu/acl_x": -1.4532804077148436, "imu/gyr_y": -18.091603053435115, "imu/temp": 31.777058823529412, "imu/acl_y": 1.3646949462890625, "imu/acl_z": 9.804255798339844, "user/mode": "user", "cam/image_array": "1765_cam-image_array_.jpg", "imu/gyr_x": -7.206106870229007, "user/angle": -1.0, "user/throttle": 0.27218176824243906, "imu/gyr_z": 59.50381679389313}