{"imu/acl_x": -2.013523596191406, "imu/gyr_y": -15.587786259541986, "imu/temp": 31.871176470588235, "imu/acl_y": 1.6160861206054686, "imu/acl_z": 12.854468713378905, "user/mode": "user", "cam/image_array": "1691_cam-image_array_.jpg", "imu/gyr_x": -6.9465648854961835, "user/angle": -0.8763389996032593, "user/throttle": 0.2755757316812647, "imu/gyr_z": 75.98473282442748}