{"imu/acl_x": -0.8475473876953125, "imu/gyr_y": 10.854961832061068, "imu/temp": 32.953529411764706, "imu/acl_y": 0.51714755859375, "imu/acl_z": 11.79144317626953, "user/mode": "user", "cam/image_array": "682_cam-image_array_.jpg", "imu/gyr_x": 3.450381679389313, "user/angle": -1.0, "user/throttle": 0.2653736991485336, "imu/gyr_z": 64.65648854961832}