{"imu/acl_x": -1.4628572143554686, "imu/gyr_y": -10.893129770992367, "imu/temp": 33.00058823529412, "imu/acl_y": 2.1978771240234374, "imu/acl_z": 10.666168395996094, "user/mode": "user", "cam/image_array": "458_cam-image_array_.jpg", "imu/gyr_x": 4.290076335877862, "user/angle": -1.0, "user/throttle": 0.26877773369548635, "imu/gyr_z": 69.6412213740458}