{"imu/acl_x": -1.4101847778320311, "imu/gyr_y": 9.969465648854962, "imu/temp": 32.1064705882353, "imu/acl_y": 1.8555062866210936, "imu/acl_z": 9.6917283203125, "user/mode": "user", "cam/image_array": "1470_cam-image_array_.jpg", "imu/gyr_x": -7.374045801526718, "user/angle": -0.783532212286752, "user/throttle": 0.2755757316812647, "imu/gyr_z": 70.33587786259542}