{"imu/acl_x": -1.5442600708007812, "imu/gyr_y": 1.083969465648855, "imu/temp": 32.624117647058824, "imu/acl_y": 0.8930372192382812, "imu/acl_z": 11.698069311523437, "user/mode": "user", "cam/image_array": "763_cam-image_array_.jpg", "imu/gyr_x": -1.9618320610687023, "user/angle": -1.0, "user/throttle": 0.2653736991485336, "imu/gyr_z": 67.7175572519084}