{"imu/acl_x": -0.8355763793945312, "imu/gyr_y": -5.129770992366412, "imu/temp": 33.04764705882353, "imu/acl_y": -0.9193734375, "imu/acl_z": 11.61906065673828, "user/mode": "user", "cam/image_array": "252_cam-image_array_.jpg", "imu/gyr_x": 1.7328244274809161, "user/angle": 0.0, "user/throttle": 0.2653736991485336, "imu/gyr_z": -2.4732824427480917}