{"imu/acl_x": 1.908178723144531, "imu/gyr_y": 1.6946564885496183, "imu/temp": 33.09470588235294, "imu/acl_y": 1.5729904907226562, "imu/acl_z": 8.01818135986328, "user/mode": "user", "cam/image_array": "413_cam-image_array_.jpg", "imu/gyr_x": -8.13740458015267, "user/angle": -0.13403729361857966, "user/throttle": 0.2653736991485336, "imu/gyr_z": 39.79389312977099}