{"imu/acl_x": 0.09816226806640624, "imu/gyr_y": 6.221374045801527, "imu/temp": 33.00058823529412, "imu/acl_y": 2.741360900878906, "imu/acl_z": 8.99501563720703, "user/mode": "user", "cam/image_array": "361_cam-image_array_.jpg", "imu/gyr_x": -6.793893129770993, "user/angle": -1.0, "user/throttle": 0.26877773369548635, "imu/gyr_z": 68.46564885496183}