{"imu/acl_x": -0.3591302490234375, "imu/gyr_y": 15.633587786259541, "imu/temp": 31.871176470588235, "imu/acl_y": 2.001552587890625, "imu/acl_z": 7.654262707519531, "user/mode": "user", "cam/image_array": "1647_cam-image_array_.jpg", "imu/gyr_x": -9.022900763358779, "user/angle": -1.0, "user/throttle": 0.2755757316812647, "imu/gyr_z": 94.52671755725191}