{"imu/acl_x": 2.085349645996094, "imu/gyr_y": 19.931297709923665, "imu/temp": 32.624117647058824, "imu/acl_y": 0.1005564697265625, "imu/acl_z": 9.562441430664062, "user/mode": "user", "cam/image_array": "878_cam-image_array_.jpg", "imu/gyr_x": -5.5038167938931295, "user/angle": -0.8350779747917112, "user/throttle": 0.2755757316812647, "imu/gyr_z": 78.10687022900764}