{"imu/acl_x": -0.11252747802734374, "imu/gyr_y": 4.427480916030534, "imu/temp": 32.71823529411765, "imu/acl_y": 0.7230489013671875, "imu/acl_z": 8.573636145019531, "user/mode": "user", "cam/image_array": "1606_cam-image_array_.jpg", "imu/gyr_x": -13.068702290076336, "user/angle": -0.09280678731650746, "user/throttle": 0.2755757316812647, "imu/gyr_z": -12.488549618320612}