{"imu/acl_x": -0.2705447875976562, "imu/gyr_y": 9.83206106870229, "imu/temp": 33.14176470588235, "imu/acl_y": 1.0223241088867188, "imu/acl_z": 10.972626208496093, "user/mode": "user", "cam/image_array": "135_cam-image_array_.jpg", "imu/gyr_x": -3.0610687022900764, "user/angle": -1.0, "user/throttle": 0.27218176824243906, "imu/gyr_z": 58.87022900763359}