{"imu/acl_x": -2.375048046875, "imu/gyr_y": 13.572519083969466, "imu/temp": 33.47117647058823, "imu/acl_y": 0.9097966308593749, "imu/acl_z": 8.671798413085938, "user/mode": "user", "cam/image_array": "893_cam-image_array_.jpg", "imu/gyr_x": 4.099236641221374, "user/angle": -0.7113864558854945, "user/throttle": 0.2755757316812647, "imu/gyr_z": 70.52671755725191}