{"imu/acl_x": -1.2832920898437499, "imu/gyr_y": 12.633587786259541, "imu/temp": 33.09470588235294, "imu/acl_y": 1.1228805786132812, "imu/acl_z": 11.865663427734374, "user/mode": "user", "cam/image_array": "96_cam-image_array_.jpg", "imu/gyr_x": -7.1679389312977095, "user/angle": -1.0, "user/throttle": 0.27218176824243906, "imu/gyr_z": 49.70229007633588}