{"imu/acl_x": -1.2785036865234374, "imu/gyr_y": -27.328244274809162, "imu/temp": 32.953529411764706, "imu/acl_y": -0.373495458984375, "imu/acl_z": 8.935160595703124, "user/mode": "user", "cam/image_array": "545_cam-image_array_.jpg", "imu/gyr_x": -13.992366412213741, "user/angle": -0.8350779747917112, "user/throttle": 0.2857878353221229, "imu/gyr_z": 49.099236641221374}