{"imu/acl_x": -0.24181436767578124, "imu/gyr_y": -18.236641221374047, "imu/temp": 32.624117647058824, "imu/acl_y": 1.0127473022460938, "imu/acl_z": 7.809885815429687, "user/mode": "user", "cam/image_array": "938_cam-image_array_.jpg", "imu/gyr_x": -11.435114503816793, "user/angle": 0.2783288064210944, "user/throttle": 0.27218176824243906, "imu/gyr_z": -28.603053435114504}