{"imu/acl_x": 0.6847416748046875, "imu/gyr_y": 13.442748091603054, "imu/temp": 31.73, "imu/acl_y": 0.8283937744140625, "imu/acl_z": 9.074024291992187, "user/mode": "user", "cam/image_array": "1827_cam-image_array_.jpg", "imu/gyr_x": 2.0229007633587788, "user/angle": -0.32993560594500565, "user/throttle": 0.2755757316812647, "imu/gyr_z": 17.46564885496183}