{"imu/acl_x": 0.5817910034179687, "imu/gyr_y": -1.633587786259542, "imu/temp": 32.624117647058824, "imu/acl_y": 1.1468225952148436, "imu/acl_z": 9.320627062988281, "user/mode": "user", "cam/image_array": "950_cam-image_array_.jpg", "imu/gyr_x": -11.587786259541986, "user/angle": -1.0, "user/throttle": 0.27218176824243906, "imu/gyr_z": 65.90839694656489}