{"imu/acl_x": -1.608903515625, "imu/gyr_y": -3.9160305343511452, "imu/temp": 32.388823529411766, "imu/acl_y": 1.6831237670898436, "imu/acl_z": 12.631807958984375, "user/mode": "user", "cam/image_array": "1178_cam-image_array_.jpg", "imu/gyr_x": 5.587786259541985, "user/angle": -1.0, "user/throttle": 0.27218176824243906, "imu/gyr_z": 68.25954198473282}