{"imu/acl_x": -0.13407529296874998, "imu/gyr_y": -0.10687022900763359, "imu/temp": 33.14176470588235, "imu/acl_y": 0.7398083129882812, "imu/acl_z": 11.5304751953125, "user/mode": "user", "cam/image_array": "270_cam-image_array_.jpg", "imu/gyr_x": -11.16030534351145, "user/angle": -0.49488814966277045, "user/throttle": 0.26877773369548635, "imu/gyr_z": 32.37404580152672}