{"imu/acl_x": 0.40222587890625, "imu/gyr_y": -3.549618320610687, "imu/temp": 33.00058823529412, "imu/acl_y": 0.7326257080078125, "imu/acl_z": 9.775525378417969, "user/mode": "user", "cam/image_array": "517_cam-image_array_.jpg", "imu/gyr_x": -9.412213740458014, "user/angle": -0.618579668568987, "user/throttle": 0.22454542680135503, "imu/gyr_z": 24.541984732824428}