{"imu/acl_x": 1.8315642700195311, "imu/gyr_y": 11.038167938931299, "imu/temp": 32.012352941176474, "imu/acl_y": -0.6655880615234374, "imu/acl_z": 10.110713610839843, "user/mode": "user", "cam/image_array": "1553_cam-image_array_.jpg", "imu/gyr_x": -10.992366412213741, "user/angle": 0.2783288064210944, "user/throttle": 0.2755757316812647, "imu/gyr_z": 31.595419847328245}