{"imu/acl_x": 1.3742717529296875, "imu/gyr_y": 5.099236641221374, "imu/temp": 32.81235294117647, "imu/acl_y": 0.5602431884765625, "imu/acl_z": 7.953537915039062, "user/mode": "user", "cam/image_array": "699_cam-image_array_.jpg", "imu/gyr_x": -6.396946564885496, "user/angle": 0.0, "user/throttle": 0.2653736991485336, "imu/gyr_z": -9.450381679389313}