{"imu/acl_x": -2.389413256835937, "imu/gyr_y": -10.763358778625955, "imu/temp": 32.671176470588236, "imu/acl_y": -0.0430956298828125, "imu/acl_z": 9.17458076171875, "user/mode": "user", "cam/image_array": "871_cam-image_array_.jpg", "imu/gyr_x": -4.1603053435114505, "user/angle": -0.28867458113345745, "user/throttle": 0.2755757316812647, "imu/gyr_z": 22.374045801526716}