{"imu/acl_x": 2.109291662597656, "imu/gyr_y": 3.0916030534351147, "imu/temp": 33.14176470588235, "imu/acl_y": 0.41419688720703124, "imu/acl_z": 10.127473022460936, "user/mode": "user", "cam/image_array": "185_cam-image_array_.jpg", "imu/gyr_x": 3.312977099236641, "user/angle": -0.7319864497817926, "user/throttle": 0.2653736991485336, "imu/gyr_z": 39.3587786259542}