{"imu/acl_x": -1.158793603515625, "imu/gyr_y": 3.099236641221374, "imu/temp": 33.09470588235294, "imu/acl_y": -1.2761094848632812, "imu/acl_z": 10.81460889892578, "user/mode": "user", "cam/image_array": "109_cam-image_array_.jpg", "imu/gyr_x": 8.061068702290076, "user/angle": 0.6700949125644704, "user/throttle": 0.26877773369548635, "imu/gyr_z": -49.82442748091603}