{"imu/acl_x": 0.7685387329101562, "imu/gyr_y": 14.877862595419847, "imu/temp": 32.24764705882353, "imu/acl_y": 0.20350714111328125, "imu/acl_z": 9.785102185058593, "user/mode": "user", "cam/image_array": "1350_cam-image_array_.jpg", "imu/gyr_x": 5.526717557251908, "user/angle": -1.0, "user/throttle": 0.2755757316812647, "imu/gyr_z": 78.12213740458016}