{"imu/acl_x": -1.5921441040039062, "imu/gyr_y": -10.549618320610687, "imu/temp": 33.00058823529412, "imu/acl_y": -0.4381389038085937, "imu/acl_z": 14.53040987548828, "user/mode": "user", "cam/image_array": "439_cam-image_array_.jpg", "imu/gyr_x": 0.42748091603053434, "user/angle": -0.391766106143376, "user/throttle": 0.26877773369548635, "imu/gyr_z": 17.870229007633586}