{"imu/acl_x": -1.216254443359375, "imu/gyr_y": 0.022900763358778626, "imu/temp": 31.965294117647062, "imu/acl_y": 3.3686417358398435, "imu/acl_z": 12.057199560546874, "user/mode": "user", "cam/image_array": "1534_cam-image_array_.jpg", "imu/gyr_x": -13.969465648854962, "user/angle": -0.9175695059053316, "user/throttle": 0.2755757316812647, "imu/gyr_z": 65.54961832061069}