{"imu/acl_x": 3.21780703125, "imu/gyr_y": -7.221374045801527, "imu/temp": 32.15352941176471, "imu/acl_y": 1.2569558715820313, "imu/acl_z": 10.675745202636719, "user/mode": "user", "cam/image_array": "1476_cam-image_array_.jpg", "imu/gyr_x": 1.0458015267175573, "user/angle": -1.0, "user/throttle": 0.2755757316812647, "imu/gyr_z": 96.69465648854961}