{"imu/acl_x": -0.19393033447265623, "imu/gyr_y": -15.297709923664122, "imu/temp": 32.85941176470588, "imu/acl_y": 1.0797849487304687, "imu/acl_z": 7.970297326660156, "user/mode": "user", "cam/image_array": "670_cam-image_array_.jpg", "imu/gyr_x": -16.419847328244273, "user/angle": -0.7732474745933409, "user/throttle": 0.2619696646015809, "imu/gyr_z": 42.0}