{"imu/acl_x": -0.35673604736328124, "imu/gyr_y": 0.09923664122137404, "imu/temp": 32.71823529411765, "imu/acl_y": 0.47884033203125, "imu/acl_z": 9.871293444824218, "user/mode": "user", "cam/image_array": "883_cam-image_array_.jpg", "imu/gyr_x": -1.5190839694656488, "user/angle": -0.8453932309945982, "user/throttle": 0.2755757316812647, "imu/gyr_z": 72.31297709923665}