{"imu/acl_x": 0.5339069702148437, "imu/gyr_y": 5.0534351145038165, "imu/temp": 31.777058823529412, "imu/acl_y": 1.695094775390625, "imu/acl_z": 9.143456140136719, "user/mode": "user", "cam/image_array": "1851_cam-image_array_.jpg", "imu/gyr_x": -18.53435114503817, "user/angle": -0.5154881435590686, "user/throttle": 0.27218176824243906, "imu/gyr_z": 80.6412213740458}