{"imu/acl_x": 0.3758896606445312, "imu/gyr_y": 7.213740458015267, "imu/temp": 33.14176470588235, "imu/acl_y": 0.3854664672851562, "imu/acl_z": 8.295908752441406, "user/mode": "user", "cam/image_array": "250_cam-image_array_.jpg", "imu/gyr_x": -4.854961832061068, "user/angle": -0.030945768608661155, "user/throttle": 0.26877773369548635, "imu/gyr_z": 15.48091603053435}