{"imu/acl_x": -0.15562310791015624, "imu/gyr_y": 13.274809160305344, "imu/temp": 32.48294117647059, "imu/acl_y": 0.6775590698242188, "imu/acl_z": 10.647014782714843, "user/mode": "user", "cam/image_array": "949_cam-image_array_.jpg", "imu/gyr_x": 3.3282442748091605, "user/angle": -1.0, "user/throttle": 0.27218176824243906, "imu/gyr_z": 63.23664122137404}