{"imu/acl_x": 0.4381389038085937, "imu/gyr_y": -3.3435114503816794, "imu/temp": 32.29470588235294, "imu/acl_y": 3.0526071166992184, "imu/acl_z": 9.514557397460937, "user/mode": "user", "cam/image_array": "1370_cam-image_array_.jpg", "imu/gyr_x": -18.419847328244273, "user/angle": -1.0, "user/throttle": 0.2755757316812647, "imu/gyr_z": 74.3969465648855}