{"imu/acl_x": -1.5227122558593749, "imu/gyr_y": -0.16030534351145037, "imu/temp": 31.824117647058824, "imu/acl_y": 1.4891934326171874, "imu/acl_z": 9.710881933593749, "user/mode": "user", "cam/image_array": "1832_cam-image_array_.jpg", "imu/gyr_x": -7.267175572519084, "user/angle": -1.0, "user/throttle": 0.27218176824243906, "imu/gyr_z": 58.85496183206107}