{"imu/acl_x": -1.3239935180664062, "imu/gyr_y": 4.923664122137405, "imu/temp": 32.53, "imu/acl_y": 1.3024457031249999, "imu/acl_z": 10.433930834960936, "user/mode": "user", "cam/image_array": "1131_cam-image_array_.jpg", "imu/gyr_x": -1.381679389312977, "user/angle": -0.7629322183904538, "user/throttle": 0.27218176824243906, "imu/gyr_z": 62.35114503816794}