{"imu/acl_x": -5.437231970214843, "imu/gyr_y": -12.488549618320612, "imu/temp": 32.76529411764706, "imu/acl_y": 1.5346832641601562, "imu/acl_z": 8.8489693359375, "user/mode": "user", "cam/image_array": "745_cam-image_array_.jpg", "imu/gyr_x": -13.564885496183207, "user/angle": -0.7526169621875668, "user/throttle": 0.2653736991485336, "imu/gyr_z": 48.20610687022901}