{"imu/acl_x": -0.44532150878906246, "imu/gyr_y": 0.8244274809160306, "imu/temp": 32.341764705882355, "imu/acl_y": 0.06703764648437499, "imu/acl_z": 9.354145886230468, "user/mode": "user", "cam/image_array": "1237_cam-image_array_.jpg", "imu/gyr_x": 5.877862595419847, "user/angle": -0.8660237434003724, "user/throttle": 0.2789797662282174, "imu/gyr_z": 54.404580152671755}