{"imu/acl_x": -0.9409212524414062, "imu/gyr_y": 5.145038167938932, "imu/temp": 32.76529411764706, "imu/acl_y": 0.9648632690429687, "imu/acl_z": 8.851363537597656, "user/mode": "user", "cam/image_array": "849_cam-image_array_.jpg", "imu/gyr_x": -1.9236641221374047, "user/angle": -0.6392101809747612, "user/throttle": 0.2755757316812647, "imu/gyr_z": 50.61068702290076}