{"imu/acl_x": 1.2689268798828124, "imu/gyr_y": 2.9770992366412212, "imu/temp": 32.53, "imu/acl_y": -0.47884033203125, "imu/acl_z": 9.172186560058593, "user/mode": "user", "cam/image_array": "1043_cam-image_array_.jpg", "imu/gyr_x": 3.3206106870229006, "user/angle": 0.0, "user/throttle": 0.27218176824243906, "imu/gyr_z": -7.99236641221374}