{"imu/acl_x": -0.5817910034179687, "imu/gyr_y": 6.213740458015267, "imu/temp": 32.85941176470588, "imu/acl_y": 0.33039982910156246, "imu/acl_z": 10.608707556152343, "user/mode": "user", "cam/image_array": "680_cam-image_array_.jpg", "imu/gyr_x": 5.648854961832061, "user/angle": -1.0, "user/throttle": 0.2653736991485336, "imu/gyr_z": 56.00763358778626}