{"imu/acl_x": -1.70467158203125, "imu/gyr_y": -0.03816793893129771, "imu/temp": 32.57705882352941, "imu/acl_y": 0.9959878906249999, "imu/acl_z": 8.973467822265624, "user/mode": "user", "cam/image_array": "930_cam-image_array_.jpg", "imu/gyr_x": 0.29770992366412213, "user/angle": -0.7526169621875668, "user/throttle": 0.27218176824243906, "imu/gyr_z": 64.56488549618321}