{"imu/acl_x": -2.1619640991210938, "imu/gyr_y": -7.702290076335878, "imu/temp": 33.09470588235294, "imu/acl_y": 1.2282254516601563, "imu/acl_z": 11.961431494140625, "user/mode": "user", "cam/image_array": "134_cam-image_array_.jpg", "imu/gyr_x": -5.893129770992366, "user/angle": -1.0, "user/throttle": 0.26877773369548635, "imu/gyr_z": 56.6793893129771}