{"imu/acl_x": -0.02154781494140625, "imu/gyr_y": -3.3969465648854964, "imu/temp": 32.57705882352941, "imu/acl_y": 2.0446482177734375, "imu/acl_z": 11.324573852539062, "user/mode": "user", "cam/image_array": "1011_cam-image_array_.jpg", "imu/gyr_x": -9.900763358778626, "user/angle": -1.0, "user/throttle": 0.27218176824243906, "imu/gyr_z": 66.19083969465649}