{"imu/acl_x": 1.9129671264648436, "imu/gyr_y": 10.091603053435115, "imu/temp": 32.85941176470588, "imu/acl_y": -0.09816226806640624, "imu/acl_z": 9.672574707031249, "user/mode": "user", "cam/image_array": "597_cam-image_array_.jpg", "imu/gyr_x": -3.3053435114503817, "user/angle": -0.2577593310342723, "user/throttle": 0.2619696646015809, "imu/gyr_z": 2.0}