{"imu/acl_x": 1.6232687255859375, "imu/gyr_y": -5.106870229007634, "imu/temp": 33.09470588235294, "imu/acl_y": 1.2282254516601563, "imu/acl_z": 10.168174450683592, "user/mode": "user", "cam/image_array": "141_cam-image_array_.jpg", "imu/gyr_x": -4.3893129770992365, "user/angle": -1.0, "user/throttle": 0.26877773369548635, "imu/gyr_z": 58.38931297709924}