{"imu/acl_x": -1.0342951171875, "imu/gyr_y": -12.534351145038167, "imu/temp": 31.777058823529412, "imu/acl_y": 2.9472622436523435, "imu/acl_z": 12.677297790527343, "user/mode": "user", "cam/image_array": "1842_cam-image_array_.jpg", "imu/gyr_x": -12.931297709923664, "user/angle": -1.0, "user/throttle": 0.27218176824243906, "imu/gyr_z": 83.54961832061069}