{"imu/acl_x": 0.3687070556640625, "imu/gyr_y": 0.6412213740458015, "imu/temp": 32.15352941176471, "imu/acl_y": 1.8100164550781248, "imu/acl_z": 9.9981861328125, "user/mode": "user", "cam/image_array": "1449_cam-image_array_.jpg", "imu/gyr_x": -6.442748091603053, "user/angle": -0.49488814966277045, "user/throttle": 0.2755757316812647, "imu/gyr_z": 46.86259541984733}