{"imu/acl_x": -0.3687070556640625, "imu/gyr_y": -2.4580152671755724, "imu/temp": 33.09470588235294, "imu/acl_y": 0.7206546997070312, "imu/acl_z": 10.220846887207031, "user/mode": "user", "cam/image_array": "460_cam-image_array_.jpg", "imu/gyr_x": 8.290076335877863, "user/angle": -1.0, "user/throttle": 0.26877773369548635, "imu/gyr_z": 72.05343511450381}