{"imu/acl_x": -0.7829039428710937, "imu/gyr_y": 5.641221374045801, "imu/temp": 31.824117647058824, "imu/acl_y": 0.5099649536132812, "imu/acl_z": 8.434772448730468, "user/mode": "user", "cam/image_array": "1822_cam-image_array_.jpg", "imu/gyr_x": -4.893129770992366, "user/angle": -0.010315256202887051, "user/throttle": 0.27218176824243906, "imu/gyr_z": -8.183206106870228}