{"imu/acl_x": -0.603338818359375, "imu/gyr_y": 0.366412213740458, "imu/temp": 31.91823529411765, "imu/acl_y": 1.8435352783203125, "imu/acl_z": 9.126696728515624, "user/mode": "user", "cam/image_array": "1654_cam-image_array_.jpg", "imu/gyr_x": -2.763358778625954, "user/angle": -1.0, "user/throttle": 0.2755757316812647, "imu/gyr_z": 101.09160305343511}