{"imu/acl_x": 0.8451531860351562, "imu/gyr_y": -4.900763358778626, "imu/temp": 32.388823529411766, "imu/acl_y": -1.3024457031249999, "imu/acl_z": 9.871293444824218, "user/mode": "user", "cam/image_array": "1194_cam-image_array_.jpg", "imu/gyr_x": -3.145038167938931, "user/angle": 1.0, "user/throttle": 0.26877773369548635, "imu/gyr_z": -81.38167938931298}