{"imu/acl_x": 4.180276098632812, "imu/gyr_y": 17.30534351145038, "imu/temp": 31.259411764705884, "imu/acl_y": -1.1875240234375, "imu/acl_z": 6.157886669921875, "user/mode": "user", "cam/image_array": "1577_cam-image_array_.jpg", "imu/gyr_x": 9.351145038167939, "user/angle": -1.0, "user/throttle": 0.2755757316812647, "imu/gyr_z": 84.64885496183206}