{"imu/acl_x": -0.59376201171875, "imu/gyr_y": 1.0229007633587786, "imu/temp": 32.906470588235294, "imu/acl_y": 0.5363011718749999, "imu/acl_z": 9.545682019042967, "user/mode": "user", "cam/image_array": "590_cam-image_array_.jpg", "imu/gyr_x": 12.030534351145038, "user/angle": -1.0, "user/throttle": 0.2619696646015809, "imu/gyr_z": 64.83969465648855}