{"imu/acl_x": 5.913678100585937, "imu/gyr_y": 10.366412213740459, "imu/temp": 32.71823529411765, "imu/acl_y": 0.5793968017578125, "imu/acl_z": 7.005434057617187, "user/mode": "user", "cam/image_array": "1545_cam-image_array_.jpg", "imu/gyr_x": -20.396946564885496, "user/angle": -0.9588000122074037, "user/throttle": 0.2755757316812647, "imu/gyr_z": 76.55725190839695}