{"imu/acl_x": -0.5698199951171875, "imu/gyr_y": 1.6259541984732824, "imu/temp": 33.14176470588235, "imu/acl_y": 1.199495031738281, "imu/acl_z": 10.924742175292968, "user/mode": "user", "cam/image_array": "358_cam-image_array_.jpg", "imu/gyr_x": 7.717557251908397, "user/angle": -1.0, "user/throttle": 0.2653736991485336, "imu/gyr_z": 66.44274809160305}