{"imu/acl_x": 0.5339069702148437, "imu/gyr_y": 20.709923664122137, "imu/temp": 32.012352941176474, "imu/acl_y": -1.0534487304687499, "imu/acl_z": 8.068459594726562, "user/mode": "user", "cam/image_array": "1614_cam-image_array_.jpg", "imu/gyr_x": -10.572519083969466, "user/angle": -0.618579668568987, "user/throttle": 0.2755757316812647, "imu/gyr_z": 40.10687022900763}