{"imu/acl_x": 0.023942016601562498, "imu/gyr_y": 10.587786259541986, "imu/temp": 32.671176470588236, "imu/acl_y": 0.028730419921875, "imu/acl_z": 9.849745629882811, "user/mode": "user", "cam/image_array": "872_cam-image_array_.jpg", "imu/gyr_x": -2.5343511450381677, "user/angle": -0.5361186559648426, "user/throttle": 0.2755757316812647, "imu/gyr_z": 18.16030534351145}