{"imu/acl_x": 0.20350714111328125, "imu/gyr_y": -0.48854961832061067, "imu/temp": 32.624117647058824, "imu/acl_y": -0.07900865478515624, "imu/acl_z": 12.823344091796875, "user/mode": "user", "cam/image_array": "903_cam-image_array_.jpg", "imu/gyr_x": 2.015267175572519, "user/angle": 0.4845423749504074, "user/throttle": 0.27218176824243906, "imu/gyr_z": -43.88549618320611}