{"imu/acl_x": 0.354341845703125, "imu/gyr_y": -4.893129770992366, "imu/temp": 32.71823529411765, "imu/acl_y": 1.637633935546875, "imu/acl_z": 7.651868505859374, "user/mode": "user", "cam/image_array": "1507_cam-image_array_.jpg", "imu/gyr_x": -15.580152671755725, "user/angle": -1.0, "user/throttle": 0.2755757316812647, "imu/gyr_z": 82.76335877862596}