{"imu/acl_x": 1.1180921752929687, "imu/gyr_y": 1.2900763358778626, "imu/temp": 33.00058823529412, "imu/acl_y": 0.41419688720703124, "imu/acl_z": 9.619902270507811, "user/mode": "user", "cam/image_array": "435_cam-image_array_.jpg", "imu/gyr_x": -11.778625954198473, "user/angle": -0.2371288186284982, "user/throttle": 0.26877773369548635, "imu/gyr_z": -9.687022900763358}