{"imu/acl_x": 0.3806780639648437, "imu/gyr_y": -22.938931297709924, "imu/temp": 32.341764705882355, "imu/acl_y": -0.6248866333007812, "imu/acl_z": 8.365340600585936, "user/mode": "user", "cam/image_array": "1345_cam-image_array_.jpg", "imu/gyr_x": -16.549618320610687, "user/angle": 0.0, "user/throttle": 0.2755757316812647, "imu/gyr_z": -85.98473282442748}