{"imu/acl_x": -0.699106884765625, "imu/gyr_y": 0.3893129770992366, "imu/temp": 32.57705882352941, "imu/acl_y": -1.467645617675781, "imu/acl_z": 7.587225061035156, "user/mode": "user", "cam/image_array": "990_cam-image_array_.jpg", "imu/gyr_x": -3.66412213740458, "user/angle": 0.8453627124851222, "user/throttle": 0.27218176824243906, "imu/gyr_z": -83.70229007633588}