{"imu/acl_x": -0.2346317626953125, "imu/gyr_y": 1.4427480916030535, "imu/temp": 31.965294117647062, "imu/acl_y": 0.6943184814453125, "imu/acl_z": 9.706093530273437, "user/mode": "user", "cam/image_array": "1638_cam-image_array_.jpg", "imu/gyr_x": -9.061068702290076, "user/angle": -0.5258033997619557, "user/throttle": 0.2755757316812647, "imu/gyr_z": -15.305343511450381}