{"imu/acl_x": 1.5251064575195312, "imu/gyr_y": 2.404580152671756, "imu/temp": 31.91823529411765, "imu/acl_y": -0.062249243164062495, "imu/acl_z": 12.880804931640624, "user/mode": "user", "cam/image_array": "1595_cam-image_array_.jpg", "imu/gyr_x": -2.3893129770992365, "user/angle": -1.0, "user/throttle": 0.2755757316812647, "imu/gyr_z": 70.36641221374046}