{"imu/acl_x": -0.39264907226562495, "imu/gyr_y": 10.007633587786259, "imu/temp": 32.906470588235294, "imu/acl_y": -0.4860229370117187, "imu/acl_z": 13.113042492675781, "user/mode": "user", "cam/image_array": "628_cam-image_array_.jpg", "imu/gyr_x": 0.9312977099236641, "user/angle": 0.0, "user/throttle": 0.2619696646015809, "imu/gyr_z": -7.244274809160306}