{"imu/acl_x": 0.3495534423828125, "imu/gyr_y": 11.86259541984733, "imu/temp": 33.00058823529412, "imu/acl_y": -1.7022773803710936, "imu/acl_z": 7.352593298339843, "user/mode": "user", "cam/image_array": "475_cam-image_array_.jpg", "imu/gyr_x": 8.374045801526718, "user/angle": 0.5670033875545518, "user/throttle": 0.2653736991485336, "imu/gyr_z": -30.106870229007633}