{"imu/acl_x": -0.21068974609375, "imu/gyr_y": 5.740458015267175, "imu/temp": 31.68294117647059, "imu/acl_y": 1.9680337646484374, "imu/acl_z": 9.279925634765624, "user/mode": "user", "cam/image_array": "1787_cam-image_array_.jpg", "imu/gyr_x": -2.7709923664122136, "user/angle": -0.7732474745933409, "user/throttle": 0.27218176824243906, "imu/gyr_z": 44.29007633587786}