{"imu/acl_x": 2.152387292480469, "imu/gyr_y": -6.8396946564885495, "imu/temp": 32.71823529411765, "imu/acl_y": 0.040701428222656245, "imu/acl_z": 11.109095703125, "user/mode": "user", "cam/image_array": "863_cam-image_array_.jpg", "imu/gyr_x": 3.5801526717557253, "user/angle": -0.402081362346263, "user/throttle": 0.2755757316812647, "imu/gyr_z": 27.16793893129771}