{"imu/acl_x": 0.9576806640625, "imu/gyr_y": 12.068702290076336, "imu/temp": 32.24764705882353, "imu/acl_y": 1.5897499023437498, "imu/acl_z": 11.434707128906249, "user/mode": "user", "cam/image_array": "1315_cam-image_array_.jpg", "imu/gyr_x": -3.633587786259542, "user/angle": 0.0, "user/throttle": 0.2755757316812647, "imu/gyr_z": -22.412213740458014}