{"imu/acl_x": 1.2521674682617188, "imu/gyr_y": 7.32824427480916, "imu/temp": 33.04764705882353, "imu/acl_y": 0.70868369140625, "imu/acl_z": 9.1554271484375, "user/mode": "user", "cam/image_array": "73_cam-image_array_.jpg", "imu/gyr_x": 9.725190839694656, "user/angle": -1.0, "user/throttle": 0.27218176824243906, "imu/gyr_z": 42.099236641221374}