{"imu/acl_x": 3.296815686035156, "imu/gyr_y": 15.297709923664122, "imu/temp": 33.04764705882353, "imu/acl_y": 1.5346832641601562, "imu/acl_z": 10.690110412597656, "user/mode": "user", "cam/image_array": "390_cam-image_array_.jpg", "imu/gyr_x": -8.526717557251908, "user/angle": -0.618579668568987, "user/throttle": 0.26877773369548635, "imu/gyr_z": 48.33587786259542}