{"imu/acl_x": -1.1923124267578125, "imu/gyr_y": 18.061068702290076, "imu/temp": 32.43588235294118, "imu/acl_y": -1.8243816650390623, "imu/acl_z": 8.525752111816406, "user/mode": "user", "cam/image_array": "1199_cam-image_array_.jpg", "imu/gyr_x": 7.305343511450381, "user/angle": 0.8659932248908964, "user/throttle": 0.26877773369548635, "imu/gyr_z": -77.99236641221374}