{"imu/acl_x": 1.3718775512695311, "imu/gyr_y": 3.2748091603053435, "imu/temp": 32.341764705882355, "imu/acl_y": 1.0414777221679687, "imu/acl_z": 9.662997900390625, "user/mode": "user", "cam/image_array": "1248_cam-image_array_.jpg", "imu/gyr_x": -3.3893129770992365, "user/angle": -0.14435254982146672, "user/throttle": 0.2755757316812647, "imu/gyr_z": 58.19083969465649}