{"imu/acl_x": -1.0582371337890624, "imu/gyr_y": -9.297709923664122, "imu/temp": 32.1064705882353, "imu/acl_y": 0.565031591796875, "imu/acl_z": 12.86404552001953, "user/mode": "user", "cam/image_array": "1447_cam-image_array_.jpg", "imu/gyr_x": -11.419847328244275, "user/angle": -0.5154881435590686, "user/throttle": 0.2755757316812647, "imu/gyr_z": 15.213740458015268}