{"imu/acl_x": -0.7733271362304687, "imu/gyr_y": 9.450381679389313, "imu/temp": 32.81235294117647, "imu/acl_y": 1.024718310546875, "imu/acl_z": 11.056423266601563, "user/mode": "user", "cam/image_array": "661_cam-image_array_.jpg", "imu/gyr_x": -0.2748091603053435, "user/angle": -0.45362712485122225, "user/throttle": 0.2619696646015809, "imu/gyr_z": 38.458015267175576}