{"imu/acl_x": -0.45489831542968745, "imu/gyr_y": 0.37404580152671757, "imu/temp": 32.388823529411766, "imu/acl_y": 0.51714755859375, "imu/acl_z": 11.626243261718749, "user/mode": "user", "cam/image_array": "1170_cam-image_array_.jpg", "imu/gyr_x": -2.5877862595419847, "user/angle": -0.9382000183111057, "user/throttle": 0.27218176824243906, "imu/gyr_z": 62.213740458015266}