{"imu/acl_x": -0.7565677246093749, "imu/gyr_y": -3.732824427480916, "imu/temp": 33.47117647058823, "imu/acl_y": 0.24899697265624998, "imu/acl_z": 11.968614099121092, "user/mode": "user", "cam/image_array": "741_cam-image_array_.jpg", "imu/gyr_x": 1.618320610687023, "user/angle": -0.6907559434797205, "user/throttle": 0.2653736991485336, "imu/gyr_z": 44.80152671755725}