{"imu/acl_x": -0.6584054565429687, "imu/gyr_y": -12.50381679389313, "imu/temp": 32.29470588235294, "imu/acl_y": 1.4030021728515625, "imu/acl_z": 10.299855541992187, "user/mode": "user", "cam/image_array": "1238_cam-image_array_.jpg", "imu/gyr_x": -11.335877862595419, "user/angle": -0.8969389934995575, "user/throttle": 0.2755757316812647, "imu/gyr_z": 46.3587786259542}