{"imu/acl_x": 0.29927520751953124, "imu/gyr_y": -7.938931297709924, "imu/temp": 31.824117647058824, "imu/acl_y": 1.1061211669921875, "imu/acl_z": 11.125855114746093, "user/mode": "user", "cam/image_array": "1837_cam-image_array_.jpg", "imu/gyr_x": -19.35114503816794, "user/angle": -1.0, "user/throttle": 0.2755757316812647, "imu/gyr_z": 84.82442748091603}