{"imu/acl_x": -2.5570073730468748, "imu/gyr_y": 14.022900763358779, "imu/temp": 32.906470588235294, "imu/acl_y": 1.668758557128906, "imu/acl_z": 13.5990654296875, "user/mode": "user", "cam/image_array": "556_cam-image_array_.jpg", "imu/gyr_x": 1.8396946564885497, "user/angle": -0.12372203741569261, "user/throttle": 0.28238380077517017, "imu/gyr_z": 74.67175572519083}