{"imu/acl_x": 2.319981408691406, "imu/gyr_y": 14.877862595419847, "imu/temp": 32.81235294117647, "imu/acl_y": -0.28969840087890625, "imu/acl_z": 11.853692419433592, "user/mode": "user", "cam/image_array": "695_cam-image_array_.jpg", "imu/gyr_x": -9.473282442748092, "user/angle": 0.0, "user/throttle": 0.2653736991485336, "imu/gyr_z": -0.29770992366412213}