{"imu/acl_x": 1.838746875, "imu/gyr_y": -8.13740458015267, "imu/temp": 32.43588235294118, "imu/acl_y": 0.2346317626953125, "imu/acl_z": 9.066841687011719, "user/mode": "user", "cam/image_array": "1019_cam-image_array_.jpg", "imu/gyr_x": -18.229007633587788, "user/angle": 0.0, "user/throttle": 0.27218176824243906, "imu/gyr_z": 16.748091603053435}