{"imu/acl_x": -2.04943662109375, "imu/gyr_y": -9.312977099236642, "imu/temp": 31.965294117647062, "imu/acl_y": -0.5530605834960938, "imu/acl_z": 9.725247143554688, "user/mode": "user", "cam/image_array": "1602_cam-image_array_.jpg", "imu/gyr_x": 1.8244274809160306, "user/angle": 0.0, "user/throttle": 0.27218176824243906, "imu/gyr_z": -3.5343511450381677}