{"imu/acl_x": -0.6081272216796875, "imu/gyr_y": 13.488549618320612, "imu/temp": 33.00058823529412, "imu/acl_y": 1.2425906616210938, "imu/acl_z": 10.998962426757812, "user/mode": "user", "cam/image_array": "528_cam-image_array_.jpg", "imu/gyr_x": 0.4351145038167939, "user/angle": -0.8247932370983001, "user/throttle": 0.2857878353221229, "imu/gyr_z": 27.519083969465647}