{"imu/acl_x": 1.0366893188476562, "imu/gyr_y": 28.709923664122137, "imu/temp": 32.15352941176471, "imu/acl_y": 0.9959878906249999, "imu/acl_z": 11.020510241699219, "user/mode": "user", "cam/image_array": "1459_cam-image_array_.jpg", "imu/gyr_x": 1.1297709923664123, "user/angle": 0.0, "user/throttle": 0.2755757316812647, "imu/gyr_z": -8.13740458015267}