{"imu/acl_x": -1.254561669921875, "imu/gyr_y": -8.419847328244275, "imu/temp": 33.00058823529412, "imu/acl_y": 0.6631938598632812, "imu/acl_z": 10.51533369140625, "user/mode": "user", "cam/image_array": "537_cam-image_array_.jpg", "imu/gyr_x": -12.725190839694656, "user/angle": -0.7629322183904538, "user/throttle": 0.2857878353221229, "imu/gyr_z": 53.64885496183206}