{"imu/acl_x": -0.718260498046875, "imu/gyr_y": 12.67175572519084, "imu/temp": 32.57705882352941, "imu/acl_y": 0.45010991210937495, "imu/acl_z": 9.574412438964844, "user/mode": "user", "cam/image_array": "1024_cam-image_array_.jpg", "imu/gyr_x": -1.2442748091603053, "user/angle": -0.8660237434003724, "user/throttle": 0.27218176824243906, "imu/gyr_z": 22.85496183206107}