{"imu/acl_x": 0.18914193115234373, "imu/gyr_y": -1.2595419847328244, "imu/temp": 33.14176470588235, "imu/acl_y": 1.5251064575195312, "imu/acl_z": 11.022904443359375, "user/mode": "user", "cam/image_array": "139_cam-image_array_.jpg", "imu/gyr_x": 1.549618320610687, "user/angle": -1.0, "user/throttle": 0.26877773369548635, "imu/gyr_z": 61.25954198473283}