{"imu/acl_x": 1.7477672119140624, "imu/gyr_y": 4.030534351145038, "imu/temp": 32.24764705882353, "imu/acl_y": -1.656787548828125, "imu/acl_z": 13.096283081054686, "user/mode": "user", "cam/image_array": "1342_cam-image_array_.jpg", "imu/gyr_x": 10.51908396946565, "user/angle": 0.6082644123661001, "user/throttle": 0.2755757316812647, "imu/gyr_z": -30.17557251908397}