{"imu/acl_x": -1.927332336425781, "imu/gyr_y": 2.8702290076335877, "imu/temp": 32.71823529411765, "imu/acl_y": 1.4724340209960938, "imu/acl_z": 9.696516723632811, "user/mode": "user", "cam/image_array": "749_cam-image_array_.jpg", "imu/gyr_x": -15.50381679389313, "user/angle": -0.783532212286752, "user/throttle": 0.2653736991485336, "imu/gyr_z": 46.06106870229008}