{"imu/acl_x": -1.0989385620117187, "imu/gyr_y": 0.37404580152671757, "imu/temp": 33.00058823529412, "imu/acl_y": 0.4525041137695312, "imu/acl_z": 10.297461340332031, "user/mode": "user", "cam/image_array": "33_cam-image_array_.jpg", "imu/gyr_x": -2.030534351145038, "user/angle": -0.3402203436384167, "user/throttle": 0.2585656300546282, "imu/gyr_z": 2.0916030534351147}