{"imu/acl_x": 1.2808978881835937, "imu/gyr_y": -10.442748091603054, "imu/temp": 33.18882352941176, "imu/acl_y": 0.51714755859375, "imu/acl_z": 8.846575134277343, "user/mode": "user", "cam/image_array": "200_cam-image_array_.jpg", "imu/gyr_x": -9.725190839694656, "user/angle": -0.28867458113345745, "user/throttle": 0.26877773369548635, "imu/gyr_z": 30.68702290076336}