{"imu/acl_x": -0.9433154541015625, "imu/gyr_y": -10.641221374045802, "imu/temp": 31.871176470588235, "imu/acl_y": -0.062249243164062495, "imu/acl_z": 13.101071484375, "user/mode": "user", "cam/image_array": "1741_cam-image_array_.jpg", "imu/gyr_x": -10.473282442748092, "user/angle": 0.0, "user/throttle": 0.27218176824243906, "imu/gyr_z": -89.37404580152672}