{"imu/acl_x": -1.24498486328125, "imu/gyr_y": 6.709923664122138, "imu/temp": 32.48294117647059, "imu/acl_y": 0.08140285644531249, "imu/acl_z": 11.379640490722656, "user/mode": "user", "cam/image_array": "1174_cam-image_array_.jpg", "imu/gyr_x": 1.183206106870229, "user/angle": -0.9484847560045168, "user/throttle": 0.27218176824243906, "imu/gyr_z": 67.96946564885496}