{"imu/acl_x": 0.08858546142578125, "imu/gyr_y": -5.7251908396946565, "imu/temp": 32.15352941176471, "imu/acl_y": 0.4908113403320312, "imu/acl_z": 9.481038574218749, "user/mode": "user", "cam/image_array": "1423_cam-image_array_.jpg", "imu/gyr_x": -8.16030534351145, "user/angle": -0.8660237434003724, "user/throttle": 0.2755757316812647, "imu/gyr_z": 67.93893129770993}