{"imu/acl_x": 0.6344634399414062, "imu/gyr_y": -0.8320610687022901, "imu/temp": 31.91823529411765, "imu/acl_y": 3.342305517578125, "imu/acl_z": 11.765106958007811, "user/mode": "user", "cam/image_array": "1706_cam-image_array_.jpg", "imu/gyr_x": -11.145038167938932, "user/angle": -1.0, "user/throttle": 0.2755757316812647, "imu/gyr_z": 83.42748091603053}