{"imu/acl_x": -0.26336218261718747, "imu/gyr_y": -2.015267175572519, "imu/temp": 32.906470588235294, "imu/acl_y": 0.6607996582031249, "imu/acl_z": 10.249577307128906, "user/mode": "user", "cam/image_array": "609_cam-image_array_.jpg", "imu/gyr_x": -8.396946564885496, "user/angle": -0.7526169621875668, "user/throttle": 0.2619696646015809, "imu/gyr_z": 43.030534351145036}