{"imu/acl_x": -0.181959326171875, "imu/gyr_y": 5.251908396946565, "imu/temp": 32.48294117647059, "imu/acl_y": 0.8810662109374999, "imu/acl_z": 11.204863769531249, "user/mode": "user", "cam/image_array": "1106_cam-image_array_.jpg", "imu/gyr_x": 1.9541984732824427, "user/angle": -1.0, "user/throttle": 0.27218176824243906, "imu/gyr_z": 73.40458015267176}