{"imu/acl_x": 0.12210428466796874, "imu/gyr_y": -3.030534351145038, "imu/temp": 33.47117647058823, "imu/acl_y": 0.7445967163085937, "imu/acl_z": 11.156979736328124, "user/mode": "user", "cam/image_array": "718_cam-image_array_.jpg", "imu/gyr_x": -6.297709923664122, "user/angle": -0.49488814966277045, "user/throttle": 0.2653736991485336, "imu/gyr_z": 28.709923664122137}