{"imu/acl_x": -0.3902548706054687, "imu/gyr_y": 2.5877862595419847, "imu/temp": 31.777058823529412, "imu/acl_y": -0.10295067138671875, "imu/acl_z": 9.337386474609374, "user/mode": "user", "cam/image_array": "1825_cam-image_array_.jpg", "imu/gyr_x": -3.6717557251908395, "user/angle": -0.3093050935392315, "user/throttle": 0.27218176824243906, "imu/gyr_z": 7.534351145038168}