{"imu/acl_x": -0.7781155395507812, "imu/gyr_y": 18.083969465648856, "imu/temp": 31.588823529411766, "imu/acl_y": 1.16837041015625, "imu/acl_z": 12.54561669921875, "user/mode": "user", "cam/image_array": "1838_cam-image_array_.jpg", "imu/gyr_x": -0.6870229007633588, "user/angle": -1.0, "user/throttle": 0.27218176824243906, "imu/gyr_z": 80.05343511450381}