{"imu/acl_x": 1.6472107421875, "imu/gyr_y": -1.6412213740458015, "imu/temp": 32.953529411764706, "imu/acl_y": -0.7230489013671875, "imu/acl_z": 9.291896643066405, "user/mode": "user", "cam/image_array": "551_cam-image_array_.jpg", "imu/gyr_x": -3.2290076335877864, "user/angle": -1.0, "user/throttle": 0.28238380077517017, "imu/gyr_z": 75.8473282442748}