{"imu/acl_x": -4.560954162597656, "imu/gyr_y": -8.297709923664122, "imu/temp": 32.43588235294118, "imu/acl_y": 0.0383072265625, "imu/acl_z": 12.818555688476561, "user/mode": "user", "cam/image_array": "1126_cam-image_array_.jpg", "imu/gyr_x": 2.7022900763358777, "user/angle": -0.7217017120883816, "user/throttle": 0.27218176824243906, "imu/gyr_z": 15.83206106870229}