{"imu/acl_x": 0.5195417602539062, "imu/gyr_y": -4.083969465648855, "imu/temp": 32.57705882352941, "imu/acl_y": -0.08858546142578125, "imu/acl_z": 10.644620581054687, "user/mode": "user", "cam/image_array": "1005_cam-image_array_.jpg", "imu/gyr_x": 4.587786259541985, "user/angle": -1.0, "user/throttle": 0.2755757316812647, "imu/gyr_z": 68.67175572519083}