{"imu/acl_x": -2.901772412109375, "imu/gyr_y": 3.198473282442748, "imu/temp": 32.671176470588236, "imu/acl_y": -0.02154781494140625, "imu/acl_z": 6.964732629394531, "user/mode": "user", "cam/image_array": "886_cam-image_array_.jpg", "imu/gyr_x": -2.648854961832061, "user/angle": -0.8453932309945982, "user/throttle": 0.2755757316812647, "imu/gyr_z": 74.85496183206106}