{"imu/acl_x": -0.6823474731445313, "imu/gyr_y": -4.763358778625954, "imu/temp": 32.71823529411765, "imu/acl_y": 0.7805097412109374, "imu/acl_z": 9.880870251464843, "user/mode": "user", "cam/image_array": "1610_cam-image_array_.jpg", "imu/gyr_x": 3.0610687022900764, "user/angle": -0.597979674672689, "user/throttle": 0.2755757316812647, "imu/gyr_z": 40.97709923664122}