{"imu/acl_x": 0.4572925170898437, "imu/gyr_y": -0.030534351145038167, "imu/temp": 32.388823529411766, "imu/acl_y": 1.697488977050781, "imu/acl_z": 11.750741748046874, "user/mode": "user", "cam/image_array": "1182_cam-image_array_.jpg", "imu/gyr_x": -1.7938931297709924, "user/angle": -1.0, "user/throttle": 0.27218176824243906, "imu/gyr_z": 63.099236641221374}