{"imu/acl_x": 3.1794998046874996, "imu/gyr_y": -3.3206106870229006, "imu/temp": 32.1064705882353, "imu/acl_y": -0.7733271362304687, "imu/acl_z": 9.89523546142578, "user/mode": "user", "cam/image_array": "1432_cam-image_array_.jpg", "imu/gyr_x": 14.16793893129771, "user/angle": -0.24744407483138522, "user/throttle": 0.2755757316812647, "imu/gyr_z": 17.923664122137403}