{"imu/acl_x": 0.3064578125, "imu/gyr_y": 8.412213740458014, "imu/temp": 31.824117647058824, "imu/acl_y": 0.7015010864257812, "imu/acl_z": 11.003750830078124, "user/mode": "user", "cam/image_array": "1801_cam-image_array_.jpg", "imu/gyr_x": 4.320610687022901, "user/angle": -0.09280678731650746, "user/throttle": 0.27218176824243906, "imu/gyr_z": 46.541984732824424}