{"imu/acl_x": -1.6711527587890624, "imu/gyr_y": 1.2061068702290076, "imu/temp": 32.388823529411766, "imu/acl_y": 1.5107412475585937, "imu/acl_z": 8.987833032226561, "user/mode": "user", "cam/image_array": "1161_cam-image_array_.jpg", "imu/gyr_x": 10.16030534351145, "user/angle": -0.9072542497024445, "user/throttle": 0.27218176824243906, "imu/gyr_z": 64.19847328244275}