{"imu/acl_x": 1.2785036865234374, "imu/gyr_y": 15.0, "imu/temp": 32.81235294117647, "imu/acl_y": 1.2042834350585936, "imu/acl_z": 10.295067138671874, "user/mode": "user", "cam/image_array": "743_cam-image_array_.jpg", "imu/gyr_x": -11.770992366412214, "user/angle": -0.7423017059846797, "user/throttle": 0.2653736991485336, "imu/gyr_z": 47.45038167938932}