{"imu/acl_x": 0.49799394531249996, "imu/gyr_y": 0.8931297709923665, "imu/temp": 33.04764705882353, "imu/acl_y": 0.21068974609375, "imu/acl_z": 10.93671318359375, "user/mode": "user", "cam/image_array": "481_cam-image_array_.jpg", "imu/gyr_x": 3.282442748091603, "user/angle": 0.0, "user/throttle": 0.2653736991485336, "imu/gyr_z": -31.419847328244273}