{"imu/acl_x": -1.4006079711914061, "imu/gyr_y": -4.564885496183206, "imu/temp": 32.71823529411765, "imu/acl_y": 0.9121908325195311, "imu/acl_z": 8.645462194824217, "user/mode": "user", "cam/image_array": "1624_cam-image_array_.jpg", "imu/gyr_x": -11.732824427480915, "user/angle": -0.41239661854915005, "user/throttle": 0.2755757316812647, "imu/gyr_z": 57.3206106870229}