{"imu/acl_x": 0.8834604125976562, "imu/gyr_y": -11.801526717557252, "imu/temp": 32.76529411764706, "imu/acl_y": 1.1563994018554686, "imu/acl_z": 8.559270935058594, "user/mode": "user", "cam/image_array": "791_cam-image_array_.jpg", "imu/gyr_x": -12.465648854961833, "user/angle": -0.7113864558854945, "user/throttle": 0.2619696646015809, "imu/gyr_z": -5.175572519083969}