{"imu/acl_x": 0.21308394775390624, "imu/gyr_y": 2.9618320610687023, "imu/temp": 33.09470588235294, "imu/acl_y": 0.7158662963867187, "imu/acl_z": 10.39322940673828, "user/mode": "user", "cam/image_array": "267_cam-image_array_.jpg", "imu/gyr_x": -7.114503816793893, "user/angle": -0.4742576372569964, "user/throttle": 0.26877773369548635, "imu/gyr_z": -2.595419847328244}