{"imu/acl_x": -3.9432501342773434, "imu/gyr_y": -7.732824427480916, "imu/temp": 31.68294117647059, "imu/acl_y": 1.7118541870117185, "imu/acl_z": 8.640673791503906, "user/mode": "user", "cam/image_array": "1880_cam-image_array_.jpg", "imu/gyr_x": -7.824427480916031, "user/angle": -0.8969389934995575, "user/throttle": 0.2755757316812647, "imu/gyr_z": 77.98473282442748}