{"imu/acl_x": -1.3168109130859373, "imu/gyr_y": -7.106870229007634, "imu/temp": 32.341764705882355, "imu/acl_y": -0.016759411621093748, "imu/acl_z": 9.804255798339844, "user/mode": "user", "cam/image_array": "1229_cam-image_array_.jpg", "imu/gyr_x": 2.2213740458015265, "user/angle": -0.4845728934598834, "user/throttle": 0.2789797662282174, "imu/gyr_z": 42.66412213740458}