{"imu/acl_x": 3.2225954345703123, "imu/gyr_y": 0.015267175572519083, "imu/temp": 31.68294117647059, "imu/acl_y": 0.4860229370117187, "imu/acl_z": 10.290278735351562, "user/mode": "user", "cam/image_array": "1868_cam-image_array_.jpg", "imu/gyr_x": -8.106870229007633, "user/angle": 0.0, "user/throttle": 0.27218176824243906, "imu/gyr_z": -18.51145038167939}