{"imu/acl_x": 1.2306196533203124, "imu/gyr_y": 6.519083969465649, "imu/temp": 32.1064705882353, "imu/acl_y": -0.19153613281249998, "imu/acl_z": 10.24718310546875, "user/mode": "user", "cam/image_array": "1466_cam-image_array_.jpg", "imu/gyr_x": 6.8320610687022905, "user/angle": -0.7732474745933409, "user/throttle": 0.2755757316812647, "imu/gyr_z": 62.54961832061068}