{"imu/acl_x": -0.7062894897460937, "imu/gyr_y": -22.954198473282442, "imu/temp": 31.73, "imu/acl_y": 0.0526724365234375, "imu/acl_z": 13.316549633789062, "user/mode": "user", "cam/image_array": "1693_cam-image_array_.jpg", "imu/gyr_x": -9.923664122137405, "user/angle": -0.45362712485122225, "user/throttle": 0.2755757316812647, "imu/gyr_z": 73.64885496183206}