{"imu/acl_x": 1.4963760375976562, "imu/gyr_y": 1.5038167938931297, "imu/temp": 32.53, "imu/acl_y": 2.0757728393554684, "imu/acl_z": 10.153809240722655, "user/mode": "user", "cam/image_array": "964_cam-image_array_.jpg", "imu/gyr_x": -19.778625954198475, "user/angle": -1.0, "user/throttle": 0.27218176824243906, "imu/gyr_z": 58.62595419847328}