{"imu/acl_x": -0.7972691528320313, "imu/gyr_y": -10.435114503816793, "imu/temp": 32.71823529411765, "imu/acl_y": 1.2042834350585936, "imu/acl_z": 9.9215716796875, "user/mode": "user", "cam/image_array": "946_cam-image_array_.jpg", "imu/gyr_x": -16.717557251908396, "user/angle": -1.0, "user/throttle": 0.27218176824243906, "imu/gyr_z": 62.847328244274806}