{"imu/acl_x": -0.12689268798828124, "imu/gyr_y": -25.221374045801525, "imu/temp": 33.04764705882353, "imu/acl_y": 1.3096283081054687, "imu/acl_z": 6.888118176269531, "user/mode": "user", "cam/image_array": "266_cam-image_array_.jpg", "imu/gyr_x": -5.3893129770992365, "user/angle": -0.402081362346263, "user/throttle": 0.26877773369548635, "imu/gyr_z": -10.664122137404581}