{"imu/acl_x": -1.8267758666992187, "imu/gyr_y": 9.923664122137405, "imu/temp": 31.91823529411765, "imu/acl_y": 0.143652099609375, "imu/acl_z": 10.759542260742187, "user/mode": "user", "cam/image_array": "1683_cam-image_array_.jpg", "imu/gyr_x": -3.7557251908396947, "user/angle": -0.7938474684896389, "user/throttle": 0.2755757316812647, "imu/gyr_z": 69.3587786259542}