{"imu/acl_x": 2.7341782958984373, "imu/gyr_y": 17.82442748091603, "imu/temp": 31.73, "imu/acl_y": -0.9145850341796874, "imu/acl_z": 9.09796630859375, "user/mode": "user", "cam/image_array": "1881_cam-image_array_.jpg", "imu/gyr_x": -6.763358778625954, "user/angle": -0.8866542558061464, "user/throttle": 0.2517676320688498, "imu/gyr_z": 76.50381679389314}