{"imu/acl_x": -0.15562310791015624, "imu/gyr_y": -18.786259541984734, "imu/temp": 32.15352941176471, "imu/acl_y": -0.1388636962890625, "imu/acl_z": 12.943054174804686, "user/mode": "user", "cam/image_array": "1435_cam-image_array_.jpg", "imu/gyr_x": -22.52671755725191, "user/angle": -0.8453932309945982, "user/throttle": 0.2755757316812647, "imu/gyr_z": 11.679389312977099}