{"imu/acl_x": -1.1109095703125, "imu/gyr_y": -4.4961832061068705, "imu/temp": 33.00058823529412, "imu/acl_y": 0.3447650390625, "imu/acl_z": 12.19366905517578, "user/mode": "user", "cam/image_array": "515_cam-image_array_.jpg", "imu/gyr_x": 0.7862595419847328, "user/angle": -0.6288949247718741, "user/throttle": 0.20753532517471848, "imu/gyr_z": 28.236641221374047}