{"imu/acl_x": 2.003946789550781, "imu/gyr_y": 8.877862595419847, "imu/temp": 32.43588235294118, "imu/acl_y": -0.22505495605468748, "imu/acl_z": 10.034099157714843, "user/mode": "user", "cam/image_array": "1102_cam-image_array_.jpg", "imu/gyr_x": -10.557251908396946, "user/angle": -1.0, "user/throttle": 0.27218176824243906, "imu/gyr_z": 66.8854961832061}