{"imu/acl_x": 0.2059013427734375, "imu/gyr_y": 6.8320610687022905, "imu/temp": 32.76529411764706, "imu/acl_y": 0.44053310546874996, "imu/acl_z": 11.113884106445312, "user/mode": "user", "cam/image_array": "751_cam-image_array_.jpg", "imu/gyr_x": 5.435114503816794, "user/angle": -0.8247932370983001, "user/throttle": 0.2653736991485336, "imu/gyr_z": 53.76335877862596}