{"imu/acl_x": -1.0223241088867188, "imu/gyr_y": -0.6183206106870229, "imu/temp": 32.20058823529412, "imu/acl_y": -0.3854664672851562, "imu/acl_z": 9.33978067626953, "user/mode": "user", "cam/image_array": "1411_cam-image_array_.jpg", "imu/gyr_x": 3.9770992366412212, "user/angle": -0.3402203436384167, "user/throttle": 0.2755757316812647, "imu/gyr_z": 13.129770992366412}