{"imu/acl_x": 0.7900865478515624, "imu/gyr_y": -3.3206106870229006, "imu/temp": 32.671176470588236, "imu/acl_y": -0.411802685546875, "imu/acl_z": 9.014169250488282, "user/mode": "user", "cam/image_array": "845_cam-image_array_.jpg", "imu/gyr_x": 4.442748091603053, "user/angle": -0.6598406933805353, "user/throttle": 0.2755757316812647, "imu/gyr_z": 47.25190839694657}