{"imu/acl_x": -1.3383587280273437, "imu/gyr_y": -11.229007633587786, "imu/temp": 32.53, "imu/acl_y": -0.2609679809570312, "imu/acl_z": 9.196128576660156, "user/mode": "user", "cam/image_array": "945_cam-image_array_.jpg", "imu/gyr_x": 1.9618320610687023, "user/angle": -1.0, "user/throttle": 0.27218176824243906, "imu/gyr_z": 57.79389312977099}