{"imu/acl_x": 0.469263525390625, "imu/gyr_y": 11.106870229007633, "imu/temp": 33.09470588235294, "imu/acl_y": -0.0718260498046875, "imu/acl_z": 8.013392956542969, "user/mode": "user", "cam/image_array": "305_cam-image_array_.jpg", "imu/gyr_x": 1.4961832061068703, "user/angle": -0.783532212286752, "user/throttle": 0.26877773369548635, "imu/gyr_z": 50.2442748091603}