{"imu/acl_x": -3.5122938354492184, "imu/gyr_y": 4.091603053435114, "imu/temp": 31.306470588235296, "imu/acl_y": 0.9792284790039062, "imu/acl_z": 9.651026892089844, "user/mode": "user", "cam/image_array": "1586_cam-image_array_.jpg", "imu/gyr_x": 7.480916030534351, "user/angle": -1.0, "user/throttle": 0.2755757316812647, "imu/gyr_z": 78.83206106870229}