{"imu/acl_x": -2.300827795410156, "imu/gyr_y": -8.221374045801527, "imu/temp": 31.91823529411765, "imu/acl_y": -0.5315127685546874, "imu/acl_z": 14.341267944335936, "user/mode": "user", "cam/image_array": "1566_cam-image_array_.jpg", "imu/gyr_x": 13.595419847328245, "user/angle": 0.7732169560838649, "user/throttle": 0.27218176824243906, "imu/gyr_z": -81.86259541984732}