{"imu/acl_x": 4.800374328613281, "imu/gyr_y": 20.206106870229007, "imu/temp": 32.24764705882353, "imu/acl_y": 0.00718260498046875, "imu/acl_z": 11.042058056640624, "user/mode": "user", "cam/image_array": "1387_cam-image_array_.jpg", "imu/gyr_x": -22.778625954198475, "user/angle": 0.6907254249702445, "user/throttle": 0.27218176824243906, "imu/gyr_z": -78.29007633587786}