{"imu/acl_x": 1.39821376953125, "imu/gyr_y": -7.152671755725191, "imu/temp": 31.91823529411765, "imu/acl_y": 0.9217676391601562, "imu/acl_z": 14.061146350097655, "user/mode": "user", "cam/image_array": "1649_cam-image_array_.jpg", "imu/gyr_x": -9.259541984732824, "user/angle": -1.0, "user/throttle": 0.2755757316812647, "imu/gyr_z": 83.12213740458016}