{"imu/acl_x": 2.6001030029296874, "imu/gyr_y": 9.702290076335878, "imu/temp": 32.81235294117647, "imu/acl_y": 1.1133037719726562, "imu/acl_z": 6.423643054199219, "user/mode": "user", "cam/image_array": "690_cam-image_array_.jpg", "imu/gyr_x": -16.14503816793893, "user/angle": -0.8247932370983001, "user/throttle": 0.2653736991485336, "imu/gyr_z": 64.3587786259542}