{"imu/acl_x": 0.0718260498046875, "imu/gyr_y": 2.404580152671756, "imu/temp": 33.00058823529412, "imu/acl_y": 1.0558429321289062, "imu/acl_z": 8.786720092773438, "user/mode": "user", "cam/image_array": "438_cam-image_array_.jpg", "imu/gyr_x": -6.778625954198473, "user/angle": -0.37116611224707785, "user/throttle": 0.26877773369548635, "imu/gyr_z": 15.13740458015267}