{"imu/acl_x": 1.2306196533203124, "imu/gyr_y": 1.3740458015267176, "imu/temp": 33.04764705882353, "imu/acl_y": 1.0199299072265624, "imu/acl_z": 7.326257080078125, "user/mode": "user", "cam/image_array": "247_cam-image_array_.jpg", "imu/gyr_x": -9.610687022900763, "user/angle": -0.41239661854915005, "user/throttle": 0.2653736991485336, "imu/gyr_z": 50.48854961832061}