{"imu/acl_x": -0.009576806640625, "imu/gyr_y": 11.061068702290076, "imu/temp": 33.47117647058823, "imu/acl_y": -1.3766659545898436, "imu/acl_z": 7.218518005371093, "user/mode": "user", "cam/image_array": "874_cam-image_array_.jpg", "imu/gyr_x": 4.8320610687022905, "user/angle": -0.8350779747917112, "user/throttle": 0.2755757316812647, "imu/gyr_z": 38.57251908396947}