{"imu/acl_x": -1.024718310546875, "imu/gyr_y": -8.282442748091603, "imu/temp": 32.43588235294118, "imu/acl_y": 2.0350714111328125, "imu/acl_z": 12.445060229492187, "user/mode": "user", "cam/image_array": "1145_cam-image_array_.jpg", "imu/gyr_x": -13.511450381679388, "user/angle": -0.6701254310739464, "user/throttle": 0.27218176824243906, "imu/gyr_z": 64.17557251908397}