{"imu/acl_x": 1.3958195678710936, "imu/gyr_y": 4.786259541984733, "imu/temp": 31.871176470588235, "imu/acl_y": 0.5027823486328125, "imu/acl_z": 8.360552197265624, "user/mode": "user", "cam/image_array": "1782_cam-image_array_.jpg", "imu/gyr_x": -5.022900763358779, "user/angle": -0.6392101809747612, "user/throttle": 0.27218176824243906, "imu/gyr_z": 45.79389312977099}