{"imu/acl_x": 0.011971008300781249, "imu/gyr_y": -2.0763358778625953, "imu/temp": 31.824117647058824, "imu/acl_y": 1.1563994018554686, "imu/acl_z": 10.728417639160156, "user/mode": "user", "cam/image_array": "1790_cam-image_array_.jpg", "imu/gyr_x": 5.137404580152672, "user/angle": -0.8660237434003724, "user/throttle": 0.27218176824243906, "imu/gyr_z": 55.3206106870229}