{"imu/acl_x": 0.02633621826171875, "imu/gyr_y": -12.290076335877863, "imu/temp": 32.43588235294118, "imu/acl_y": 1.9943699829101562, "imu/acl_z": 8.501810095214843, "user/mode": "user", "cam/image_array": "1153_cam-image_array_.jpg", "imu/gyr_x": -36.97709923664122, "user/angle": -0.2577593310342723, "user/throttle": 0.27218176824243906, "imu/gyr_z": -14.610687022900763}