{"imu/acl_x": 0.948103857421875, "imu/gyr_y": 5.587786259541985, "imu/temp": 32.012352941176474, "imu/acl_y": 1.908178723144531, "imu/acl_z": 9.042899670410156, "user/mode": "user", "cam/image_array": "809_cam-image_array_.jpg", "imu/gyr_x": -8.145038167938932, "user/angle": -1.0, "user/throttle": 0.2653736991485336, "imu/gyr_z": 60.79389312977099}