{"imu/acl_x": -2.6958710693359373, "imu/gyr_y": -5.427480916030534, "imu/temp": 32.53, "imu/acl_y": 1.93451494140625, "imu/acl_z": 10.805032092285156, "user/mode": "user", "cam/image_array": "1137_cam-image_array_.jpg", "imu/gyr_x": -5.068702290076335, "user/angle": -0.8660237434003724, "user/throttle": 0.27218176824243906, "imu/gyr_z": 65.92366412213741}