{"imu/acl_x": 2.568978381347656, "imu/gyr_y": 11.335877862595419, "imu/temp": 32.012352941176474, "imu/acl_y": 1.6735469604492186, "imu/acl_z": 8.844180932617187, "user/mode": "user", "cam/image_array": "770_cam-image_array_.jpg", "imu/gyr_x": -9.267175572519085, "user/angle": -0.5876644184698019, "user/throttle": 0.2653736991485336, "imu/gyr_z": 65.54198473282443}