{"imu/acl_x": -1.4413093994140624, "imu/gyr_y": 8.526717557251908, "imu/temp": 33.18882352941176, "imu/acl_y": 0.05985504150390625, "imu/acl_z": 8.580818749999999, "user/mode": "user", "cam/image_array": "216_cam-image_array_.jpg", "imu/gyr_x": -0.6717557251908397, "user/angle": 0.0, "user/throttle": 0.26877773369548635, "imu/gyr_z": -8.076335877862595}