{"imu/acl_x": 3.9600095458984375, "imu/gyr_y": 25.99236641221374, "imu/temp": 32.012352941176474, "imu/acl_y": 1.2689268798828124, "imu/acl_z": 9.198522778320312, "user/mode": "user", "cam/image_array": "1551_cam-image_array_.jpg", "imu/gyr_x": -12.65648854961832, "user/angle": -0.17526779992065186, "user/throttle": 0.2755757316812647, "imu/gyr_z": 71.82442748091603}