{"imu/acl_x": -0.011971008300781249, "imu/gyr_y": -5.893129770992366, "imu/temp": 31.824117647058824, "imu/acl_y": 0.8858546142578124, "imu/acl_z": 11.626243261718749, "user/mode": "user", "cam/image_array": "1727_cam-image_array_.jpg", "imu/gyr_x": -4.534351145038168, "user/angle": 0.3401898251289407, "user/throttle": 0.27218176824243906, "imu/gyr_z": 39.595419847328245}