{"imu/acl_x": 4.410119458007812, "imu/gyr_y": 22.6793893129771, "imu/temp": 32.15352941176471, "imu/acl_y": 2.8275521606445313, "imu/acl_z": 9.828197814941406, "user/mode": "user", "cam/image_array": "1372_cam-image_array_.jpg", "imu/gyr_x": -17.984732824427482, "user/angle": -0.6804406872768334, "user/throttle": 0.2755757316812647, "imu/gyr_z": 76.92366412213741}