{"imu/acl_x": -0.7852981445312499, "imu/gyr_y": -2.8091603053435112, "imu/temp": 32.53, "imu/acl_y": 1.3311761230468748, "imu/acl_z": 9.610325463867188, "user/mode": "user", "cam/image_array": "1099_cam-image_array_.jpg", "imu/gyr_x": -3.7404580152671754, "user/angle": -1.0, "user/throttle": 0.27218176824243906, "imu/gyr_z": 72.16030534351145}