{"imu/acl_x": 0.40940848388671874, "imu/gyr_y": 4.351145038167939, "imu/temp": 32.341764705882355, "imu/acl_y": 1.8315642700195311, "imu/acl_z": 10.876858142089842, "user/mode": "user", "cam/image_array": "1210_cam-image_array_.jpg", "imu/gyr_x": -5.709923664122138, "user/angle": -1.0, "user/throttle": 0.27218176824243906, "imu/gyr_z": 55.80152671755725}