{"imu/acl_x": 1.1252747802734375, "imu/gyr_y": 9.091603053435115, "imu/temp": 31.965294117647062, "imu/acl_y": -0.8379705810546875, "imu/acl_z": 9.471461767578125, "user/mode": "user", "cam/image_array": "1641_cam-image_array_.jpg", "imu/gyr_x": 5.702290076335878, "user/angle": -0.5464339121677297, "user/throttle": 0.2755757316812647, "imu/gyr_z": 41.9236641221374}