{"imu/acl_x": -0.47165772705078124, "imu/gyr_y": -8.038167938931299, "imu/temp": 32.953529411764706, "imu/acl_y": -0.4333505004882812, "imu/acl_z": 9.65342109375, "user/mode": "user", "cam/image_array": "340_cam-image_array_.jpg", "imu/gyr_x": 0.17557251908396945, "user/angle": 0.7629016998809778, "user/throttle": 0.2653736991485336, "imu/gyr_z": -70.58778625954199}