{"imu/acl_x": 1.2569558715820313, "imu/gyr_y": 7.595419847328245, "imu/temp": 33.00058823529412, "imu/acl_y": 0.18435352783203124, "imu/acl_z": 9.605537060546874, "user/mode": "user", "cam/image_array": "357_cam-image_array_.jpg", "imu/gyr_x": 4.259541984732825, "user/angle": -1.0, "user/throttle": 0.26877773369548635, "imu/gyr_z": 66.06106870229007}