{"imu/acl_x": -0.12689268798828124, "imu/gyr_y": -0.21374045801526717, "imu/temp": 32.85941176470588, "imu/acl_y": 0.8212111694335937, "imu/acl_z": 10.627861169433594, "user/mode": "user", "cam/image_array": "639_cam-image_array_.jpg", "imu/gyr_x": -3.404580152671756, "user/angle": -0.3196203497421186, "user/throttle": 0.2619696646015809, "imu/gyr_z": 34.74045801526717}