{"imu/acl_x": -1.618480322265625, "imu/gyr_y": -18.251908396946565, "imu/temp": 33.14176470588235, "imu/acl_y": 1.66636435546875, "imu/acl_z": 9.935936889648437, "user/mode": "user", "cam/image_array": "233_cam-image_array_.jpg", "imu/gyr_x": -14.50381679389313, "user/angle": -1.0, "user/throttle": 0.2653736991485336, "imu/gyr_z": 64.25190839694656}