{"imu/acl_x": 1.199495031738281, "imu/gyr_y": 15.679389312977099, "imu/temp": 33.00058823529412, "imu/acl_y": 0.9121908325195311, "imu/acl_z": 8.971073620605468, "user/mode": "user", "cam/image_array": "193_cam-image_array_.jpg", "imu/gyr_x": -4.5038167938931295, "user/angle": -0.4845728934598834, "user/throttle": 0.2653736991485336, "imu/gyr_z": 16.450381679389313}