{"imu/acl_x": 2.3965958618164063, "imu/gyr_y": 6.083969465648855, "imu/temp": 32.81235294117647, "imu/acl_y": 0.842758984375, "imu/acl_z": 10.347739575195313, "user/mode": "user", "cam/image_array": "732_cam-image_array_.jpg", "imu/gyr_x": -4.862595419847328, "user/angle": -0.4845728934598834, "user/throttle": 0.2653736991485336, "imu/gyr_z": 50.282442748091604}