{"imu/acl_x": 0.4165910888671875, "imu/gyr_y": -9.236641221374045, "imu/temp": 32.906470588235294, "imu/acl_y": 0.20829554443359374, "imu/acl_z": 10.649408984374999, "user/mode": "user", "cam/image_array": "656_cam-image_array_.jpg", "imu/gyr_x": -1.4045801526717556, "user/angle": -0.3505355998413037, "user/throttle": 0.2619696646015809, "imu/gyr_z": 8.229007633587786}