{"imu/acl_x": -0.5339069702148437, "imu/gyr_y": 18.83206106870229, "imu/temp": 31.824117647058824, "imu/acl_y": 0.3758896606445312, "imu/acl_z": 8.039729174804688, "user/mode": "user", "cam/image_array": "1760_cam-image_array_.jpg", "imu/gyr_x": 4.442748091603053, "user/angle": -1.0, "user/throttle": 0.27218176824243906, "imu/gyr_z": 71.09160305343511}