{"imu/acl_x": 1.3958195678710936, "imu/gyr_y": 10.770992366412214, "imu/temp": 32.81235294117647, "imu/acl_y": 0.9624690673828125, "imu/acl_z": 10.87925234375, "user/mode": "user", "cam/image_array": "764_cam-image_array_.jpg", "imu/gyr_x": 0.13740458015267176, "user/angle": -1.0, "user/throttle": 0.2653736991485336, "imu/gyr_z": 68.22137404580153}