{"imu/acl_x": 0.7876923461914062, "imu/gyr_y": -5.961832061068702, "imu/temp": 32.624117647058824, "imu/acl_y": -0.7158662963867187, "imu/acl_z": 7.42441934814453, "user/mode": "user", "cam/image_array": "934_cam-image_array_.jpg", "imu/gyr_x": -7.442748091603053, "user/angle": 0.2577288125247963, "user/throttle": 0.27218176824243906, "imu/gyr_z": -7.786259541984733}