{"imu/acl_x": 0.4740519287109375, "imu/gyr_y": 3.5114503816793894, "imu/temp": 32.012352941176474, "imu/acl_y": -0.39264907226562495, "imu/acl_z": 8.097190014648437, "user/mode": "user", "cam/image_array": "1519_cam-image_array_.jpg", "imu/gyr_x": -10.969465648854962, "user/angle": 0.0, "user/throttle": 0.2755757316812647, "imu/gyr_z": 27.900763358778626}