{"imu/acl_x": -0.59376201171875, "imu/gyr_y": -11.641221374045802, "imu/temp": 33.04764705882353, "imu/acl_y": 1.0342951171875, "imu/acl_z": 10.101136804199218, "user/mode": "user", "cam/image_array": "335_cam-image_array_.jpg", "imu/gyr_x": -7.656488549618321, "user/angle": 0.783501693777276, "user/throttle": 0.2653736991485336, "imu/gyr_z": -40.412213740458014}