{"imu/acl_x": 2.0446482177734375, "imu/gyr_y": 6.190839694656488, "imu/temp": 32.012352941176474, "imu/acl_y": 0.040701428222656245, "imu/acl_z": 9.576806640625, "user/mode": "user", "cam/image_array": "917_cam-image_array_.jpg", "imu/gyr_x": -1.083969465648855, "user/angle": -1.0, "user/throttle": 0.27218176824243906, "imu/gyr_z": 67.63358778625954}