{"imu/acl_x": 0.3950432739257812, "imu/gyr_y": -7.687022900763359, "imu/temp": 33.04764705882353, "imu/acl_y": 0.7661445312499999, "imu/acl_z": 11.073182678222656, "user/mode": "user", "cam/image_array": "238_cam-image_array_.jpg", "imu/gyr_x": -6.694656488549619, "user/angle": -1.0, "user/throttle": 0.26877773369548635, "imu/gyr_z": 73.27480916030534}