{"imu/acl_x": 0.51714755859375, "imu/gyr_y": -9.86259541984733, "imu/temp": 32.76529411764706, "imu/acl_y": -0.7685387329101562, "imu/acl_z": 12.86404552001953, "user/mode": "user", "cam/image_array": "808_cam-image_array_.jpg", "imu/gyr_x": 6.862595419847328, "user/angle": -1.0, "user/throttle": 0.2653736991485336, "imu/gyr_z": 58.770992366412216}