{"imu/acl_x": -1.8411410766601561, "imu/gyr_y": -10.15267175572519, "imu/temp": 32.059411764705885, "imu/acl_y": 1.3215993164062498, "imu/acl_z": 10.213664282226562, "user/mode": "user", "cam/image_array": "1483_cam-image_array_.jpg", "imu/gyr_x": -9.648854961832061, "user/angle": -1.0, "user/throttle": 0.2755757316812647, "imu/gyr_z": 88.14503816793894}