{"imu/acl_x": -2.5857377929687497, "imu/gyr_y": -0.5801526717557252, "imu/temp": 32.53, "imu/acl_y": -0.5698199951171875, "imu/acl_z": 8.772354882812499, "user/mode": "user", "cam/image_array": "1069_cam-image_array_.jpg", "imu/gyr_x": -3.5343511450381677, "user/angle": 0.0, "user/throttle": 0.27218176824243906, "imu/gyr_z": 2.267175572519084}