{"imu/acl_x": -2.568978381347656, "imu/gyr_y": -14.34351145038168, "imu/temp": 31.73, "imu/acl_y": 0.2442085693359375, "imu/acl_z": 10.996568225097656, "user/mode": "user", "cam/image_array": "1783_cam-image_array_.jpg", "imu/gyr_x": -3.33587786259542, "user/angle": -0.6392101809747612, "user/throttle": 0.27218176824243906, "imu/gyr_z": 40.908396946564885}