{"imu/acl_x": 0.7852981445312499, "imu/gyr_y": 0.22137404580152673, "imu/temp": 32.15352941176471, "imu/acl_y": 0.5003881469726562, "imu/acl_z": 8.305485559082031, "user/mode": "user", "cam/image_array": "1392_cam-image_array_.jpg", "imu/gyr_x": 1.099236641221374, "user/angle": -1.0, "user/throttle": 0.2755757316812647, "imu/gyr_z": 15.534351145038167}