{"imu/acl_x": -0.8690952026367187, "imu/gyr_y": 0.648854961832061, "imu/temp": 31.965294117647062, "imu/acl_y": -1.1013327636718748, "imu/acl_z": 8.896853369140624, "user/mode": "user", "cam/image_array": "1677_cam-image_array_.jpg", "imu/gyr_x": 11.091603053435115, "user/angle": -0.6288949247718741, "user/throttle": 0.2755757316812647, "imu/gyr_z": 39.80152671755725}