{"imu/acl_x": 0.9624690673828125, "imu/gyr_y": 1.5954198473282444, "imu/temp": 33.00058823529412, "imu/acl_y": 0.296881005859375, "imu/acl_z": 10.120290417480469, "user/mode": "user", "cam/image_array": "149_cam-image_array_.jpg", "imu/gyr_x": 3.0610687022900764, "user/angle": -1.0, "user/throttle": 0.26877773369548635, "imu/gyr_z": 58.778625954198475}