{"imu/acl_x": -1.6639701538085936, "imu/gyr_y": -3.9770992366412212, "imu/temp": 32.906470588235294, "imu/acl_y": 0.9361328491210937, "imu/acl_z": 11.84890401611328, "user/mode": "user", "cam/image_array": "555_cam-image_array_.jpg", "imu/gyr_x": 7.190839694656488, "user/angle": -0.8969389934995575, "user/throttle": 0.28238380077517017, "imu/gyr_z": 80.3969465648855}