{"imu/acl_x": 3.2321722412109373, "imu/gyr_y": -10.229007633587786, "imu/temp": 32.059411764705885, "imu/acl_y": 1.8650830932617186, "imu/acl_z": 16.457742211914063, "user/mode": "user", "cam/image_array": "1474_cam-image_array_.jpg", "imu/gyr_x": -11.419847328244275, "user/angle": -1.0, "user/throttle": 0.2755757316812647, "imu/gyr_z": 83.22900763358778}