{"imu/acl_x": -0.507570751953125, "imu/gyr_y": -6.5038167938931295, "imu/temp": 32.953529411764706, "imu/acl_y": 2.748543505859375, "imu/acl_z": 7.922413293457031, "user/mode": "user", "cam/image_array": "503_cam-image_array_.jpg", "imu/gyr_x": -4.3893129770992365, "user/angle": -0.6288949247718741, "user/throttle": 0.2653736991485336, "imu/gyr_z": 42.030534351145036}