{"imu/acl_x": -0.27293898925781246, "imu/gyr_y": 8.801526717557252, "imu/temp": 32.953529411764706, "imu/acl_y": 0.6344634399414062, "imu/acl_z": 9.698910925292969, "user/mode": "user", "cam/image_array": "82_cam-image_array_.jpg", "imu/gyr_x": -2.3206106870229006, "user/angle": -1.0, "user/throttle": 0.27218176824243906, "imu/gyr_z": 48.80152671755725}