{"imu/acl_x": 0.70868369140625, "imu/gyr_y": 17.442748091603054, "imu/temp": 33.09470588235294, "imu/acl_y": 1.1180921752929687, "imu/acl_z": 10.836156713867187, "user/mode": "user", "cam/image_array": "389_cam-image_array_.jpg", "imu/gyr_x": -15.351145038167939, "user/angle": -0.6701254310739464, "user/throttle": 0.26877773369548635, "imu/gyr_z": 41.82442748091603}