{"imu/acl_x": -0.34715924072265625, "imu/gyr_y": 19.49618320610687, "imu/temp": 32.012352941176474, "imu/acl_y": 0.031124621582031248, "imu/acl_z": 10.709264025878905, "user/mode": "user", "cam/image_array": "1502_cam-image_array_.jpg", "imu/gyr_x": 6.015267175572519, "user/angle": -0.6392101809747612, "user/throttle": 0.27218176824243906, "imu/gyr_z": -3.7938931297709924}