{"imu/acl_x": -0.82360537109375, "imu/gyr_y": -3.931297709923664, "imu/temp": 32.57705882352941, "imu/acl_y": 0.5865794067382812, "imu/acl_z": 10.20887587890625, "user/mode": "user", "cam/image_array": "932_cam-image_array_.jpg", "imu/gyr_x": -7.732824427480916, "user/angle": 0.09277626880703146, "user/throttle": 0.27218176824243906, "imu/gyr_z": 55.14503816793893}