{"imu/acl_x": 0.9050082275390624, "imu/gyr_y": -5.366412213740458, "imu/temp": 31.91823529411765, "imu/acl_y": 3.6655227416992187, "imu/acl_z": 9.579200842285156, "user/mode": "user", "cam/image_array": "1660_cam-image_array_.jpg", "imu/gyr_x": -19.61832061068702, "user/angle": -0.8557084871974853, "user/throttle": 0.2755757316812647, "imu/gyr_z": 90.45038167938931}