{"imu/acl_x": -0.842758984375, "imu/gyr_y": -1.618320610687023, "imu/temp": 33.47117647058823, "imu/acl_y": -0.9504980590820312, "imu/acl_z": 11.049240661621093, "user/mode": "user", "cam/image_array": "777_cam-image_array_.jpg", "imu/gyr_x": -5.534351145038168, "user/angle": 0.6907254249702445, "user/throttle": 0.2619696646015809, "imu/gyr_z": -47.69465648854962}