{"imu/acl_x": -0.04548983154296875, "imu/gyr_y": 0.015267175572519083, "imu/temp": 31.824117647058824, "imu/acl_y": 0.7206546997070312, "imu/acl_z": 10.575188732910156, "user/mode": "user", "cam/image_array": "1744_cam-image_array_.jpg", "imu/gyr_x": 4.786259541984733, "user/angle": -1.0, "user/throttle": 0.27218176824243906, "imu/gyr_z": -1.534351145038168}