{"imu/acl_x": -0.488417138671875, "imu/gyr_y": -7.099236641221374, "imu/temp": 32.24764705882353, "imu/acl_y": 0.8667010009765624, "imu/acl_z": 8.930372192382812, "user/mode": "user", "cam/image_array": "1281_cam-image_array_.jpg", "imu/gyr_x": -6.137404580152672, "user/angle": -0.3505355998413037, "user/throttle": 0.2755757316812647, "imu/gyr_z": 16.557251908396946}