{"imu/acl_x": -1.5921441040039062, "imu/gyr_y": -2.931297709923664, "imu/temp": 32.85941176470588, "imu/acl_y": 0.679953271484375, "imu/acl_z": 10.596736547851561, "user/mode": "user", "cam/image_array": "704_cam-image_array_.jpg", "imu/gyr_x": -16.099236641221374, "user/angle": -0.20621356852931302, "user/throttle": 0.2653736991485336, "imu/gyr_z": -4.557251908396947}