{"imu/acl_x": -0.2059013427734375, "imu/gyr_y": -5.763358778625954, "imu/temp": 33.09470588235294, "imu/acl_y": 0.239420166015625, "imu/acl_z": 11.061211669921875, "user/mode": "user", "cam/image_array": "122_cam-image_array_.jpg", "imu/gyr_x": -2.183206106870229, "user/angle": 0.0, "user/throttle": 0.26877773369548635, "imu/gyr_z": -17.297709923664122}