{"imu/acl_x": 0.32561142578124996, "imu/gyr_y": 0.6106870229007634, "imu/temp": 32.012352941176474, "imu/acl_y": 0.7972691528320313, "imu/acl_z": 10.330980163574218, "user/mode": "user", "cam/image_array": "819_cam-image_array_.jpg", "imu/gyr_x": -1.015267175572519, "user/angle": -1.0, "user/throttle": 0.2755757316812647, "imu/gyr_z": 66.18320610687023}