{"imu/acl_x": 0.852335791015625, "imu/gyr_y": 6.977099236641221, "imu/temp": 33.09470588235294, "imu/acl_y": 0.15562310791015624, "imu/acl_z": 10.04846436767578, "user/mode": "user", "cam/image_array": "362_cam-image_array_.jpg", "imu/gyr_x": -4.198473282442748, "user/angle": -1.0, "user/throttle": 0.26877773369548635, "imu/gyr_z": 61.29007633587786}