{"imu/acl_x": -0.9552864624023437, "imu/gyr_y": 1.633587786259542, "imu/temp": 33.00058823529412, "imu/acl_y": -0.143652099609375, "imu/acl_z": 7.079654309082031, "user/mode": "user", "cam/image_array": "234_cam-image_array_.jpg", "imu/gyr_x": -10.358778625954198, "user/angle": -1.0, "user/throttle": 0.26877773369548635, "imu/gyr_z": 75.27480916030534}