{"imu/acl_x": -0.47644613037109373, "imu/gyr_y": -9.641221374045802, "imu/temp": 32.906470588235294, "imu/acl_y": 0.09337386474609374, "imu/acl_z": 9.753977563476562, "user/mode": "user", "cam/image_array": "622_cam-image_array_.jpg", "imu/gyr_x": -13.541984732824428, "user/angle": -0.08249153111362041, "user/throttle": 0.2619696646015809, "imu/gyr_z": 36.786259541984734}