{"imu/acl_x": -1.180341418457031, "imu/gyr_y": 14.526717557251908, "imu/temp": 33.00058823529412, "imu/acl_y": 0.36631285400390623, "imu/acl_z": 10.66137999267578, "user/mode": "user", "cam/image_array": "326_cam-image_array_.jpg", "imu/gyr_x": 4.526717557251908, "user/angle": -1.0, "user/throttle": 0.26877773369548635, "imu/gyr_z": 56.93893129770992}