{"imu/acl_x": -0.430956298828125, "imu/gyr_y": 0.16030534351145037, "imu/temp": 33.14176470588235, "imu/acl_y": 1.6328455322265625, "imu/acl_z": 12.46900224609375, "user/mode": "user", "cam/image_array": "240_cam-image_array_.jpg", "imu/gyr_x": 0.5725190839694656, "user/angle": -0.9897457808160649, "user/throttle": 0.26877773369548635, "imu/gyr_z": 69.49618320610686}