{"imu/acl_x": -1.2306196533203124, "imu/gyr_y": 0.7251908396946565, "imu/temp": 33.04764705882353, "imu/acl_y": 0.852335791015625, "imu/acl_z": 10.965443603515624, "user/mode": "user", "cam/image_array": "75_cam-image_array_.jpg", "imu/gyr_x": -2.0839694656488548, "user/angle": -1.0, "user/throttle": 0.26877773369548635, "imu/gyr_z": 51.916030534351144}