{"imu/acl_x": -1.4891934326171874, "imu/gyr_y": -12.885496183206106, "imu/temp": 32.953529411764706, "imu/acl_y": 1.1013327636718748, "imu/acl_z": 8.597578161621094, "user/mode": "user", "cam/image_array": "409_cam-image_array_.jpg", "imu/gyr_x": -20.52671755725191, "user/angle": -0.6598406933805353, "user/throttle": 0.26877773369548635, "imu/gyr_z": 41.778625954198475}