{"imu/acl_x": 1.2306196533203124, "imu/gyr_y": 19.931297709923665, "imu/temp": 33.42411764705882, "imu/acl_y": 1.0845733520507812, "imu/acl_z": 6.883329772949218, "user/mode": "user", "cam/image_array": "846_cam-image_array_.jpg", "imu/gyr_x": -4.183206106870229, "user/angle": -0.6598406933805353, "user/throttle": 0.2755757316812647, "imu/gyr_z": 49.12977099236641}