{"imu/acl_x": -1.4317325927734375, "imu/gyr_y": -13.465648854961833, "imu/temp": 33.00058823529412, "imu/acl_y": -1.2018892333984375, "imu/acl_z": 13.82172618408203, "user/mode": "user", "cam/image_array": "476_cam-image_array_.jpg", "imu/gyr_x": -6.6106870229007635, "user/angle": 0.597949156163213, "user/throttle": 0.2653736991485336, "imu/gyr_z": -55.30534351145038}