{"imu/acl_x": -0.01915361328125, "imu/gyr_y": -12.458015267175572, "imu/temp": 32.012352941176474, "imu/acl_y": -1.177947216796875, "imu/acl_z": 10.601524951171875, "user/mode": "user", "cam/image_array": "898_cam-image_array_.jpg", "imu/gyr_x": 2.3053435114503817, "user/angle": 0.0, "user/throttle": 0.27218176824243906, "imu/gyr_z": 8.885496183206106}