{"imu/acl_x": -1.149216796875, "imu/gyr_y": 3.0229007633587788, "imu/temp": 32.624117647058824, "imu/acl_y": 0.7948749511718749, "imu/acl_z": 9.935936889648437, "user/mode": "user", "cam/image_array": "853_cam-image_array_.jpg", "imu/gyr_x": 2.66412213740458, "user/angle": -0.2783593249305704, "user/throttle": 0.2755757316812647, "imu/gyr_z": 51.29770992366412}