{"imu/acl_x": 0.047884033203124995, "imu/gyr_y": -1.3587786259541985, "imu/temp": 33.09470588235294, "imu/acl_y": 0.19632453613281248, "imu/acl_z": 11.243170996093749, "user/mode": "user", "cam/image_array": "431_cam-image_array_.jpg", "imu/gyr_x": -6.816793893129771, "user/angle": 0.0, "user/throttle": 0.2653736991485336, "imu/gyr_z": 15.83969465648855}