{"imu/acl_x": -1.446097802734375, "imu/gyr_y": -13.389312977099237, "imu/temp": 33.09470588235294, "imu/acl_y": 1.7764976318359373, "imu/acl_z": 9.648632690429688, "user/mode": "user", "cam/image_array": "325_cam-image_array_.jpg", "imu/gyr_x": -6.908396946564886, "user/angle": -1.0, "user/throttle": 0.26877773369548635, "imu/gyr_z": 57.732824427480914}