{"imu/acl_x": -0.9193734375, "imu/gyr_y": 2.1908396946564888, "imu/temp": 33.00058823529412, "imu/acl_y": 0.45968671875, "imu/acl_z": 11.824961999511718, "user/mode": "user", "cam/image_array": "391_cam-image_array_.jpg", "imu/gyr_x": 0.5725190839694656, "user/angle": -0.46394238105410934, "user/throttle": 0.26877773369548635, "imu/gyr_z": 42.32824427480916}