{"imu/acl_x": -1.484405029296875, "imu/gyr_y": 14.473282442748092, "imu/temp": 33.09470588235294, "imu/acl_y": 0.2537853759765625, "imu/acl_z": 11.425130322265625, "user/mode": "user", "cam/image_array": "207_cam-image_array_.jpg", "imu/gyr_x": -2.9083969465648853, "user/angle": -0.5670339060640278, "user/throttle": 0.26877773369548635, "imu/gyr_z": 16.091603053435115}