{"imu/acl_x": 3.0502129150390624, "imu/gyr_y": -3.954198473282443, "imu/temp": 31.73, "imu/acl_y": 0.14125789794921875, "imu/acl_z": 9.85692823486328, "user/mode": "user", "cam/image_array": "1823_cam-image_array_.jpg", "imu/gyr_x": 6.923664122137405, "user/angle": -0.17526779992065186, "user/throttle": 0.27218176824243906, "imu/gyr_z": -7.923664122137405}