{"imu/acl_x": -0.29448680419921874, "imu/gyr_y": -4.022900763358779, "imu/temp": 33.14176470588235, "imu/acl_y": 0.5458779785156249, "imu/acl_z": 10.51533369140625, "user/mode": "user", "cam/image_array": "342_cam-image_array_.jpg", "imu/gyr_x": -8.15267175572519, "user/angle": 0.7319559312723166, "user/throttle": 0.2653736991485336, "imu/gyr_z": -68.2824427480916}