{"imu/acl_x": -0.5746083984375, "imu/gyr_y": -10.19083969465649, "imu/temp": 33.09470588235294, "imu/acl_y": 2.7341782958984373, "imu/acl_z": 9.816226806640625, "user/mode": "user", "cam/image_array": "170_cam-image_array_.jpg", "imu/gyr_x": -20.358778625954198, "user/angle": -0.6701254310739464, "user/throttle": 0.2619696646015809, "imu/gyr_z": 29.53435114503817}