{"imu/acl_x": 0.9169792358398436, "imu/gyr_y": 15.129770992366412, "imu/temp": 32.953529411764706, "imu/acl_y": 0.33518823242187495, "imu/acl_z": 9.6917283203125, "user/mode": "user", "cam/image_array": "323_cam-image_array_.jpg", "imu/gyr_x": -5.5038167938931295, "user/angle": -1.0, "user/throttle": 0.26877773369548635, "imu/gyr_z": 65.57251908396947}