{"imu/acl_x": -2.9664158569335934, "imu/gyr_y": -16.076335877862597, "imu/temp": 33.00058823529412, "imu/acl_y": -0.11731588134765625, "imu/acl_z": 12.243947290039062, "user/mode": "user", "cam/image_array": "571_cam-image_array_.jpg", "imu/gyr_x": 1.4045801526717556, "user/angle": 0.07214575640125737, "user/throttle": 0.2755757316812647, "imu/gyr_z": -18.87786259541985}