{"imu/acl_x": 0.7517793212890624, "imu/gyr_y": 9.80916030534351, "imu/temp": 33.04764705882353, "imu/acl_y": 0.5674257934570313, "imu/acl_z": 8.499415893554687, "user/mode": "user", "cam/image_array": "373_cam-image_array_.jpg", "imu/gyr_x": -5.015267175572519, "user/angle": -0.8866542558061464, "user/throttle": 0.26877773369548635, "imu/gyr_z": 60.88549618320611}