{"imu/acl_x": -0.39983167724609375, "imu/gyr_y": -7.221374045801527, "imu/temp": 32.15352941176471, "imu/acl_y": 0.4572925170898437, "imu/acl_z": 8.89924757080078, "user/mode": "user", "cam/image_array": "1503_cam-image_array_.jpg", "imu/gyr_x": -4.702290076335878, "user/angle": -0.7010711996826074, "user/throttle": 0.27218176824243906, "imu/gyr_z": 20.18320610687023}