{"imu/acl_x": 0.814028564453125, "imu/gyr_y": 3.2595419847328246, "imu/temp": 32.15352941176471, "imu/acl_y": 1.2234370483398436, "imu/acl_z": 7.211335400390625, "user/mode": "user", "cam/image_array": "1455_cam-image_array_.jpg", "imu/gyr_x": -12.17557251908397, "user/angle": -0.09280678731650746, "user/throttle": 0.2755757316812647, "imu/gyr_z": 30.625954198473284}