{"imu/acl_x": -0.8283937744140625, "imu/gyr_y": 3.282442748091603, "imu/temp": 31.68294117647059, "imu/acl_y": 1.4125789794921875, "imu/acl_z": 8.769960681152343, "user/mode": "user", "cam/image_array": "1867_cam-image_array_.jpg", "imu/gyr_x": -10.977099236641221, "user/angle": 0.0, "user/throttle": 0.27218176824243906, "imu/gyr_z": -20.50381679389313}