{"imu/acl_x": 0.6512228515624999, "imu/gyr_y": -19.49618320610687, "imu/temp": 31.824117647058824, "imu/acl_y": 0.258573779296875, "imu/acl_z": 8.650250598144531, "user/mode": "user", "cam/image_array": "1781_cam-image_array_.jpg", "imu/gyr_x": -9.099236641221374, "user/angle": -0.6392101809747612, "user/throttle": 0.27218176824243906, "imu/gyr_z": 35.267175572519086}