{"imu/acl_x": 1.2665326782226562, "imu/gyr_y": 5.404580152671755, "imu/temp": 31.777058823529412, "imu/acl_y": 0.7517793212890624, "imu/acl_z": 9.78031378173828, "user/mode": "user", "cam/image_array": "1755_cam-image_array_.jpg", "imu/gyr_x": 1.0610687022900764, "user/angle": -1.0, "user/throttle": 0.27218176824243906, "imu/gyr_z": 74.44274809160305}