{"imu/acl_x": 0.36391865234375, "imu/gyr_y": 1.9465648854961832, "imu/temp": 32.48294117647059, "imu/acl_y": 0.5626373901367188, "imu/acl_z": 11.001356628417968, "user/mode": "user", "cam/image_array": "1171_cam-image_array_.jpg", "imu/gyr_x": -10.030534351145038, "user/angle": -0.9382000183111057, "user/throttle": 0.27218176824243906, "imu/gyr_z": 66.6412213740458}