{"imu/acl_x": -1.66636435546875, "imu/gyr_y": -8.572519083969466, "imu/temp": 32.012352941176474, "imu/acl_y": -0.5602431884765625, "imu/acl_z": 11.336544860839844, "user/mode": "user", "cam/image_array": "779_cam-image_array_.jpg", "imu/gyr_x": -9.366412213740459, "user/angle": 0.8556779686880093, "user/throttle": 0.2619696646015809, "imu/gyr_z": -58.98473282442748}