{"imu/acl_x": 1.0917559570312498, "imu/gyr_y": -4.648854961832061, "imu/temp": 32.53, "imu/acl_y": 1.5610194824218748, "imu/acl_z": 8.947131604003905, "user/mode": "user", "cam/image_array": "1086_cam-image_array_.jpg", "imu/gyr_x": -8.435114503816793, "user/angle": -1.0, "user/throttle": 0.27218176824243906, "imu/gyr_z": 48.82442748091603}