{"imu/acl_x": 1.3000515014648437, "imu/gyr_y": 1.1450381679389312, "imu/temp": 33.09470588235294, "imu/acl_y": -0.4572925170898437, "imu/acl_z": 9.868899243164062, "user/mode": "user", "cam/image_array": "344_cam-image_array_.jpg", "imu/gyr_x": -11.664122137404581, "user/angle": 0.7113559373760185, "user/throttle": 0.26877773369548635, "imu/gyr_z": -61.41984732824427}