{"imu/acl_x": -1.9416975463867185, "imu/gyr_y": -8.51908396946565, "imu/temp": 31.91823529411765, "imu/acl_y": -1.9321207397460936, "imu/acl_z": 12.84489190673828, "user/mode": "user", "cam/image_array": "1637_cam-image_array_.jpg", "imu/gyr_x": 0.9923664122137404, "user/angle": -0.061861018707846306, "user/throttle": 0.2755757316812647, "imu/gyr_z": -13.045801526717558}