{"imu/acl_x": -0.28969840087890625, "imu/gyr_y": 18.31297709923664, "imu/temp": 31.91823529411765, "imu/acl_y": -0.8810662109374999, "imu/acl_z": 10.062829577636718, "user/mode": "user", "cam/image_array": "1681_cam-image_array_.jpg", "imu/gyr_x": 0.11450381679389313, "user/angle": -0.7319864497817926, "user/throttle": 0.2755757316812647, "imu/gyr_z": 60.12977099236641}