{"imu/acl_x": -0.7038952880859375, "imu/gyr_y": 1.6793893129770991, "imu/temp": 32.53, "imu/acl_y": 1.8531120849609375, "imu/acl_z": 10.817003100585938, "user/mode": "user", "cam/image_array": "1049_cam-image_array_.jpg", "imu/gyr_x": 1.7709923664122138, "user/angle": -0.6495254371776482, "user/throttle": 0.27218176824243906, "imu/gyr_z": 38.44274809160305}