{"imu/acl_x": -1.7094599853515624, "imu/gyr_y": -2.2519083969465647, "imu/temp": 31.91823529411765, "imu/acl_y": -1.1372457885742187, "imu/acl_z": 9.9981861328125, "user/mode": "user", "cam/image_array": "1607_cam-image_array_.jpg", "imu/gyr_x": 5.145038167938932, "user/angle": -0.3402203436384167, "user/throttle": 0.2755757316812647, "imu/gyr_z": -11.13740458015267}