{"imu/acl_x": -1.0271125122070313, "imu/gyr_y": -11.244274809160306, "imu/temp": 33.42411764705882, "imu/acl_y": 0.5746083984375, "imu/acl_z": 8.037334973144532, "user/mode": "user", "cam/image_array": "821_cam-image_array_.jpg", "imu/gyr_x": -1.8854961832061068, "user/angle": -0.8866542558061464, "user/throttle": 0.2755757316812647, "imu/gyr_z": 55.74809160305343}