{"imu/acl_x": -0.7134720947265625, "imu/gyr_y": 8.198473282442748, "imu/temp": 31.259411764705884, "imu/acl_y": -1.3407529296874998, "imu/acl_z": 13.464990136718749, "user/mode": "user", "cam/image_array": "1555_cam-image_array_.jpg", "imu/gyr_x": -7.145038167938932, "user/angle": 0.49485763115329445, "user/throttle": 0.2755757316812647, "imu/gyr_z": -39.900763358778626}