{"imu/acl_x": 0.39743747558593745, "imu/gyr_y": 6.572519083969466, "imu/temp": 31.91823529411765, "imu/acl_y": 1.1635820068359375, "imu/acl_z": 10.955866796875, "user/mode": "user", "cam/image_array": "1717_cam-image_array_.jpg", "imu/gyr_x": -5.091603053435114, "user/angle": -1.0, "user/throttle": 0.2755757316812647, "imu/gyr_z": 83.83969465648855}