{"imu/acl_x": 0.967257470703125, "imu/gyr_y": 20.236641221374047, "imu/temp": 32.24764705882353, "imu/acl_y": 1.0319009155273438, "imu/acl_z": 10.321403356933594, "user/mode": "user", "cam/image_array": "1400_cam-image_array_.jpg", "imu/gyr_x": -0.7862595419847328, "user/angle": -1.0, "user/throttle": 0.2755757316812647, "imu/gyr_z": 78.36641221374046}