{"imu/acl_x": 2.578555187988281, "imu/gyr_y": 20.65648854961832, "imu/temp": 32.012352941176474, "imu/acl_y": -0.3711012573242187, "imu/acl_z": 9.804255798339844, "user/mode": "user", "cam/image_array": "1481_cam-image_array_.jpg", "imu/gyr_x": -2.816793893129771, "user/angle": -1.0, "user/throttle": 0.2755757316812647, "imu/gyr_z": 88.7557251908397}