{"imu/acl_x": -0.0383072265625, "imu/gyr_y": -8.290076335877863, "imu/temp": 33.00058823529412, "imu/acl_y": -0.086191259765625, "imu/acl_z": 11.6070896484375, "user/mode": "user", "cam/image_array": "17_cam-image_array_.jpg", "imu/gyr_x": 5.526717557251908, "user/angle": 0.0, "user/throttle": 0.30620197149571216, "imu/gyr_z": -3.786259541984733}