{"imu/acl_x": 0.7924807495117187, "imu/gyr_y": 0.48854961832061067, "imu/temp": 32.20058823529412, "imu/acl_y": 1.0965443603515623, "imu/acl_z": 10.333374365234375, "user/mode": "user", "cam/image_array": "1325_cam-image_array_.jpg", "imu/gyr_x": 5.541984732824427, "user/angle": -0.8350779747917112, "user/throttle": 0.2755757316812647, "imu/gyr_z": 55.25954198473283}