{"imu/acl_x": -0.14125789794921875, "imu/gyr_y": 0.8549618320610687, "imu/temp": 32.906470588235294, "imu/acl_y": 1.1013327636718748, "imu/acl_z": 9.579200842285156, "user/mode": "user", "cam/image_array": "543_cam-image_array_.jpg", "imu/gyr_x": -4.152671755725191, "user/angle": -0.7319864497817926, "user/throttle": 0.2857878353221229, "imu/gyr_z": 32.916030534351144}