{"imu/acl_x": -1.5586252807617187, "imu/gyr_y": -22.427480916030536, "imu/temp": 31.777058823529412, "imu/acl_y": 0.32561142578124996, "imu/acl_z": 13.881581225585936, "user/mode": "user", "cam/image_array": "1864_cam-image_array_.jpg", "imu/gyr_x": -3.4198473282442747, "user/angle": 0.24741355632190923, "user/throttle": 0.27218176824243906, "imu/gyr_z": -42.267175572519086}