{"imu/acl_x": -1.5059528442382812, "imu/gyr_y": -25.641221374045802, "imu/temp": 32.341764705882355, "imu/acl_y": -1.2378022583007813, "imu/acl_z": 9.9215716796875, "user/mode": "user", "cam/image_array": "1346_cam-image_array_.jpg", "imu/gyr_x": -9.221374045801527, "user/angle": -0.2989898373363445, "user/throttle": 0.2755757316812647, "imu/gyr_z": -75.72519083969466}