{"imu/acl_x": -0.7805097412109374, "imu/gyr_y": -0.3816793893129771, "imu/temp": 32.48294117647059, "imu/acl_y": 0.8595183959960937, "imu/acl_z": 10.658985791015624, "user/mode": "user", "cam/image_array": "1203_cam-image_array_.jpg", "imu/gyr_x": -2.564885496183206, "user/angle": -0.2989898373363445, "user/throttle": 0.27218176824243906, "imu/gyr_z": -15.045801526717558}