{"imu/acl_x": -1.0007762939453124, "imu/gyr_y": 5.9465648854961835, "imu/temp": 32.85941176470588, "imu/acl_y": 0.19153613281249998, "imu/acl_z": 11.587936035156249, "user/mode": "user", "cam/image_array": "698_cam-image_array_.jpg", "imu/gyr_x": -1.16793893129771, "user/angle": 0.0, "user/throttle": 0.2653736991485336, "imu/gyr_z": -8.221374045801527}