{"imu/acl_x": -1.0414777221679687, "imu/gyr_y": 6.2748091603053435, "imu/temp": 32.48294117647059, "imu/acl_y": 1.917755529785156, "imu/acl_z": 14.846444494628905, "user/mode": "user", "cam/image_array": "1096_cam-image_array_.jpg", "imu/gyr_x": 4.709923664122138, "user/angle": -1.0, "user/throttle": 0.27218176824243906, "imu/gyr_z": 69.86259541984732}