{"imu/acl_x": -3.047818713378906, "imu/gyr_y": 10.946564885496183, "imu/temp": 32.24764705882353, "imu/acl_y": 2.8850130004882812, "imu/acl_z": 14.288595507812499, "user/mode": "user", "cam/image_array": "1373_cam-image_array_.jpg", "imu/gyr_x": 0.7633587786259542, "user/angle": -0.07217627491073336, "user/throttle": 0.2755757316812647, "imu/gyr_z": 71.08396946564885}