{"imu/acl_x": 0.16041151123046873, "imu/gyr_y": 0.916030534351145, "imu/temp": 33.04764705882353, "imu/acl_y": 0.603338818359375, "imu/acl_z": 10.204087475585936, "user/mode": "user", "cam/image_array": "385_cam-image_array_.jpg", "imu/gyr_x": -6.229007633587786, "user/angle": -0.4227118747520371, "user/throttle": 0.2653736991485336, "imu/gyr_z": 35.98473282442748}