{"imu/acl_x": -0.03591302490234375, "imu/gyr_y": 10.526717557251908, "imu/temp": 32.388823529411766, "imu/acl_y": 1.2785036865234374, "imu/acl_z": 9.794678991699218, "user/mode": "user", "cam/image_array": "1240_cam-image_array_.jpg", "imu/gyr_x": -2.877862595419847, "user/angle": -0.9072542497024445, "user/throttle": 0.2755757316812647, "imu/gyr_z": 64.20610687022901}