{"imu/acl_x": 1.5658078857421873, "imu/gyr_y": -8.534351145038167, "imu/temp": 32.15352941176471, "imu/acl_y": 2.6719290527343746, "imu/acl_z": 12.334926953124999, "user/mode": "user", "cam/image_array": "1439_cam-image_array_.jpg", "imu/gyr_x": -7.305343511450381, "user/angle": -0.5773491622669149, "user/throttle": 0.2755757316812647, "imu/gyr_z": 77.0381679389313}