{"imu/acl_x": -1.458068811035156, "imu/gyr_y": -3.015267175572519, "imu/temp": 33.04764705882353, "imu/acl_y": -0.07422025146484375, "imu/acl_z": 10.594342346191405, "user/mode": "user", "cam/image_array": "354_cam-image_array_.jpg", "imu/gyr_x": 6.641221374045801, "user/angle": -1.0, "user/throttle": 0.2653736991485336, "imu/gyr_z": 38.152671755725194}