{"imu/acl_x": -0.3184288208007812, "imu/gyr_y": 2.946564885496183, "imu/temp": 32.15352941176471, "imu/acl_y": -0.2154781494140625, "imu/acl_z": 8.295908752441406, "user/mode": "user", "cam/image_array": "1394_cam-image_array_.jpg", "imu/gyr_x": -3.83206106870229, "user/angle": -1.0, "user/throttle": 0.2755757316812647, "imu/gyr_z": 63.01526717557252}