{"imu/acl_x": -0.48123453369140623, "imu/gyr_y": -4.33587786259542, "imu/temp": 33.04764705882353, "imu/acl_y": 0.29448680419921874, "imu/acl_z": 8.817844714355468, "user/mode": "user", "cam/image_array": "169_cam-image_array_.jpg", "imu/gyr_x": -0.10687022900763359, "user/angle": -0.6082949308755761, "user/throttle": 0.2619696646015809, "imu/gyr_z": 27.358778625954198}