{"imu/acl_x": -1.7094599853515624, "imu/gyr_y": -8.007633587786259, "imu/temp": 32.20058823529412, "imu/acl_y": 0.6584054565429687, "imu/acl_z": 8.602366564941406, "user/mode": "user", "cam/image_array": "1334_cam-image_array_.jpg", "imu/gyr_x": 7.038167938931298, "user/angle": -0.9897457808160649, "user/throttle": 0.2755757316812647, "imu/gyr_z": 80.4885496183206}