{"imu/acl_x": -3.5434184570312497, "imu/gyr_y": -18.83969465648855, "imu/temp": 32.81235294117647, "imu/acl_y": -0.07422025146484375, "imu/acl_z": 15.56470499267578, "user/mode": "user", "cam/image_array": "720_cam-image_array_.jpg", "imu/gyr_x": 0.21374045801526717, "user/angle": -0.7526169621875668, "user/throttle": 0.2653736991485336, "imu/gyr_z": 46.32824427480916}