{"imu/acl_x": 2.612074011230469, "imu/gyr_y": 10.465648854961833, "imu/temp": 31.91823529411765, "imu/acl_y": 0.5817910034179687, "imu/acl_z": 9.662997900390625, "user/mode": "user", "cam/image_array": "1636_cam-image_array_.jpg", "imu/gyr_x": -8.580152671755725, "user/angle": 0.0, "user/throttle": 0.2755757316812647, "imu/gyr_z": -10.114503816793894}