{"imu/acl_x": -1.5418658691406248, "imu/gyr_y": 0.48091603053435117, "imu/temp": 33.14176470588235, "imu/acl_y": 0.9864110839843749, "imu/acl_z": 11.956643090820311, "user/mode": "user", "cam/image_array": "92_cam-image_array_.jpg", "imu/gyr_x": 0.4580152671755725, "user/angle": -1.0, "user/throttle": 0.27218176824243906, "imu/gyr_z": 47.66412213740458}