{"imu/acl_x": 0.6105214233398437, "imu/gyr_y": -7.763358778625954, "imu/temp": 33.47117647058823, "imu/acl_y": 0.5602431884765625, "imu/acl_z": 7.228094812011718, "user/mode": "user", "cam/image_array": "837_cam-image_array_.jpg", "imu/gyr_x": 3.480916030534351, "user/angle": -0.6598406933805353, "user/throttle": 0.2755757316812647, "imu/gyr_z": 49.16793893129771}