{"imu/acl_x": -1.707065783691406, "imu/gyr_y": 1.6106870229007633, "imu/temp": 31.68294117647059, "imu/acl_y": 0.7206546997070312, "imu/acl_z": 11.824961999511718, "user/mode": "user", "cam/image_array": "1852_cam-image_array_.jpg", "imu/gyr_x": 1.4122137404580153, "user/angle": -0.14435254982146672, "user/throttle": 0.27218176824243906, "imu/gyr_z": 68.82442748091603}