{"imu/acl_x": 3.1172505615234374, "imu/gyr_y": 19.47328244274809, "imu/temp": 32.71823529411765, "imu/acl_y": 1.3192051147460937, "imu/acl_z": 8.305485559082031, "user/mode": "user", "cam/image_array": "914_cam-image_array_.jpg", "imu/gyr_x": -8.870229007633588, "user/angle": -0.8247932370983001, "user/throttle": 0.27218176824243906, "imu/gyr_z": 61.74809160305343}