{"imu/acl_x": -1.8291700683593748, "imu/gyr_y": 1.8091603053435115, "imu/temp": 32.953529411764706, "imu/acl_y": 0.105344873046875, "imu/acl_z": 10.951078393554686, "user/mode": "user", "cam/image_array": "30_cam-image_array_.jpg", "imu/gyr_x": -1.916030534351145, "user/angle": -0.3505355998413037, "user/throttle": 0.2007373271889401, "imu/gyr_z": 7.687022900763359}