{"imu/acl_x": -1.2138602416992186, "imu/gyr_y": -5.793893129770993, "imu/temp": 33.09470588235294, "imu/acl_y": 0.01915361328125, "imu/acl_z": 10.251971508789062, "user/mode": "user", "cam/image_array": "43_cam-image_array_.jpg", "imu/gyr_x": -4.374045801526718, "user/angle": -0.2371288186284982, "user/throttle": 0.2585656300546282, "imu/gyr_z": -1.5038167938931297}