{"imu/acl_x": 0.86191259765625, "imu/gyr_y": 0.5114503816793893, "imu/temp": 32.20058823529412, "imu/acl_y": 1.7357962036132812, "imu/acl_z": 12.67250938720703, "user/mode": "user", "cam/image_array": "1356_cam-image_array_.jpg", "imu/gyr_x": -15.381679389312977, "user/angle": -1.0, "user/throttle": 0.2755757316812647, "imu/gyr_z": 87.12213740458016}