{"imu/acl_x": 0.5147533569335937, "imu/gyr_y": 2.7480916030534353, "imu/temp": 33.04764705882353, "imu/acl_y": 0.055066638183593745, "imu/acl_z": 9.629479077148437, "user/mode": "user", "cam/image_array": "327_cam-image_array_.jpg", "imu/gyr_x": -4.320610687022901, "user/angle": -0.9794305246131779, "user/throttle": 0.26877773369548635, "imu/gyr_z": 63.0}