{"imu/acl_x": 1.7286135986328124, "imu/gyr_y": 7.770992366412214, "imu/temp": 33.14176470588235, "imu/acl_y": -0.430956298828125, "imu/acl_z": 12.059593762207031, "user/mode": "user", "cam/image_array": "287_cam-image_array_.jpg", "imu/gyr_x": 5.465648854961832, "user/angle": -0.08249153111362041, "user/throttle": 0.26877773369548635, "imu/gyr_z": 60.14503816793893}