{"imu/acl_x": 2.0877438476562498, "imu/gyr_y": 15.374045801526718, "imu/temp": 32.53, "imu/acl_y": 0.17477672119140625, "imu/acl_z": 10.402806213378906, "user/mode": "user", "cam/image_array": "1061_cam-image_array_.jpg", "imu/gyr_x": -5.641221374045801, "user/angle": -0.618579668568987, "user/throttle": 0.27218176824243906, "imu/gyr_z": 54.465648854961835}