{"imu/acl_x": -1.9967641845703124, "imu/gyr_y": 1.3282442748091603, "imu/temp": 32.24764705882353, "imu/acl_y": 4.010287780761718, "imu/acl_z": 10.97502041015625, "user/mode": "user", "cam/image_array": "1355_cam-image_array_.jpg", "imu/gyr_x": -10.251908396946565, "user/angle": -1.0, "user/throttle": 0.2755757316812647, "imu/gyr_z": 79.96946564885496}