{"imu/acl_x": 0.4261678955078125, "imu/gyr_y": -4.396946564885496, "imu/temp": 32.059411764705885, "imu/acl_y": -0.6919242797851562, "imu/acl_z": 8.37012900390625, "user/mode": "user", "cam/image_array": "782_cam-image_array_.jpg", "imu/gyr_x": 0.9389312977099237, "user/angle": 1.0, "user/throttle": 0.2619696646015809, "imu/gyr_z": -73.68702290076335}