{"imu/acl_x": 1.0821791503906248, "imu/gyr_y": -10.221374045801527, "imu/temp": 31.91823529411765, "imu/acl_y": -0.5458779785156249, "imu/acl_z": 8.17859287109375, "user/mode": "user", "cam/image_array": "1670_cam-image_array_.jpg", "imu/gyr_x": -5.641221374045801, "user/angle": 0.46391186254463335, "user/throttle": 0.2755757316812647, "imu/gyr_z": -61.12213740458015}