{"imu/acl_x": -1.3024457031249999, "imu/gyr_y": 1.7633587786259541, "imu/temp": 33.09470588235294, "imu/acl_y": -0.10295067138671875, "imu/acl_z": 10.24718310546875, "user/mode": "user", "cam/image_array": "288_cam-image_array_.jpg", "imu/gyr_x": 4.595419847328245, "user/angle": 0.0, "user/throttle": 0.26877773369548635, "imu/gyr_z": 26.251908396946565}