{"imu/acl_x": -1.0965443603515623, "imu/gyr_y": 3.7099236641221376, "imu/temp": 31.777058823529412, "imu/acl_y": 1.85790048828125, "imu/acl_z": 11.042058056640624, "user/mode": "user", "cam/image_array": "1719_cam-image_array_.jpg", "imu/gyr_x": 0.6259541984732825, "user/angle": -1.0, "user/throttle": 0.27218176824243906, "imu/gyr_z": 70.76335877862596}