{"imu/acl_x": -0.07900865478515624, "imu/gyr_y": -0.5801526717557252, "imu/temp": 32.012352941176474, "imu/acl_y": 0.59376201171875, "imu/acl_z": 9.797073193359374, "user/mode": "user", "cam/image_array": "1433_cam-image_array_.jpg", "imu/gyr_x": 4.641221374045801, "user/angle": -0.195898312326426, "user/throttle": 0.2755757316812647, "imu/gyr_z": 19.18320610687023}