{"imu/acl_x": 1.1444283935546875, "imu/gyr_y": 19.366412213740457, "imu/temp": 32.43588235294118, "imu/acl_y": -1.618480322265625, "imu/acl_z": 8.28633194580078, "user/mode": "user", "cam/image_array": "988_cam-image_array_.jpg", "imu/gyr_x": 0.9847328244274809, "user/angle": 1.0, "user/throttle": 0.27218176824243906, "imu/gyr_z": -81.92366412213741}