{"imu/acl_x": -0.07422025146484375, "imu/gyr_y": -5.862595419847328, "imu/temp": 32.85941176470588, "imu/acl_y": 1.0797849487304687, "imu/acl_z": 9.478644372558593, "user/mode": "user", "cam/image_array": "612_cam-image_array_.jpg", "imu/gyr_x": -5.183206106870229, "user/angle": -0.7526169621875668, "user/throttle": 0.2619696646015809, "imu/gyr_z": 43.32824427480916}