{"imu/acl_x": 0.3806780639648437, "imu/gyr_y": 12.664122137404581, "imu/temp": 32.012352941176474, "imu/acl_y": -0.6488286499023437, "imu/acl_z": 9.34696328125, "user/mode": "user", "cam/image_array": "933_cam-image_array_.jpg", "imu/gyr_x": -7.137404580152672, "user/angle": 0.2164983062227241, "user/throttle": 0.27218176824243906, "imu/gyr_z": 23.595419847328245}