{"imu/acl_x": 0.047884033203124995, "imu/gyr_y": 6.519083969465649, "imu/temp": 32.48294117647059, "imu/acl_y": 1.6256629272460936, "imu/acl_z": 11.326968054199218, "user/mode": "user", "cam/image_array": "1067_cam-image_array_.jpg", "imu/gyr_x": -9.893129770992367, "user/angle": -0.18558305612353893, "user/throttle": 0.27218176824243906, "imu/gyr_z": 40.25954198473283}