{"imu/acl_x": 2.454056701660156, "imu/gyr_y": -10.32824427480916, "imu/temp": 32.24764705882353, "imu/acl_y": -0.8762778076171874, "imu/acl_z": 8.36294639892578, "user/mode": "user", "cam/image_array": "1310_cam-image_array_.jpg", "imu/gyr_x": -22.458015267175572, "user/angle": 0.28864406262398146, "user/throttle": 0.2755757316812647, "imu/gyr_z": -22.66412213740458}