{"imu/acl_x": 0.086191259765625, "imu/gyr_y": 1.213740458015267, "imu/temp": 33.42411764705882, "imu/acl_y": 2.607285607910156, "imu/acl_z": 11.513715783691406, "user/mode": "user", "cam/image_array": "802_cam-image_array_.jpg", "imu/gyr_x": -15.458015267175572, "user/angle": -0.5876644184698019, "user/throttle": 0.2653736991485336, "imu/gyr_z": 37.93893129770992}