{"imu/acl_x": -0.16998831787109375, "imu/gyr_y": -0.05343511450381679, "imu/temp": 33.09470588235294, "imu/acl_y": -0.8212111694335937, "imu/acl_z": 11.176133349609374, "user/mode": "user", "cam/image_array": "215_cam-image_array_.jpg", "imu/gyr_x": 10.885496183206106, "user/angle": 0.0, "user/throttle": 0.26877773369548635, "imu/gyr_z": -7.374045801526718}