{"imu/acl_x": -0.9026140258789062, "imu/gyr_y": 0.7022900763358778, "imu/temp": 32.20058823529412, "imu/acl_y": 0.00718260498046875, "imu/acl_z": 10.019733947753906, "user/mode": "user", "cam/image_array": "1305_cam-image_array_.jpg", "imu/gyr_x": 8.267175572519085, "user/angle": 0.0, "user/throttle": 0.2755757316812647, "imu/gyr_z": 49.16030534351145}