{"imu/acl_x": 0.5793968017578125, "imu/gyr_y": 10.236641221374045, "imu/temp": 32.43588235294118, "imu/acl_y": -0.2609679809570312, "imu/acl_z": 12.014103930664062, "user/mode": "user", "cam/image_array": "1089_cam-image_array_.jpg", "imu/gyr_x": -4.183206106870229, "user/angle": -1.0, "user/throttle": 0.27218176824243906, "imu/gyr_z": 83.12977099236642}