{"imu/acl_x": 0.00239420166015625, "imu/gyr_y": 0.5801526717557252, "imu/temp": 33.00058823529412, "imu/acl_y": 0.19153613281249998, "imu/acl_z": 10.165780249023436, "user/mode": "user", "cam/image_array": "1_cam-image_array_.jpg", "imu/gyr_x": -2.7786259541984735, "user/angle": 0.0, "user/throttle": 0.10547471541489915, "imu/gyr_z": -1.3511450381679388}