{"imu/acl_x": -0.316034619140625, "imu/gyr_y": 4.435114503816794, "imu/temp": 32.953529411764706, "imu/acl_y": 0.1388636962890625, "imu/acl_z": 11.142614526367186, "user/mode": "user", "cam/image_array": "38_cam-image_array_.jpg", "imu/gyr_x": 3.66412213740458, "user/angle": -0.16498306222724082, "user/throttle": 0.2585656300546282, "imu/gyr_z": 4.198473282442748}