{"imu/acl_x": 0.430956298828125, "imu/gyr_y": 6.480916030534351, "imu/temp": 32.57705882352941, "imu/acl_y": 0.11013327636718749, "imu/acl_z": 10.472238061523436, "user/mode": "user", "cam/image_array": "1020_cam-image_array_.jpg", "imu/gyr_x": -5.824427480916031, "user/angle": -0.061861018707846306, "user/throttle": 0.27218176824243906, "imu/gyr_z": 1.3435114503816794}