{"imu/acl_x": -0.17238251953125, "imu/gyr_y": 7.801526717557252, "imu/temp": 31.965294117647062, "imu/acl_y": 0.7637503295898437, "imu/acl_z": 12.282254516601562, "user/mode": "user", "cam/image_array": "1679_cam-image_array_.jpg", "imu/gyr_x": -0.366412213740458, "user/angle": -0.6288949247718741, "user/throttle": 0.2755757316812647, "imu/gyr_z": 59.38931297709924}