{"imu/acl_x": 0.12689268798828124, "imu/gyr_y": -3.3893129770992365, "imu/temp": 33.14176470588235, "imu/acl_y": 0.36391865234375, "imu/acl_z": 10.805032092285156, "user/mode": "user", "cam/image_array": "253_cam-image_array_.jpg", "imu/gyr_x": 2.0076335877862594, "user/angle": 0.0, "user/throttle": 0.26877773369548635, "imu/gyr_z": -5.00763358778626}