{"imu/acl_x": 0.6368576416015624, "imu/gyr_y": -4.465648854961832, "imu/temp": 31.777058823529412, "imu/acl_y": 1.1947066284179686, "imu/acl_z": 8.865728747558594, "user/mode": "user", "cam/image_array": "1831_cam-image_array_.jpg", "imu/gyr_x": -11.488549618320612, "user/angle": -0.8969389934995575, "user/throttle": 0.27218176824243906, "imu/gyr_z": 45.99236641221374}