{"imu/acl_x": 1.889025109863281, "imu/gyr_y": 18.557251908396946, "imu/temp": 33.09470588235294, "imu/acl_y": 0.507570751953125, "imu/acl_z": 7.134720947265625, "user/mode": "user", "cam/image_array": "310_cam-image_array_.jpg", "imu/gyr_x": -3.16793893129771, "user/angle": -1.0, "user/throttle": 0.26877773369548635, "imu/gyr_z": 61.13740458015267}