{"imu/acl_x": -1.0630255371093749, "imu/gyr_y": -6.129770992366412, "imu/temp": 32.71823529411765, "imu/acl_y": 1.209071838378906, "imu/acl_z": 9.782707983398437, "user/mode": "user", "cam/image_array": "1576_cam-image_array_.jpg", "imu/gyr_x": 10.290076335877863, "user/angle": -1.0, "user/throttle": 0.2755757316812647, "imu/gyr_z": 83.2824427480916}