{"imu/acl_x": 0.7613561279296874, "imu/gyr_y": 3.6030534351145036, "imu/temp": 33.47117647058823, "imu/acl_y": 1.5849614990234373, "imu/acl_z": 11.552023010253906, "user/mode": "user", "cam/image_array": "814_cam-image_array_.jpg", "imu/gyr_x": -8.091603053435115, "user/angle": -1.0, "user/throttle": 0.2755757316812647, "imu/gyr_z": 60.969465648854964}