{"imu/acl_x": -0.7924807495117187, "imu/gyr_y": 2.7099236641221376, "imu/temp": 32.85941176470588, "imu/acl_y": 0.8283937744140625, "imu/acl_z": 7.934384301757812, "user/mode": "user", "cam/image_array": "663_cam-image_array_.jpg", "imu/gyr_x": -5.977099236641221, "user/angle": -0.10312204351939451, "user/throttle": 0.2619696646015809, "imu/gyr_z": 27.893129770992367}