{"imu/acl_x": 1.4508862060546874, "imu/gyr_y": 13.778625954198473, "imu/temp": 33.04764705882353, "imu/acl_y": 1.3383587280273437, "imu/acl_z": 9.70369932861328, "user/mode": "user", "cam/image_array": "419_cam-image_array_.jpg", "imu/gyr_x": -10.587786259541986, "user/angle": 0.0, "user/throttle": 0.26877773369548635, "imu/gyr_z": -7.0}