{"imu/acl_x": -1.429338391113281, "imu/gyr_y": 4.580152671755725, "imu/temp": 32.53, "imu/acl_y": 1.66636435546875, "imu/acl_z": 10.448296044921875, "user/mode": "user", "cam/image_array": "1058_cam-image_array_.jpg", "imu/gyr_x": -7.198473282442748, "user/angle": -0.6288949247718741, "user/throttle": 0.27218176824243906, "imu/gyr_z": 47.6412213740458}