{"imu/acl_x": 3.4668040039062498, "imu/gyr_y": 25.3206106870229, "imu/temp": 32.85941176470588, "imu/acl_y": 2.602497204589844, "imu/acl_z": 11.1474029296875, "user/mode": "user", "cam/image_array": "707_cam-image_array_.jpg", "imu/gyr_x": 0.3053435114503817, "user/angle": -0.28867458113345745, "user/throttle": 0.2653736991485336, "imu/gyr_z": 12.870229007633588}