{"imu/acl_x": -1.4796166259765624, "imu/gyr_y": 1.3282442748091603, "imu/temp": 32.85941176470588, "imu/acl_y": 1.5083470458984374, "imu/acl_z": 8.504204296874999, "user/mode": "user", "cam/image_array": "603_cam-image_array_.jpg", "imu/gyr_x": -12.007633587786259, "user/angle": -0.7526169621875668, "user/throttle": 0.2619696646015809, "imu/gyr_z": 46.900763358778626}