{"imu/acl_x": -0.21068974609375, "imu/gyr_y": -0.31297709923664124, "imu/temp": 33.04764705882353, "imu/acl_y": 0.39743747558593745, "imu/acl_z": 9.79946739501953, "user/mode": "user", "cam/image_array": "26_cam-image_array_.jpg", "imu/gyr_x": -9.763358778625955, "user/angle": -0.37116611224707785, "user/throttle": 0.19052522354808193, "imu/gyr_z": 5.885496183206107}