{"imu/acl_x": 0.5410895751953124, "imu/gyr_y": 6.6183206106870225, "imu/temp": 33.09470588235294, "imu/acl_y": 0.47884033203125, "imu/acl_z": 8.425195642089843, "user/mode": "user", "cam/image_array": "317_cam-image_array_.jpg", "imu/gyr_x": -5.435114503816794, "user/angle": -1.0, "user/throttle": 0.26877773369548635, "imu/gyr_z": 61.83206106870229}