{"imu/acl_x": 2.461239306640625, "imu/gyr_y": -5.0458015267175576, "imu/temp": 32.1064705882353, "imu/acl_y": -0.12449848632812499, "imu/acl_z": 10.053252770996092, "user/mode": "user", "cam/image_array": "1552_cam-image_array_.jpg", "imu/gyr_x": -7.450381679389313, "user/angle": 0.0, "user/throttle": 0.2755757316812647, "imu/gyr_z": 63.725190839694655}