{"imu/acl_x": -1.3239935180664062, "imu/gyr_y": 27.083969465648856, "imu/temp": 31.871176470588235, "imu/acl_y": 2.3535002319335936, "imu/acl_z": 9.200916979980468, "user/mode": "user", "cam/image_array": "1675_cam-image_array_.jpg", "imu/gyr_x": 22.916030534351144, "user/angle": -0.5773491622669149, "user/throttle": 0.2755757316812647, "imu/gyr_z": -1.0}