{"imu/acl_x": 2.839523168945312, "imu/gyr_y": 18.38167938931298, "imu/temp": 33.18882352941176, "imu/acl_y": 0.1197100830078125, "imu/acl_z": 9.775525378417969, "user/mode": "user", "cam/image_array": "251_cam-image_array_.jpg", "imu/gyr_x": -8.282442748091603, "user/angle": -0.020630512405774102, "user/throttle": 0.26877773369548635, "imu/gyr_z": 0.9541984732824428}