{"imu/acl_x": -1.24498486328125, "imu/gyr_y": -17.12213740458015, "imu/temp": 32.906470588235294, "imu/acl_y": -1.4006079711914061, "imu/acl_z": 8.444349255371094, "user/mode": "user", "cam/image_array": "666_cam-image_array_.jpg", "imu/gyr_x": -5.061068702290076, "user/angle": -0.5361186559648426, "user/throttle": 0.2619696646015809, "imu/gyr_z": -1.5419847328244274}