{"imu/acl_x": -1.714248388671875, "imu/gyr_y": 0.2900763358778626, "imu/temp": 32.1064705882353, "imu/acl_y": -0.5506663818359374, "imu/acl_z": 8.786720092773438, "user/mode": "user", "cam/image_array": "1517_cam-image_array_.jpg", "imu/gyr_x": 17.290076335877863, "user/angle": -0.16498306222724082, "user/throttle": 0.27218176824243906, "imu/gyr_z": 75.96946564885496}