{"imu/acl_x": 0.7757213378906249, "imu/gyr_y": 3.351145038167939, "imu/temp": 32.1064705882353, "imu/acl_y": 1.7860744384765623, "imu/acl_z": 10.366893188476562, "user/mode": "user", "cam/image_array": "1431_cam-image_array_.jpg", "imu/gyr_x": -5.137404580152672, "user/angle": -0.2577593310342723, "user/throttle": 0.2755757316812647, "imu/gyr_z": 24.366412213740457}