{"imu/acl_x": 0.19393033447265623, "imu/gyr_y": -0.5877862595419847, "imu/temp": 31.68294117647059, "imu/acl_y": 0.967257470703125, "imu/acl_z": 9.270348828125, "user/mode": "user", "cam/image_array": "1788_cam-image_array_.jpg", "imu/gyr_x": -10.473282442748092, "user/angle": -0.7732474745933409, "user/throttle": 0.27218176824243906, "imu/gyr_z": 46.595419847328245}