{"imu/acl_x": -1.0486603271484374, "imu/gyr_y": -1.6488549618320612, "imu/temp": 32.906470588235294, "imu/acl_y": 0.22026655273437498, "imu/acl_z": 10.27830772705078, "user/mode": "user", "cam/image_array": "618_cam-image_array_.jpg", "imu/gyr_x": 1.6870229007633588, "user/angle": -0.7526169621875668, "user/throttle": 0.2619696646015809, "imu/gyr_z": 35.221374045801525}