{"imu/acl_x": -0.9121908325195311, "imu/gyr_y": -5.030534351145038, "imu/temp": 32.29470588235294, "imu/acl_y": -1.5251064575195312, "imu/acl_z": 12.94065997314453, "user/mode": "user", "cam/image_array": "1376_cam-image_array_.jpg", "imu/gyr_x": 9.389312977099237, "user/angle": 0.07214575640125737, "user/throttle": 0.2755757316812647, "imu/gyr_z": 0.0916030534351145}