{"imu/acl_x": -1.3215993164062498, "imu/gyr_y": -1.7404580152671756, "imu/temp": 33.00058823529412, "imu/acl_y": 0.08140285644531249, "imu/acl_z": 11.133037719726563, "user/mode": "user", "cam/image_array": "103_cam-image_array_.jpg", "imu/gyr_x": -0.7404580152671756, "user/angle": 0.32990508743552965, "user/throttle": 0.26877773369548635, "imu/gyr_z": -12.404580152671755}