{"imu/acl_x": -1.4317325927734375, "imu/gyr_y": -1.7786259541984732, "imu/temp": 31.824117647058824, "imu/acl_y": 0.8930372192382812, "imu/acl_z": 11.286266625976562, "user/mode": "user", "cam/image_array": "1751_cam-image_array_.jpg", "imu/gyr_x": -6.152671755725191, "user/angle": -1.0, "user/throttle": 0.27218176824243906, "imu/gyr_z": 71.33587786259542}