{"imu/acl_x": -0.28730419921875, "imu/gyr_y": 3.854961832061069, "imu/temp": 31.306470588235296, "imu/acl_y": 0.9217676391601562, "imu/acl_z": 7.096413720703125, "user/mode": "user", "cam/image_array": "1546_cam-image_array_.jpg", "imu/gyr_x": -5.206106870229007, "user/angle": -0.9588000122074037, "user/throttle": 0.2755757316812647, "imu/gyr_z": 78.45801526717557}