{"imu/acl_x": -0.5027823486328125, "imu/gyr_y": 3.66412213740458, "imu/temp": 32.85941176470588, "imu/acl_y": 0.40222587890625, "imu/acl_z": 10.836156713867187, "user/mode": "user", "cam/image_array": "760_cam-image_array_.jpg", "imu/gyr_x": 4.549618320610687, "user/angle": -1.0, "user/throttle": 0.2653736991485336, "imu/gyr_z": 70.09160305343511}