{"imu/acl_x": -4.608838195800781, "imu/gyr_y": -5.603053435114504, "imu/temp": 32.20058823529412, "imu/acl_y": 1.2210428466796874, "imu/acl_z": 12.459425439453124, "user/mode": "user", "cam/image_array": "1417_cam-image_array_.jpg", "imu/gyr_x": 2.1603053435114505, "user/angle": -0.8144779808954131, "user/throttle": 0.2755757316812647, "imu/gyr_z": 43.82442748091603}