{"imu/acl_x": 0.26336218261718747, "imu/gyr_y": 22.82442748091603, "imu/temp": 33.37705882352941, "imu/acl_y": -0.7230489013671875, "imu/acl_z": 12.27028350830078, "user/mode": "user", "cam/image_array": "798_cam-image_array_.jpg", "imu/gyr_x": 0.4961832061068702, "user/angle": -0.7629322183904538, "user/throttle": 0.2619696646015809, "imu/gyr_z": 45.19083969465649}