{"imu/acl_x": -0.3950432739257812, "imu/gyr_y": -3.9923664122137406, "imu/temp": 32.81235294117647, "imu/acl_y": 0.05985504150390625, "imu/acl_z": 7.654262707519531, "user/mode": "user", "cam/image_array": "861_cam-image_array_.jpg", "imu/gyr_x": 15.419847328244275, "user/angle": -0.41239661854915005, "user/throttle": 0.2755757316812647, "imu/gyr_z": 0.3893129770992366}