{"imu/acl_x": -1.2138602416992186, "imu/gyr_y": 0.29770992366412213, "imu/temp": 33.09470588235294, "imu/acl_y": 0.6679822631835937, "imu/acl_z": 10.687716210937499, "user/mode": "user", "cam/image_array": "184_cam-image_array_.jpg", "imu/gyr_x": 10.931297709923664, "user/angle": -0.7319864497817926, "user/throttle": 0.2653736991485336, "imu/gyr_z": 41.725190839694655}