{"imu/acl_x": -0.06464344482421874, "imu/gyr_y": -5.847328244274809, "imu/temp": 33.04764705882353, "imu/acl_y": 1.16837041015625, "imu/acl_z": 9.600748657226562, "user/mode": "user", "cam/image_array": "441_cam-image_array_.jpg", "imu/gyr_x": -9.022900763358779, "user/angle": -0.5258033997619557, "user/throttle": 0.26877773369548635, "imu/gyr_z": 31.53435114503817}