{"imu/acl_x": -1.9919757812499999, "imu/gyr_y": 3.4732824427480917, "imu/temp": 32.624117647058824, "imu/acl_y": -1.6711527587890624, "imu/acl_z": 8.930372192382812, "user/mode": "user", "cam/image_array": "984_cam-image_array_.jpg", "imu/gyr_x": 6.175572519083969, "user/angle": 1.0, "user/throttle": 0.27218176824243906, "imu/gyr_z": -71.56488549618321}