{"imu/acl_x": 3.7110125732421873, "imu/gyr_y": 12.854961832061068, "imu/temp": 33.14176470588235, "imu/acl_y": 0.7805097412109374, "imu/acl_z": 11.006145031738281, "user/mode": "user", "cam/image_array": "283_cam-image_array_.jpg", "imu/gyr_x": -6.251908396946565, "user/angle": -0.9382000183111057, "user/throttle": 0.26877773369548635, "imu/gyr_z": 69.04580152671755}