{"imu/acl_x": -0.16280571289062498, "imu/gyr_y": 6.885496183206107, "imu/temp": 33.14176470588235, "imu/acl_y": -0.25139117431640623, "imu/acl_z": 10.249577307128906, "user/mode": "user", "cam/image_array": "218_cam-image_array_.jpg", "imu/gyr_x": -2.0610687022900764, "user/angle": 0.0, "user/throttle": 0.2653736991485336, "imu/gyr_z": -8.82442748091603}