{"imu/acl_x": 2.8898014038085935, "imu/gyr_y": 4.213740458015267, "imu/temp": 32.53, "imu/acl_y": 1.1563994018554686, "imu/acl_z": 9.251195214843749, "user/mode": "user", "cam/image_array": "1098_cam-image_array_.jpg", "imu/gyr_x": -11.786259541984732, "user/angle": -1.0, "user/throttle": 0.27218176824243906, "imu/gyr_z": 75.97709923664122}