{"imu/acl_x": 0.7661445312499999, "imu/gyr_y": 1.8015267175572518, "imu/temp": 32.906470588235294, "imu/acl_y": 0.42377369384765623, "imu/acl_z": 10.603919152832031, "user/mode": "user", "cam/image_array": "604_cam-image_array_.jpg", "imu/gyr_x": 4.847328244274809, "user/angle": -0.7526169621875668, "user/throttle": 0.2619696646015809, "imu/gyr_z": 44.83206106870229}