{"imu/acl_x": 1.1755530151367186, "imu/gyr_y": -0.6183206106870229, "imu/temp": 33.00058823529412, "imu/acl_y": 0.12449848632812499, "imu/acl_z": 9.95987890625, "user/mode": "user", "cam/image_array": "523_cam-image_array_.jpg", "imu/gyr_x": -1.748091603053435, "user/angle": -0.618579668568987, "user/throttle": 0.2891918698690756, "imu/gyr_z": 21.0381679389313}