{"imu/acl_x": -0.7493851196289062, "imu/gyr_y": -3.49618320610687, "imu/temp": 33.09470588235294, "imu/acl_y": 1.199495031738281, "imu/acl_z": 9.672574707031249, "user/mode": "user", "cam/image_array": "150_cam-image_array_.jpg", "imu/gyr_x": -3.4198473282442747, "user/angle": -1.0, "user/throttle": 0.26877773369548635, "imu/gyr_z": 56.93893129770992}