{"imu/acl_x": -0.9409212524414062, "imu/gyr_y": 12.01526717557252, "imu/temp": 32.15352941176471, "imu/acl_y": 2.1308394775390624, "imu/acl_z": 9.26316622314453, "user/mode": "user", "cam/image_array": "1328_cam-image_array_.jpg", "imu/gyr_x": -4.854961832061068, "user/angle": -0.9794305246131779, "user/throttle": 0.2755757316812647, "imu/gyr_z": 75.93129770992367}