{"imu/acl_x": 0.48123453369140623, "imu/gyr_y": 10.007633587786259, "imu/temp": 32.341764705882355, "imu/acl_y": 0.296881005859375, "imu/acl_z": 10.632649572753905, "user/mode": "user", "cam/image_array": "1217_cam-image_array_.jpg", "imu/gyr_x": -4.870229007633588, "user/angle": -1.0, "user/throttle": 0.27218176824243906, "imu/gyr_z": 67.8473282442748}