{"imu/acl_x": -0.03591302490234375, "imu/gyr_y": 1.3893129770992367, "imu/temp": 32.81235294117647, "imu/acl_y": -0.3854664672851562, "imu/acl_z": 9.847351428222655, "user/mode": "user", "cam/image_array": "775_cam-image_array_.jpg", "imu/gyr_x": 3.4732824427480917, "user/angle": 0.5773186437574389, "user/throttle": 0.2619696646015809, "imu/gyr_z": -20.702290076335878}