{"imu/acl_x": 1.3575123413085937, "imu/gyr_y": 0.5954198473282443, "imu/temp": 31.871176470588235, "imu/acl_y": 2.3535002319335936, "imu/acl_z": 10.041281762695311, "user/mode": "user", "cam/image_array": "1753_cam-image_array_.jpg", "imu/gyr_x": -11.221374045801527, "user/angle": -1.0, "user/throttle": 0.27218176824243906, "imu/gyr_z": 66.65648854961832}