{"imu/acl_x": 1.8124106567382812, "imu/gyr_y": 1.8473282442748091, "imu/temp": 33.04764705882353, "imu/acl_y": 1.1156979736328125, "imu/acl_z": 8.173804467773436, "user/mode": "user", "cam/image_array": "496_cam-image_array_.jpg", "imu/gyr_x": -2.801526717557252, "user/angle": -0.7217017120883816, "user/throttle": 0.2653736991485336, "imu/gyr_z": 55.0763358778626}