{"imu/acl_x": 1.20667763671875, "imu/gyr_y": 1.099236641221374, "imu/temp": 32.341764705882355, "imu/acl_y": -0.97683427734375, "imu/acl_z": 8.245630517578125, "user/mode": "user", "cam/image_array": "1254_cam-image_array_.jpg", "imu/gyr_x": -1.900763358778626, "user/angle": 0.0, "user/throttle": 0.2755757316812647, "imu/gyr_z": -7.076335877862595}