{"imu/acl_x": 0.7254431030273437, "imu/gyr_y": 0.8320610687022901, "imu/temp": 32.906470588235294, "imu/acl_y": 1.465251416015625, "imu/acl_z": 10.54645831298828, "user/mode": "user", "cam/image_array": "575_cam-image_array_.jpg", "imu/gyr_x": -0.2900763358778626, "user/angle": -0.8557084871974853, "user/throttle": 0.26877773369548635, "imu/gyr_z": -2.5801526717557253}