{"imu/acl_x": -0.9265560424804687, "imu/gyr_y": -2.0229007633587788, "imu/temp": 32.012352941176474, "imu/acl_y": 0.4165910888671875, "imu/acl_z": 8.748412866210938, "user/mode": "user", "cam/image_array": "1568_cam-image_array_.jpg", "imu/gyr_x": -14.84732824427481, "user/angle": -0.010315256202887051, "user/throttle": 0.2755757316812647, "imu/gyr_z": -82.3969465648855}