{"imu/acl_x": 0.143652099609375, "imu/gyr_y": 0.5267175572519084, "imu/temp": 32.906470588235294, "imu/acl_y": 0.028730419921875, "imu/acl_z": 10.08677159423828, "user/mode": "user", "cam/image_array": "2_cam-image_array_.jpg", "imu/gyr_x": -2.969465648854962, "user/angle": 0.0, "user/throttle": 0.19052522354808193, "imu/gyr_z": -1.450381679389313}