{"imu/acl_x": -0.9193734375, "imu/gyr_y": -1.6106870229007633, "imu/temp": 31.871176470588235, "imu/acl_y": -1.3096283081054687, "imu/acl_z": 10.465055456542968, "user/mode": "user", "cam/image_array": "1700_cam-image_array_.jpg", "imu/gyr_x": 19.068702290076335, "user/angle": -0.07217627491073336, "user/throttle": 0.27218176824243906, "imu/gyr_z": -9.32824427480916}