{"imu/acl_x": 1.1755530151367186, "imu/gyr_y": 7.709923664122138, "imu/temp": 33.00058823529412, "imu/acl_y": 0.9145850341796874, "imu/acl_z": 11.645396875, "user/mode": "user", "cam/image_array": "71_cam-image_array_.jpg", "imu/gyr_x": -4.519083969465649, "user/angle": -0.7526169621875668, "user/throttle": 0.27218176824243906, "imu/gyr_z": 34.412213740458014}