{"imu/acl_x": 0.6847416748046875, "imu/gyr_y": -10.427480916030534, "imu/temp": 33.09470588235294, "imu/acl_y": -0.3112462158203125, "imu/acl_z": 12.303802331542968, "user/mode": "user", "cam/image_array": "300_cam-image_array_.jpg", "imu/gyr_x": -6.641221374045801, "user/angle": -0.7319864497817926, "user/throttle": 0.26877773369548635, "imu/gyr_z": 41.13740458015267}