{"imu/acl_x": 1.6017209106445311, "imu/gyr_y": 2.4656488549618323, "imu/temp": 33.04764705882353, "imu/acl_y": 0.9624690673828125, "imu/acl_z": 10.046070166015625, "user/mode": "user", "cam/image_array": "206_cam-image_array_.jpg", "imu/gyr_x": -10.213740458015268, "user/angle": -0.3505355998413037, "user/throttle": 0.26877773369548635, "imu/gyr_z": 6.793893129770993}