{"imu/acl_x": 0.2609679809570312, "imu/gyr_y": 14.412213740458014, "imu/temp": 31.871176470588235, "imu/acl_y": 3.284844677734375, "imu/acl_z": 6.517016918945312, "user/mode": "user", "cam/image_array": "1708_cam-image_array_.jpg", "imu/gyr_x": -13.213740458015268, "user/angle": -1.0, "user/throttle": 0.2755757316812647, "imu/gyr_z": 79.73282442748092}