{"imu/acl_x": -2.1068974609374997, "imu/gyr_y": 1.8473282442748091, "imu/temp": 31.965294117647062, "imu/acl_y": 0.7517793212890624, "imu/acl_z": 10.20169327392578, "user/mode": "user", "cam/image_array": "1609_cam-image_array_.jpg", "imu/gyr_x": 4.6106870229007635, "user/angle": -0.597979674672689, "user/throttle": 0.2755757316812647, "imu/gyr_z": 24.801526717557252}