{"imu/acl_x": -1.6352397338867186, "imu/gyr_y": -5.66412213740458, "imu/temp": 32.48294117647059, "imu/acl_y": 0.9935936889648437, "imu/acl_z": 8.774749084472656, "user/mode": "user", "cam/image_array": "1100_cam-image_array_.jpg", "imu/gyr_x": -1.5877862595419847, "user/angle": -1.0, "user/throttle": 0.27218176824243906, "imu/gyr_z": 75.83969465648855}