{"imu/acl_x": -0.9792284790039062, "imu/gyr_y": -13.587786259541986, "imu/temp": 33.00058823529412, "imu/acl_y": -0.5817910034179687, "imu/acl_z": 10.639832177734375, "user/mode": "user", "cam/image_array": "525_cam-image_array_.jpg", "imu/gyr_x": -1.7099236641221374, "user/angle": -0.6288949247718741, "user/throttle": 0.2857878353221229, "imu/gyr_z": 24.259541984732824}