{"imu/acl_x": 0.1771709228515625, "imu/gyr_y": 5.435114503816794, "imu/temp": 32.81235294117647, "imu/acl_y": -0.9911994873046874, "imu/acl_z": 12.799402075195312, "user/mode": "user", "cam/image_array": "572_cam-image_array_.jpg", "imu/gyr_x": -3.946564885496183, "user/angle": 0.020599993896298106, "user/throttle": 0.2755757316812647, "imu/gyr_z": -14.702290076335878}