{"imu/acl_x": -0.05027823486328125, "imu/gyr_y": -4.755725190839694, "imu/temp": 33.00058823529412, "imu/acl_y": -0.7876923461914062, "imu/acl_z": 11.336544860839844, "user/mode": "user", "cam/image_array": "178_cam-image_array_.jpg", "imu/gyr_x": 6.244274809160306, "user/angle": -0.8453932309945982, "user/throttle": 0.2653736991485336, "imu/gyr_z": 47.038167938931295}