{"imu/acl_x": -0.718260498046875, "imu/gyr_y": 11.458015267175572, "imu/temp": 32.341764705882355, "imu/acl_y": 1.0438719238281249, "imu/acl_z": 9.200916979980468, "user/mode": "user", "cam/image_array": "1283_cam-image_array_.jpg", "imu/gyr_x": -7.33587786259542, "user/angle": -0.5876644184698019, "user/throttle": 0.2755757316812647, "imu/gyr_z": 21.46564885496183}