{"imu/acl_x": -0.37828386230468747, "imu/gyr_y": -1.2290076335877862, "imu/temp": 32.906470588235294, "imu/acl_y": 1.199495031738281, "imu/acl_z": 10.761936462402343, "user/mode": "user", "cam/image_array": "614_cam-image_array_.jpg", "imu/gyr_x": -0.5954198473282443, "user/angle": -0.7526169621875668, "user/throttle": 0.2619696646015809, "imu/gyr_z": 45.17557251908397}