{"imu/acl_x": 1.8004396484374998, "imu/gyr_y": 4.900763358778626, "imu/temp": 32.059411764705885, "imu/acl_y": 1.1180921752929687, "imu/acl_z": 12.655749975585938, "user/mode": "user", "cam/image_array": "830_cam-image_array_.jpg", "imu/gyr_x": -8.954198473282442, "user/angle": -0.4330271309549242, "user/throttle": 0.2755757316812647, "imu/gyr_z": -8.740458015267176}