{"imu/acl_x": -4.393360046386719, "imu/gyr_y": 4.091603053435114, "imu/temp": 32.953529411764706, "imu/acl_y": 1.4317325927734375, "imu/acl_z": 11.535263598632811, "user/mode": "user", "cam/image_array": "426_cam-image_array_.jpg", "imu/gyr_x": -3.5267175572519083, "user/angle": -0.2783593249305704, "user/throttle": 0.2653736991485336, "imu/gyr_z": 6.9541984732824424}