{"imu/acl_x": 1.2114660400390624, "imu/gyr_y": 10.091603053435115, "imu/temp": 32.29470588235294, "imu/acl_y": 0.29448680419921874, "imu/acl_z": 8.980650427246093, "user/mode": "user", "cam/image_array": "1255_cam-image_array_.jpg", "imu/gyr_x": -4.679389312977099, "user/angle": -0.18558305612353893, "user/throttle": 0.2755757316812647, "imu/gyr_z": -13.49618320610687}