{"imu/acl_x": 0.8954314208984374, "imu/gyr_y": 6.343511450381679, "imu/temp": 32.48294117647059, "imu/acl_y": 0.239420166015625, "imu/acl_z": 10.544064111328124, "user/mode": "user", "cam/image_array": "1179_cam-image_array_.jpg", "imu/gyr_x": 6.755725190839694, "user/angle": -1.0, "user/throttle": 0.27218176824243906, "imu/gyr_z": 66.53435114503817}