{"imu/acl_x": 1.5203180541992187, "imu/gyr_y": 14.786259541984732, "imu/temp": 32.48294117647059, "imu/acl_y": 1.0869675537109373, "imu/acl_z": 12.15536182861328, "user/mode": "user", "cam/image_array": "1057_cam-image_array_.jpg", "imu/gyr_x": -11.305343511450381, "user/angle": -0.6288949247718741, "user/throttle": 0.27218176824243906, "imu/gyr_z": 44.45038167938932}