{"imu/acl_x": -3.287238879394531, "imu/gyr_y": -20.27480916030534, "imu/temp": 32.85941176470588, "imu/acl_y": 0.229843359375, "imu/acl_z": 11.832144604492187, "user/mode": "user", "cam/image_array": "710_cam-image_array_.jpg", "imu/gyr_x": 6.488549618320611, "user/angle": -0.28867458113345745, "user/throttle": 0.2653736991485336, "imu/gyr_z": 8.297709923664122}