{"imu/acl_x": 0.19153613281249998, "imu/gyr_y": -12.381679389312977, "imu/temp": 33.09470588235294, "imu/acl_y": 0.7206546997070312, "imu/acl_z": 9.65342109375, "user/mode": "user", "cam/image_array": "237_cam-image_array_.jpg", "imu/gyr_x": -10.13740458015267, "user/angle": -0.9897457808160649, "user/throttle": 0.26877773369548635, "imu/gyr_z": 59.091603053435115}