{"imu/acl_x": -0.4860229370117187, "imu/gyr_y": 6.7251908396946565, "imu/temp": 31.871176470588235, "imu/acl_y": 0.0526724365234375, "imu/acl_z": 8.092401611328125, "user/mode": "user", "cam/image_array": "1644_cam-image_array_.jpg", "imu/gyr_x": 12.404580152671755, "user/angle": -0.9897457808160649, "user/throttle": 0.2755757316812647, "imu/gyr_z": 54.74809160305343}