{"imu/acl_x": -0.2657563842773437, "imu/gyr_y": 9.801526717557252, "imu/temp": 32.48294117647059, "imu/acl_y": -0.08858546142578125, "imu/acl_z": 11.750741748046874, "user/mode": "user", "cam/image_array": "983_cam-image_array_.jpg", "imu/gyr_x": 8.450381679389313, "user/angle": 0.9381694998016297, "user/throttle": 0.27218176824243906, "imu/gyr_z": -55.67175572519084}