{"imu/acl_x": 0.03591302490234375, "imu/gyr_y": -2.236641221374046, "imu/temp": 32.76529411764706, "imu/acl_y": -1.5610194824218748, "imu/acl_z": 6.737283471679687, "user/mode": "user", "cam/image_array": "784_cam-image_array_.jpg", "imu/gyr_x": 8.618320610687023, "user/angle": 1.0, "user/throttle": 0.2619696646015809, "imu/gyr_z": -75.82442748091603}