{"imu/acl_x": -1.139639990234375, "imu/gyr_y": 1.3282442748091603, "imu/temp": 32.57705882352941, "imu/acl_y": 0.2753331909179687, "imu/acl_z": 10.369287390136718, "user/mode": "user", "cam/image_array": "1038_cam-image_array_.jpg", "imu/gyr_x": 0.7557251908396947, "user/angle": -0.32993560594500565, "user/throttle": 0.27218176824243906, "imu/gyr_z": 54.30534351145038}