{"imu/acl_x": 0.9409212524414062, "imu/gyr_y": -12.900763358778626, "imu/temp": 31.777058823529412, "imu/acl_y": 0.93852705078125, "imu/acl_z": 12.785036865234375, "user/mode": "user", "cam/image_array": "1745_cam-image_array_.jpg", "imu/gyr_x": 7.717557251908397, "user/angle": -1.0, "user/throttle": 0.27218176824243906, "imu/gyr_z": 29.480916030534353}