{"imu/acl_x": -0.2442085693359375, "imu/gyr_y": 7.358778625954199, "imu/temp": 32.53, "imu/acl_y": 1.6998831787109374, "imu/acl_z": 10.453084448242187, "user/mode": "user", "cam/image_array": "959_cam-image_array_.jpg", "imu/gyr_x": -8.816793893129772, "user/angle": -1.0, "user/throttle": 0.27218176824243906, "imu/gyr_z": 61.42748091603053}