{"imu/acl_x": 0.430956298828125, "imu/gyr_y": 2.786259541984733, "imu/temp": 33.09470588235294, "imu/acl_y": 0.679953271484375, "imu/acl_z": 9.79946739501953, "user/mode": "user", "cam/image_array": "93_cam-image_array_.jpg", "imu/gyr_x": -6.709923664122138, "user/angle": -1.0, "user/throttle": 0.27218176824243906, "imu/gyr_z": 48.82442748091603}