{"imu/acl_x": 1.7597382202148437, "imu/gyr_y": 13.80916030534351, "imu/temp": 32.71823529411765, "imu/acl_y": 0.5003881469726562, "imu/acl_z": 11.097124694824219, "user/mode": "user", "cam/image_array": "765_cam-image_array_.jpg", "imu/gyr_x": 3.1603053435114505, "user/angle": -1.0, "user/throttle": 0.2653736991485336, "imu/gyr_z": 68.97709923664122}