{"imu/acl_x": -0.6248866333007812, "imu/gyr_y": -5.702290076335878, "imu/temp": 31.73, "imu/acl_y": 1.4891934326171874, "imu/acl_z": 9.488221179199218, "user/mode": "user", "cam/image_array": "1834_cam-image_array_.jpg", "imu/gyr_x": -15.977099236641221, "user/angle": -1.0, "user/throttle": 0.27218176824243906, "imu/gyr_z": 77.30534351145039}