{"imu/acl_x": 0.14125789794921875, "imu/gyr_y": -0.549618320610687, "imu/temp": 31.91823529411765, "imu/acl_y": -1.16837041015625, "imu/acl_z": 11.623849060058593, "user/mode": "user", "cam/image_array": "1612_cam-image_array_.jpg", "imu/gyr_x": -3.2442748091603053, "user/angle": -0.597979674672689, "user/throttle": 0.2755757316812647, "imu/gyr_z": 48.48854961832061}