{"imu/acl_x": -0.7781155395507812, "imu/gyr_y": -17.221374045801525, "imu/temp": 32.953529411764706, "imu/acl_y": 2.2457611572265623, "imu/acl_z": 10.517727893066406, "user/mode": "user", "cam/image_array": "402_cam-image_array_.jpg", "imu/gyr_x": -12.877862595419847, "user/angle": -0.7113864558854945, "user/throttle": 0.2653736991485336, "imu/gyr_z": 42.74809160305343}