{"imu/acl_x": -1.24498486328125, "imu/gyr_y": 5.427480916030534, "imu/temp": 33.00058823529412, "imu/acl_y": 1.1947066284179686, "imu/acl_z": 9.868899243164062, "user/mode": "user", "cam/image_array": "445_cam-image_array_.jpg", "imu/gyr_x": -2.1068702290076335, "user/angle": -0.8144779808954131, "user/throttle": 0.26877773369548635, "imu/gyr_z": 56.19083969465649}