{"imu/acl_x": -1.3623007446289062, "imu/gyr_y": -1.8091603053435115, "imu/temp": 32.906470588235294, "imu/acl_y": -0.1771709228515625, "imu/acl_z": 10.797849487304687, "user/mode": "user", "cam/image_array": "672_cam-image_array_.jpg", "imu/gyr_x": 2.099236641221374, "user/angle": -0.783532212286752, "user/throttle": 0.2619696646015809, "imu/gyr_z": 47.42748091603053}