{"imu/acl_x": -0.258573779296875, "imu/gyr_y": 8.251908396946565, "imu/temp": 33.00058823529412, "imu/acl_y": -0.5913678100585937, "imu/acl_z": 11.247959399414063, "user/mode": "user", "cam/image_array": "339_cam-image_array_.jpg", "imu/gyr_x": 8.877862595419847, "user/angle": 0.7732169560838649, "user/throttle": 0.2653736991485336, "imu/gyr_z": -60.7557251908397}