{"imu/acl_x": 3.564966271972656, "imu/gyr_y": 17.267175572519083, "imu/temp": 33.00058823529412, "imu/acl_y": -0.6655880615234374, "imu/acl_z": 10.855310327148437, "user/mode": "user", "cam/image_array": "174_cam-image_array_.jpg", "imu/gyr_x": 3.0381679389312977, "user/angle": -0.8557084871974853, "user/throttle": 0.2653736991485336, "imu/gyr_z": 42.29007633587786}