{"imu/acl_x": -2.4899697265625, "imu/gyr_y": 5.916030534351145, "imu/temp": 32.15352941176471, "imu/acl_y": 0.9217676391601562, "imu/acl_z": 8.257601525878906, "user/mode": "user", "cam/image_array": "1467_cam-image_array_.jpg", "imu/gyr_x": -7.854961832061068, "user/angle": -0.7732474745933409, "user/throttle": 0.2755757316812647, "imu/gyr_z": 67.66412213740458}