{"imu/acl_x": 1.1947066284179686, "imu/gyr_y": 2.877862595419847, "imu/temp": 32.48294117647059, "imu/acl_y": 0.6871358764648438, "imu/acl_z": 10.761936462402343, "user/mode": "user", "cam/image_array": "1175_cam-image_array_.jpg", "imu/gyr_x": -8.870229007633588, "user/angle": -0.9484847560045168, "user/throttle": 0.27218176824243906, "imu/gyr_z": 65.38931297709924}