{"imu/acl_x": 0.17956512451171874, "imu/gyr_y": 3.50381679389313, "imu/temp": 33.04764705882353, "imu/acl_y": 1.6065093139648436, "imu/acl_z": 11.9518546875, "user/mode": "user", "cam/image_array": "176_cam-image_array_.jpg", "imu/gyr_x": -14.412213740458014, "user/angle": -0.8557084871974853, "user/throttle": 0.2653736991485336, "imu/gyr_z": 44.3587786259542}