{"imu/acl_x": -1.005564697265625, "imu/gyr_y": -0.3511450381679389, "imu/temp": 32.059411764705885, "imu/acl_y": 1.3168109130859373, "imu/acl_z": 11.367669482421874, "user/mode": "user", "cam/image_array": "715_cam-image_array_.jpg", "imu/gyr_x": 3.2213740458015265, "user/angle": -0.3196203497421186, "user/throttle": 0.2653736991485336, "imu/gyr_z": 15.511450381679388}