{"imu/acl_x": 1.0534487304687499, "imu/gyr_y": 2.0916030534351147, "imu/temp": 32.53, "imu/acl_y": 0.22505495605468748, "imu/acl_z": 10.721235034179687, "user/mode": "user", "cam/image_array": "1115_cam-image_array_.jpg", "imu/gyr_x": -1.6030534351145038, "user/angle": 0.5670033875545518, "user/throttle": 0.27218176824243906, "imu/gyr_z": -12.541984732824428}