{"imu/acl_x": 1.0438719238281249, "imu/gyr_y": 1.3129770992366412, "imu/temp": 32.388823529411766, "imu/acl_y": 0.37828386230468747, "imu/acl_z": 10.802637890625, "user/mode": "user", "cam/image_array": "1189_cam-image_array_.jpg", "imu/gyr_x": -0.4961832061068702, "user/angle": 0.814447462385937, "user/throttle": 0.26877773369548635, "imu/gyr_z": -10.648854961832061}