{"imu/acl_x": 2.01112939453125, "imu/gyr_y": -5.717557251908397, "imu/temp": 33.14176470588235, "imu/acl_y": 0.8762778076171874, "imu/acl_z": 9.459490759277344, "user/mode": "user", "cam/image_array": "123_cam-image_array_.jpg", "imu/gyr_x": -16.221374045801525, "user/angle": -0.14435254982146672, "user/throttle": 0.26877773369548635, "imu/gyr_z": -10.641221374045802}