{"imu/acl_x": -1.9656395629882812, "imu/gyr_y": 5.3893129770992365, "imu/temp": 32.906470588235294, "imu/acl_y": 1.0342951171875, "imu/acl_z": 12.34689796142578, "user/mode": "user", "cam/image_array": "15_cam-image_array_.jpg", "imu/gyr_x": 9.748091603053435, "user/angle": 0.0, "user/throttle": 0.33, "imu/gyr_z": -3.435114503816794}