{"imu/acl_x": 1.005564697265625, "imu/gyr_y": 6.732824427480916, "imu/temp": 33.04764705882353, "imu/acl_y": 1.2761094848632812, "imu/acl_z": 9.4618849609375, "user/mode": "user", "cam/image_array": "508_cam-image_array_.jpg", "imu/gyr_x": -9.34351145038168, "user/angle": -0.2989898373363445, "user/throttle": 0.20413129062776575, "imu/gyr_z": 16.557251908396946}