{"imu/acl_x": -1.5562310791015623, "imu/gyr_y": -2.8931297709923665, "imu/temp": 32.57705882352941, "imu/acl_y": 0.20829554443359374, "imu/acl_z": 10.946289990234375, "user/mode": "user", "cam/image_array": "982_cam-image_array_.jpg", "imu/gyr_x": -1.8702290076335877, "user/angle": 0.8350474562822352, "user/throttle": 0.27218176824243906, "imu/gyr_z": -37.74809160305343}