{"imu/acl_x": -1.3072341064453123, "imu/gyr_y": 19.282442748091604, "imu/temp": 32.906470588235294, "imu/acl_y": -0.7062894897460937, "imu/acl_z": 7.211335400390625, "user/mode": "user", "cam/image_array": "566_cam-image_array_.jpg", "imu/gyr_x": 13.48091603053435, "user/angle": 0.3608203375347148, "user/throttle": 0.27218176824243906, "imu/gyr_z": -67.29007633587786}