{"imu/acl_x": 0.0526724365234375, "imu/gyr_y": 9.358778625954198, "imu/temp": 32.81235294117647, "imu/acl_y": 0.3112462158203125, "imu/acl_z": 7.237671618652343, "user/mode": "user", "cam/image_array": "657_cam-image_array_.jpg", "imu/gyr_x": 3.931297709923664, "user/angle": -0.7010711996826074, "user/throttle": 0.2619696646015809, "imu/gyr_z": 2.633587786259542}