{"imu/acl_x": -0.39983167724609375, "imu/gyr_y": 1.9694656488549618, "imu/temp": 33.00058823529412, "imu/acl_y": 0.5746083984375, "imu/acl_z": 10.654197387695312, "user/mode": "user", "cam/image_array": "34_cam-image_array_.jpg", "imu/gyr_x": -3.114503816793893, "user/angle": -0.3505355998413037, "user/throttle": 0.2585656300546282, "imu/gyr_z": 2.9923664122137406}