{"imu/acl_x": 1.2689268798828124, "imu/gyr_y": 2.763358778625954, "imu/temp": 33.04764705882353, "imu/acl_y": 0.6081272216796875, "imu/acl_z": 8.844180932617187, "user/mode": "user", "cam/image_array": "53_cam-image_array_.jpg", "imu/gyr_x": -6.687022900763359, "user/angle": -0.5670339060640278, "user/throttle": 0.2619696646015809, "imu/gyr_z": 9.961832061068701}