{"imu/acl_x": 1.0606313354492187, "imu/gyr_y": -1.534351145038168, "imu/temp": 33.09470588235294, "imu/acl_y": 0.00718260498046875, "imu/acl_z": 10.366893188476562, "user/mode": "user", "cam/image_array": "194_cam-image_array_.jpg", "imu/gyr_x": -1.4580152671755726, "user/angle": -0.5670339060640278, "user/throttle": 0.2653736991485336, "imu/gyr_z": 21.68702290076336}