{"imu/acl_x": 1.47482822265625, "imu/gyr_y": 0.26717557251908397, "imu/temp": 32.24764705882353, "imu/acl_y": 0.5889736083984375, "imu/acl_z": 5.717353564453124, "user/mode": "user", "cam/image_array": "1367_cam-image_array_.jpg", "imu/gyr_x": -18.290076335877863, "user/angle": -1.0, "user/throttle": 0.2755757316812647, "imu/gyr_z": 73.94656488549619}