{"imu/acl_x": 1.465251416015625, "imu/gyr_y": 2.2748091603053435, "imu/temp": 32.1064705882353, "imu/acl_y": -0.023942016601562498, "imu/acl_z": 6.643909606933593, "user/mode": "user", "cam/image_array": "1487_cam-image_array_.jpg", "imu/gyr_x": -17.458015267175572, "user/angle": 0.0, "user/throttle": 0.27218176824243906, "imu/gyr_z": 55.083969465648856}