{"imu/acl_x": -0.7876923461914062, "imu/gyr_y": -8.320610687022901, "imu/temp": 32.24764705882353, "imu/acl_y": 0.7445967163085937, "imu/acl_z": 6.526593725585937, "user/mode": "user", "cam/image_array": "1331_cam-image_array_.jpg", "imu/gyr_x": -7.67175572519084, "user/angle": -0.9897457808160649, "user/throttle": 0.2755757316812647, "imu/gyr_z": 81.61068702290076}