{"imu/acl_x": 1.9847931762695312, "imu/gyr_y": 0.9083969465648855, "imu/temp": 33.04764705882353, "imu/acl_y": 0.12210428466796874, "imu/acl_z": 10.395623608398436, "user/mode": "user", "cam/image_array": "46_cam-image_array_.jpg", "imu/gyr_x": 0.9083969465648855, "user/angle": -0.4433423871578112, "user/throttle": 0.2551716666158025, "imu/gyr_z": 5.236641221374046}