{"imu/acl_x": 2.109291662597656, "imu/gyr_y": 16.580152671755727, "imu/temp": 33.14176470588235, "imu/acl_y": -0.5578489868164063, "imu/acl_z": 11.633425866699218, "user/mode": "user", "cam/image_array": "146_cam-image_array_.jpg", "imu/gyr_x": -7.977099236641221, "user/angle": -1.0, "user/throttle": 0.27218176824243906, "imu/gyr_z": 65.50381679389314}