{"imu/acl_x": 0.8451531860351562, "imu/gyr_y": 3.480916030534351, "imu/temp": 33.00058823529412, "imu/acl_y": -0.6392518432617187, "imu/acl_z": 10.491391674804687, "user/mode": "user", "cam/image_array": "559_cam-image_array_.jpg", "imu/gyr_x": 3.3282442748091605, "user/angle": 0.5876338999603259, "user/throttle": 0.27218176824243906, "imu/gyr_z": -8.709923664122137}