{"imu/acl_x": 1.1109095703125, "imu/gyr_y": -4.229007633587786, "imu/temp": 31.824117647058824, "imu/acl_y": 2.0087351928710935, "imu/acl_z": 8.686163623046875, "user/mode": "user", "cam/image_array": "1697_cam-image_array_.jpg", "imu/gyr_x": -10.549618320610687, "user/angle": 0.0, "user/throttle": 0.27218176824243906, "imu/gyr_z": -7.66412213740458}