{"imu/acl_x": 2.8275521606445313, "imu/gyr_y": 17.47328244274809, "imu/temp": 33.04764705882353, "imu/acl_y": 1.13006318359375, "imu/acl_z": 11.257536206054686, "user/mode": "user", "cam/image_array": "255_cam-image_array_.jpg", "imu/gyr_x": -9.748091603053435, "user/angle": 0.0, "user/throttle": 0.26877773369548635, "imu/gyr_z": -9.404580152671755}