{"imu/acl_x": 0.3112462158203125, "imu/gyr_y": -3.564885496183206, "imu/temp": 31.824117647058824, "imu/acl_y": 0.7876923461914062, "imu/acl_z": 7.175422375488281, "user/mode": "user", "cam/image_array": "1771_cam-image_array_.jpg", "imu/gyr_x": -16.68702290076336, "user/angle": 0.0, "user/throttle": 0.27218176824243906, "imu/gyr_z": 30.328244274809162}