{"imu/acl_x": 2.729389892578125, "imu/gyr_y": 15.82442748091603, "imu/temp": 31.824117647058824, "imu/acl_y": 1.6639701538085936, "imu/acl_z": 9.057264880371093, "user/mode": "user", "cam/image_array": "1722_cam-image_array_.jpg", "imu/gyr_x": -1.099236641221374, "user/angle": -1.0, "user/throttle": 0.2755757316812647, "imu/gyr_z": 83.69465648854961}