{"imu/acl_x": 2.4588451049804685, "imu/gyr_y": 18.916030534351144, "imu/temp": 33.00058823529412, "imu/acl_y": -0.17238251953125, "imu/acl_z": 9.694122521972655, "user/mode": "user", "cam/image_array": "363_cam-image_array_.jpg", "imu/gyr_x": -1.4351145038167938, "user/angle": -1.0, "user/throttle": 0.26877773369548635, "imu/gyr_z": 68.09160305343511}