{"imu/acl_x": 0.5913678100585937, "imu/gyr_y": 3.66412213740458, "imu/temp": 32.57705882352941, "imu/acl_y": -0.105344873046875, "imu/acl_z": 7.721300354003906, "user/mode": "user", "cam/image_array": "940_cam-image_array_.jpg", "imu/gyr_x": -4.206106870229007, "user/angle": 0.0, "user/throttle": 0.27218176824243906, "imu/gyr_z": -27.633587786259543}