{"imu/acl_x": 0.011971008300781249, "imu/gyr_y": -2.7938931297709924, "imu/temp": 32.341764705882355, "imu/acl_y": -0.44532150878906246, "imu/acl_z": 10.862492932128905, "user/mode": "user", "cam/image_array": "1256_cam-image_array_.jpg", "imu/gyr_x": 7.312977099236641, "user/angle": -0.5258033997619557, "user/throttle": 0.2755757316812647, "imu/gyr_z": -4.541984732824427}