{"imu/acl_x": -0.6560112548828124, "imu/gyr_y": -0.3053435114503817, "imu/temp": 32.71823529411765, "imu/acl_y": -0.7254431030273437, "imu/acl_z": 12.502521069335936, "user/mode": "user", "cam/image_array": "1564_cam-image_array_.jpg", "imu/gyr_x": -1.0916030534351144, "user/angle": 0.783501693777276, "user/throttle": 0.2755757316812647, "imu/gyr_z": -80.6030534351145}