{"imu/acl_x": 2.059013427734375, "imu/gyr_y": 4.893129770992366, "imu/temp": 32.341764705882355, "imu/acl_y": -0.0909796630859375, "imu/acl_z": 11.777077966308592, "user/mode": "user", "cam/image_array": "1160_cam-image_array_.jpg", "imu/gyr_x": 3.3053435114503817, "user/angle": -0.9072542497024445, "user/throttle": 0.27218176824243906, "imu/gyr_z": 66.79389312977099}