{"imu/acl_x": 0.19153613281249998, "imu/gyr_y": 16.519083969465647, "imu/temp": 31.824117647058824, "imu/acl_y": 0.9002198242187499, "imu/acl_z": 10.817003100585938, "user/mode": "user", "cam/image_array": "1829_cam-image_array_.jpg", "imu/gyr_x": 6.656488549618321, "user/angle": -0.6701254310739464, "user/throttle": 0.27218176824243906, "imu/gyr_z": 14.465648854961833}