{"imu/acl_x": 1.3718775512695311, "imu/gyr_y": -15.183206106870228, "imu/temp": 32.29470588235294, "imu/acl_y": 1.5251064575195312, "imu/acl_z": 11.379640490722656, "user/mode": "user", "cam/image_array": "1297_cam-image_array_.jpg", "imu/gyr_x": 3.83206106870229, "user/angle": -0.9691152684102908, "user/throttle": 0.2755757316812647, "imu/gyr_z": 84.43511450381679}