{"imu/acl_x": 0.6679822631835937, "imu/gyr_y": 5.854961832061068, "imu/temp": 32.53, "imu/acl_y": 0.9552864624023437, "imu/acl_z": 7.819462622070312, "user/mode": "user", "cam/image_array": "1054_cam-image_array_.jpg", "imu/gyr_x": 5.030534351145038, "user/angle": -0.6288949247718741, "user/throttle": 0.27218176824243906, "imu/gyr_z": 41.412213740458014}