{"imu/acl_x": 0.45489831542968745, "imu/gyr_y": 5.748091603053435, "imu/temp": 32.1064705882353, "imu/acl_y": 1.3144167114257812, "imu/acl_z": 10.244788903808594, "user/mode": "user", "cam/image_array": "761_cam-image_array_.jpg", "imu/gyr_x": 5.145038167938932, "user/angle": -1.0, "user/throttle": 0.2653736991485336, "imu/gyr_z": 66.80152671755725}