{"imu/acl_x": -1.838746875, "imu/gyr_y": -4.229007633587786, "imu/temp": 33.09470588235294, "imu/acl_y": 0.928950244140625, "imu/acl_z": 9.318232861328125, "user/mode": "user", "cam/image_array": "173_cam-image_array_.jpg", "imu/gyr_x": -5.595419847328245, "user/angle": -0.8557084871974853, "user/throttle": 0.2653736991485336, "imu/gyr_z": 42.412213740458014}