{"imu/acl_x": -1.3910311645507811, "imu/gyr_y": -0.4961832061068702, "imu/temp": 31.871176470588235, "imu/acl_y": 0.38786066894531246, "imu/acl_z": 9.830592016601562, "user/mode": "user", "cam/image_array": "1665_cam-image_array_.jpg", "imu/gyr_x": -8.389312977099237, "user/angle": 0.10309152500991851, "user/throttle": 0.2755757316812647, "imu/gyr_z": -5.969465648854962}