{"imu/acl_x": -0.7900865478515624, "imu/gyr_y": 15.725190839694656, "imu/temp": 32.059411764705885, "imu/acl_y": 1.2856862915039062, "imu/acl_z": 8.420407238769531, "user/mode": "user", "cam/image_array": "1506_cam-image_array_.jpg", "imu/gyr_x": -9.86259541984733, "user/angle": -1.0, "user/throttle": 0.2755757316812647, "imu/gyr_z": 65.58015267175573}