{"imu/acl_x": 1.3527239379882812, "imu/gyr_y": 2.572519083969466, "imu/temp": 32.906470588235294, "imu/acl_y": 0.3687070556640625, "imu/acl_z": 10.486603271484375, "user/mode": "user", "cam/image_array": "627_cam-image_array_.jpg", "imu/gyr_x": 0.3053435114503817, "user/angle": 0.0, "user/throttle": 0.2619696646015809, "imu/gyr_z": -6.137404580152672}