{"imu/acl_x": -1.3838485595703125, "imu/gyr_y": -11.992366412213741, "imu/temp": 32.43588235294118, "imu/acl_y": 0.45489831542968745, "imu/acl_z": 9.68454571533203, "user/mode": "user", "cam/image_array": "1192_cam-image_array_.jpg", "imu/gyr_x": -8.389312977099237, "user/angle": 1.0, "user/throttle": 0.26877773369548635, "imu/gyr_z": -79.54198473282443}