{"imu/acl_x": 0.6081272216796875, "imu/gyr_y": 7.0, "imu/temp": 32.43588235294118, "imu/acl_y": 0.00239420166015625, "imu/acl_z": 10.079588989257813, "user/mode": "user", "cam/image_array": "1188_cam-image_array_.jpg", "imu/gyr_x": 1.2900763358778626, "user/angle": 0.4742271187475204, "user/throttle": 0.26877773369548635, "imu/gyr_z": -3.2748091603053435}