{"imu/acl_x": 1.5203180541992187, "imu/gyr_y": 6.709923664122138, "imu/temp": 32.57705882352941, "imu/acl_y": 0.9720458740234375, "imu/acl_z": 10.295067138671874, "user/mode": "user", "cam/image_array": "1003_cam-image_array_.jpg", "imu/gyr_x": -2.931297709923664, "user/angle": -1.0, "user/throttle": 0.27218176824243906, "imu/gyr_z": 66.5114503816794}