{"imu/acl_x": -0.3064578125, "imu/gyr_y": -3.450381679389313, "imu/temp": 32.341764705882355, "imu/acl_y": 2.731784094238281, "imu/acl_z": 10.606313354492187, "user/mode": "user", "cam/image_array": "1204_cam-image_array_.jpg", "imu/gyr_x": -19.114503816793892, "user/angle": -0.2989898373363445, "user/throttle": 0.27218176824243906, "imu/gyr_z": -7.564885496183206}