{"imu/acl_x": 0.5770026000976562, "imu/gyr_y": 7.679389312977099, "imu/temp": 32.71823529411765, "imu/acl_y": 2.528276953125, "imu/acl_z": 11.860875024414062, "user/mode": "user", "cam/image_array": "818_cam-image_array_.jpg", "imu/gyr_x": -11.664122137404581, "user/angle": -1.0, "user/throttle": 0.2755757316812647, "imu/gyr_z": 62.56488549618321}