{"imu/acl_x": -2.0470424194335934, "imu/gyr_y": -34.80916030534351, "imu/temp": 32.20058823529412, "imu/acl_y": -1.848323681640625, "imu/acl_z": 8.504204296874999, "user/mode": "user", "cam/image_array": "1375_cam-image_array_.jpg", "imu/gyr_x": -5.145038167938932, "user/angle": 0.07214575640125737, "user/throttle": 0.2755757316812647, "imu/gyr_z": 14.564885496183207}