{"imu/acl_x": -0.6727706665039062, "imu/gyr_y": 2.816793893129771, "imu/temp": 33.04764705882353, "imu/acl_y": 1.6639701538085936, "imu/acl_z": 10.441113439941406, "user/mode": "user", "cam/image_array": "311_cam-image_array_.jpg", "imu/gyr_x": -11.450381679389313, "user/angle": -1.0, "user/throttle": 0.26877773369548635, "imu/gyr_z": 65.01526717557252}