{"imu/acl_x": -1.7908628417968748, "imu/gyr_y": -0.5038167938931297, "imu/temp": 32.85941176470588, "imu/acl_y": -0.40940848388671874, "imu/acl_z": 13.031639636230468, "user/mode": "user", "cam/image_array": "676_cam-image_array_.jpg", "imu/gyr_x": -2.7022900763358777, "user/angle": -0.783532212286752, "user/throttle": 0.2619696646015809, "imu/gyr_z": 47.900763358778626}