{"imu/acl_x": -0.3591302490234375, "imu/gyr_y": -1.4274809160305344, "imu/temp": 32.388823529411766, "imu/acl_y": 0.42377369384765623, "imu/acl_z": 12.184092248535155, "user/mode": "user", "cam/image_array": "1234_cam-image_array_.jpg", "imu/gyr_x": -12.938931297709924, "user/angle": -0.6701254310739464, "user/throttle": 0.2789797662282174, "imu/gyr_z": 25.328244274809162}