{"imu/acl_x": 0.47644613037109373, "imu/gyr_y": -3.267175572519084, "imu/temp": 32.059411764705885, "imu/acl_y": -0.02633621826171875, "imu/acl_z": 11.839327209472655, "user/mode": "user", "cam/image_array": "1537_cam-image_array_.jpg", "imu/gyr_x": 5.961832061068702, "user/angle": -0.9484847560045168, "user/throttle": 0.27218176824243906, "imu/gyr_z": 73.57251908396947}