{"imu/acl_x": 1.1133037719726562, "imu/gyr_y": 19.282442748091604, "imu/temp": 32.624117647058824, "imu/acl_y": 0.11252747802734374, "imu/acl_z": 11.080365283203124, "user/mode": "user", "cam/image_array": "954_cam-image_array_.jpg", "imu/gyr_x": 1.786259541984733, "user/angle": -1.0, "user/throttle": 0.27218176824243906, "imu/gyr_z": 67.63358778625954}