{"imu/acl_x": 2.384624853515625, "imu/gyr_y": -0.22900763358778625, "imu/temp": 32.24764705882353, "imu/acl_y": -1.2617442749023438, "imu/acl_z": 11.757924353027343, "user/mode": "user", "cam/image_array": "1343_cam-image_array_.jpg", "imu/gyr_x": -6.251908396946565, "user/angle": 0.7319559312723166, "user/throttle": 0.2755757316812647, "imu/gyr_z": -51.62595419847328}