{"imu/acl_x": 3.2034418212890623, "imu/gyr_y": 9.49618320610687, "imu/temp": 31.73, "imu/acl_y": -0.4213794921875, "imu/acl_z": 13.029245434570312, "user/mode": "user", "cam/image_array": "1761_cam-image_array_.jpg", "imu/gyr_x": 1.2366412213740459, "user/angle": -1.0, "user/throttle": 0.27218176824243906, "imu/gyr_z": 62.961832061068705}