{"imu/acl_x": 0.37828386230468747, "imu/gyr_y": 6.244274809160306, "imu/temp": 33.09470588235294, "imu/acl_y": 0.316034619140625, "imu/acl_z": 11.037269653320312, "user/mode": "user", "cam/image_array": "159_cam-image_array_.jpg", "imu/gyr_x": 3.618320610687023, "user/angle": 0.0, "user/throttle": 0.2653736991485336, "imu/gyr_z": -6.9541984732824424}