{"imu/acl_x": 1.149216796875, "imu/gyr_y": -14.595419847328245, "imu/temp": 32.341764705882355, "imu/acl_y": -0.8690952026367187, "imu/acl_z": 11.317391247558593, "user/mode": "user", "cam/image_array": "1136_cam-image_array_.jpg", "imu/gyr_x": 1.8244274809160306, "user/angle": -0.8763389996032593, "user/throttle": 0.27218176824243906, "imu/gyr_z": 59.94656488549618}