{"imu/acl_x": 2.9640216552734375, "imu/gyr_y": -7.015267175572519, "imu/temp": 31.871176470588235, "imu/acl_y": 0.9696516723632812, "imu/acl_z": 10.275913525390624, "user/mode": "user", "cam/image_array": "1603_cam-image_array_.jpg", "imu/gyr_x": -4.824427480916031, "user/angle": 0.0, "user/throttle": 0.27218176824243906, "imu/gyr_z": -6.183206106870229}