{"imu/acl_x": 0.08140285644531249, "imu/gyr_y": 6.152671755725191, "imu/temp": 32.906470588235294, "imu/acl_y": 1.1540052001953125, "imu/acl_z": 10.826579907226561, "user/mode": "user", "cam/image_array": "398_cam-image_array_.jpg", "imu/gyr_x": -4.091603053435114, "user/angle": -0.5361186559648426, "user/throttle": 0.26877773369548635, "imu/gyr_z": 29.16030534351145}