{"imu/acl_x": 3.1459809814453124, "imu/gyr_y": 5.0534351145038165, "imu/temp": 32.24764705882353, "imu/acl_y": 2.6312276245117188, "imu/acl_z": 8.9255837890625, "user/mode": "user", "cam/image_array": "1304_cam-image_array_.jpg", "imu/gyr_x": -30.435114503816795, "user/angle": -0.28867458113345745, "user/throttle": 0.2755757316812647, "imu/gyr_z": 59.038167938931295}