{"imu/acl_x": -2.2290017456054687, "imu/gyr_y": -16.053435114503817, "imu/temp": 32.24764705882353, "imu/acl_y": 1.0031704956054688, "imu/acl_z": 12.97178459472656, "user/mode": "user", "cam/image_array": "1358_cam-image_array_.jpg", "imu/gyr_x": -7.763358778625954, "user/angle": -1.0, "user/throttle": 0.2755757316812647, "imu/gyr_z": 84.67175572519083}