{"imu/acl_x": -0.00718260498046875, "imu/gyr_y": -13.664122137404581, "imu/temp": 32.53, "imu/acl_y": -0.4955997436523437, "imu/acl_z": 10.64222637939453, "user/mode": "user", "cam/image_array": "1052_cam-image_array_.jpg", "imu/gyr_x": -4.351145038167939, "user/angle": -0.6495254371776482, "user/throttle": 0.27218176824243906, "imu/gyr_z": 39.19083969465649}