{"imu/acl_x": -2.224213342285156, "imu/gyr_y": 2.717557251908397, "imu/temp": 32.906470588235294, "imu/acl_y": 0.5003881469726562, "imu/acl_z": 11.554417211914062, "user/mode": "user", "cam/image_array": "56_cam-image_array_.jpg", "imu/gyr_x": 7.717557251908397, "user/angle": -0.5670339060640278, "user/throttle": 0.27218176824243906, "imu/gyr_z": 11.549618320610687}