{"imu/acl_x": 1.62805712890625, "imu/gyr_y": 7.137404580152672, "imu/temp": 32.15352941176471, "imu/acl_y": 0.1197100830078125, "imu/acl_z": 11.37006368408203, "user/mode": "user", "cam/image_array": "1385_cam-image_array_.jpg", "imu/gyr_x": -8.404580152671755, "user/angle": 0.8350474562822352, "user/throttle": 0.27218176824243906, "imu/gyr_z": -88.98473282442748}