{"imu/acl_x": 1.120486376953125, "imu/gyr_y": -4.603053435114504, "imu/temp": 32.24764705882353, "imu/acl_y": 0.6847416748046875, "imu/acl_z": 9.433154541015625, "user/mode": "user", "cam/image_array": "1226_cam-image_array_.jpg", "imu/gyr_x": -8.19083969465649, "user/angle": -0.6804406872768334, "user/throttle": 0.2789797662282174, "imu/gyr_z": 57.47328244274809}