{"imu/acl_x": -0.3950432739257812, "imu/gyr_y": 4.015267175572519, "imu/temp": 33.09470588235294, "imu/acl_y": 0.373495458984375, "imu/acl_z": 10.39322940673828, "user/mode": "user", "cam/image_array": "368_cam-image_array_.jpg", "imu/gyr_x": -1.816793893129771, "user/angle": -1.0, "user/throttle": 0.2653736991485336, "imu/gyr_z": 57.74809160305343}