{"imu/acl_x": -0.5386953735351562, "imu/gyr_y": 0.35877862595419846, "imu/temp": 32.953529411764706, "imu/acl_y": 0.45489831542968745, "imu/acl_z": 9.648632690429688, "user/mode": "user", "cam/image_array": "25_cam-image_array_.jpg", "imu/gyr_x": -10.549618320610687, "user/angle": -0.3196203497421186, "user/throttle": 0.20413129062776575, "imu/gyr_z": 5.6183206106870225}