{"imu/acl_x": 1.687912170410156, "imu/gyr_y": 7.259541984732825, "imu/temp": 32.85941176470588, "imu/acl_y": -0.45968671875, "imu/acl_z": 9.725247143554688, "user/mode": "user", "cam/image_array": "674_cam-image_array_.jpg", "imu/gyr_x": -13.061068702290076, "user/angle": -0.783532212286752, "user/throttle": 0.2619696646015809, "imu/gyr_z": 53.3206106870229}