{"imu/acl_x": 0.23702596435546874, "imu/gyr_y": -10.931297709923664, "imu/temp": 33.47117647058823, "imu/acl_y": 1.7238251953125, "imu/acl_z": 9.969455712890625, "user/mode": "user", "cam/image_array": "803_cam-image_array_.jpg", "imu/gyr_x": -7.1679389312977095, "user/angle": -0.7010711996826074, "user/throttle": 0.2653736991485336, "imu/gyr_z": 38.87786259541985}