{"imu/acl_x": -3.986345764160156, "imu/gyr_y": -9.854961832061068, "imu/temp": 32.29470588235294, "imu/acl_y": 0.18435352783203124, "imu/acl_z": 12.717999218749998, "user/mode": "user", "cam/image_array": "1317_cam-image_array_.jpg", "imu/gyr_x": 18.045801526717558, "user/angle": -0.041261024811548204, "user/throttle": 0.2755757316812647, "imu/gyr_z": -9.49618320610687}