{"imu/acl_x": 1.9656395629882812, "imu/gyr_y": 5.6106870229007635, "imu/temp": 31.91823529411765, "imu/acl_y": 0.4070142822265625, "imu/acl_z": 9.74200655517578, "user/mode": "user", "cam/image_array": "1639_cam-image_array_.jpg", "imu/gyr_x": -4.740458015267175, "user/angle": -0.5464339121677297, "user/throttle": 0.2755757316812647, "imu/gyr_z": -9.534351145038167}