{"imu/acl_x": 0.09576806640624999, "imu/gyr_y": -4.793893129770993, "imu/temp": 33.18882352941176, "imu/acl_y": 1.6304513305664061, "imu/acl_z": 8.846575134277343, "user/mode": "user", "cam/image_array": "245_cam-image_array_.jpg", "imu/gyr_x": -7.396946564885496, "user/angle": -0.7629322183904538, "user/throttle": 0.26877773369548635, "imu/gyr_z": 61.17557251908397}