{"imu/acl_x": -1.8602946899414061, "imu/gyr_y": 26.83969465648855, "imu/temp": 33.42411764705882, "imu/acl_y": -1.2378022583007813, "imu/acl_z": 10.893617553710937, "user/mode": "user", "cam/image_array": "901_cam-image_array_.jpg", "imu/gyr_x": -14.442748091603054, "user/angle": 0.41236610003967406, "user/throttle": 0.27218176824243906, "imu/gyr_z": -23.251908396946565}