{"imu/acl_x": 0.22026655273437498, "imu/gyr_y": 7.297709923664122, "imu/temp": 31.871176470588235, "imu/acl_y": 0.9097966308593749, "imu/acl_z": 8.8489693359375, "user/mode": "user", "cam/image_array": "1775_cam-image_array_.jpg", "imu/gyr_x": -9.251908396946565, "user/angle": 0.0, "user/throttle": 0.27218176824243906, "imu/gyr_z": -10.198473282442748}