{"imu/acl_x": 1.89620771484375, "imu/gyr_y": 2.763358778625954, "imu/temp": 32.29470588235294, "imu/acl_y": 0.82360537109375, "imu/acl_z": 9.852139831542969, "user/mode": "user", "cam/image_array": "1232_cam-image_array_.jpg", "imu/gyr_x": -0.48091603053435117, "user/angle": -0.45362712485122225, "user/throttle": 0.2789797662282174, "imu/gyr_z": 25.763358778625953}