{"imu/acl_x": -0.2609679809570312, "imu/gyr_y": -8.86259541984733, "imu/temp": 33.47117647058823, "imu/acl_y": 0.34237083740234375, "imu/acl_z": 9.476250170898437, "user/mode": "user", "cam/image_array": "864_cam-image_array_.jpg", "imu/gyr_x": -11.854961832061068, "user/angle": -0.402081362346263, "user/throttle": 0.2755757316812647, "imu/gyr_z": 28.65648854961832}