{"imu/acl_x": 0.10295067138671875, "imu/gyr_y": 6.366412213740458, "imu/temp": 32.953529411764706, "imu/acl_y": -0.5195417602539062, "imu/acl_z": 8.264784130859374, "user/mode": "user", "cam/image_array": "511_cam-image_array_.jpg", "imu/gyr_x": -0.5343511450381679, "user/angle": -0.4433423871578112, "user/throttle": 0.20413129062776575, "imu/gyr_z": 12.740458015267176}