{"imu/acl_x": -2.4684219116210935, "imu/gyr_y": -8.923664122137405, "imu/temp": 32.624117647058824, "imu/acl_y": 1.419761584472656, "imu/acl_z": 13.769053747558592, "user/mode": "user", "cam/image_array": "1117_cam-image_array_.jpg", "imu/gyr_x": -14.045801526717558, "user/angle": 0.7113559373760185, "user/throttle": 0.27218176824243906, "imu/gyr_z": -47.20610687022901}