{"imu/acl_x": 0.05027823486328125, "imu/gyr_y": 6.1679389312977095, "imu/temp": 32.20058823529412, "imu/acl_y": 0.36631285400390623, "imu/acl_z": 8.614337573242187, "user/mode": "user", "cam/image_array": "1377_cam-image_array_.jpg", "imu/gyr_x": -3.1297709923664123, "user/angle": 0.46391186254463335, "user/throttle": 0.27218176824243906, "imu/gyr_z": -12.587786259541986}