{"imu/acl_x": 2.592920397949219, "imu/gyr_y": -4.847328244274809, "imu/temp": 32.15352941176471, "imu/acl_y": 0.8858546142578124, "imu/acl_z": 11.034875451660156, "user/mode": "user", "cam/image_array": "1357_cam-image_array_.jpg", "imu/gyr_x": 8.282442748091603, "user/angle": -1.0, "user/throttle": 0.2755757316812647, "imu/gyr_z": 86.22137404580153}