{"imu/acl_x": 0.7134720947265625, "imu/gyr_y": -9.86259541984733, "imu/temp": 33.00058823529412, "imu/acl_y": -0.13168109130859373, "imu/acl_z": 9.129090930175781, "user/mode": "user", "cam/image_array": "407_cam-image_array_.jpg", "imu/gyr_x": -2.7709923664122136, "user/angle": -0.6804406872768334, "user/throttle": 0.2653736991485336, "imu/gyr_z": 43.43511450381679}