{"imu/acl_x": 1.5873557006835937, "imu/gyr_y": 1.2900763358778626, "imu/temp": 32.1064705882353, "imu/acl_y": -0.6536170532226562, "imu/acl_z": 9.114725720214842, "user/mode": "user", "cam/image_array": "1424_cam-image_array_.jpg", "imu/gyr_x": 3.213740458015267, "user/angle": -0.8660237434003724, "user/throttle": 0.2755757316812647, "imu/gyr_z": 70.12213740458016}