{"imu/acl_x": -0.7948749511718749, "imu/gyr_y": 6.480916030534351, "imu/temp": 31.824117647058824, "imu/acl_y": -0.02633621826171875, "imu/acl_z": 10.761936462402343, "user/mode": "user", "cam/image_array": "1740_cam-image_array_.jpg", "imu/gyr_x": 5.694656488549619, "user/angle": 0.8659932248908964, "user/throttle": 0.27218176824243906, "imu/gyr_z": -85.1145038167939}