{"imu/acl_x": 2.825157958984375, "imu/gyr_y": -3.6564885496183206, "imu/temp": 31.871176470588235, "imu/acl_y": -0.7158662963867187, "imu/acl_z": 8.530540515136718, "user/mode": "user", "cam/image_array": "1650_cam-image_array_.jpg", "imu/gyr_x": 10.648854961832061, "user/angle": -1.0, "user/throttle": 0.2755757316812647, "imu/gyr_z": 92.34351145038168}