{"imu/acl_x": 0.17238251953125, "imu/gyr_y": 0.46564885496183206, "imu/temp": 33.00058823529412, "imu/acl_y": 0.181959326171875, "imu/acl_z": 10.127473022460936, "user/mode": "user", "cam/image_array": "8_cam-image_array_.jpg", "imu/gyr_x": -2.7404580152671754, "user/angle": 0.0, "user/throttle": 0.22794946134830776, "imu/gyr_z": -1.4961832061068703}