{"imu/acl_x": 4.642357019042969, "imu/gyr_y": 7.358778625954199, "imu/temp": 31.777058823529412, "imu/acl_y": 1.8315642700195311, "imu/acl_z": 6.016628771972656, "user/mode": "user", "cam/image_array": "1687_cam-image_array_.jpg", "imu/gyr_x": -19.404580152671755, "user/angle": -0.8557084871974853, "user/throttle": 0.27218176824243906, "imu/gyr_z": 69.25190839694656}