{"imu/acl_x": 0.5817910034179687, "imu/gyr_y": 13.351145038167939, "imu/temp": 32.624117647058824, "imu/acl_y": 0.14604630126953125, "imu/acl_z": 10.924742175292968, "user/mode": "user", "cam/image_array": "975_cam-image_array_.jpg", "imu/gyr_x": 3.4656488549618323, "user/angle": 0.15463728751487776, "user/throttle": 0.27218176824243906, "imu/gyr_z": 8.48091603053435}