{"imu/acl_x": 2.480392919921875, "imu/gyr_y": -0.3282442748091603, "imu/temp": 32.341764705882355, "imu/acl_y": -1.2713210815429687, "imu/acl_z": 10.86009873046875, "user/mode": "user", "cam/image_array": "1307_cam-image_array_.jpg", "imu/gyr_x": 0.22137404580152673, "user/angle": 0.0, "user/throttle": 0.2755757316812647, "imu/gyr_z": -1.6488549618320612}