{"imu/acl_x": -0.5051765502929687, "imu/gyr_y": 9.358778625954198, "imu/temp": 32.059411764705885, "imu/acl_y": 0.8283937744140625, "imu/acl_z": 10.79545528564453, "user/mode": "user", "cam/image_array": "774_cam-image_array_.jpg", "imu/gyr_x": -6.916030534351145, "user/angle": 0.4226813562425611, "user/throttle": 0.2619696646015809, "imu/gyr_z": -3.931297709923664}