{"imu/acl_x": 1.3192051147460937, "imu/gyr_y": 3.381679389312977, "imu/temp": 32.76529411764706, "imu/acl_y": 0.15322890625, "imu/acl_z": 11.164162341308593, "user/mode": "user", "cam/image_array": "752_cam-image_array_.jpg", "imu/gyr_x": 6.526717557251908, "user/angle": -0.8247932370983001, "user/throttle": 0.2653736991485336, "imu/gyr_z": 55.29770992366412}