{"imu/acl_x": 0.01915361328125, "imu/gyr_y": 18.17557251908397, "imu/temp": 32.953529411764706, "imu/acl_y": 1.7453730102539062, "imu/acl_z": 12.74912384033203, "user/mode": "user", "cam/image_array": "584_cam-image_array_.jpg", "imu/gyr_x": -7.6106870229007635, "user/angle": -1.0, "user/throttle": 0.2619696646015809, "imu/gyr_z": 69.82442748091603}