{"imu/acl_x": -0.7517793212890624, "imu/gyr_y": -14.816793893129772, "imu/temp": 32.341764705882355, "imu/acl_y": 0.41898529052734373, "imu/acl_z": 9.665392102050781, "user/mode": "user", "cam/image_array": "1242_cam-image_array_.jpg", "imu/gyr_x": -16.564885496183205, "user/angle": -0.8969389934995575, "user/throttle": 0.2755757316812647, "imu/gyr_z": 64.4885496183206}