{"imu/acl_x": -0.488417138671875, "imu/gyr_y": 0.8396946564885496, "imu/temp": 32.81235294117647, "imu/acl_y": -0.10773907470703124, "imu/acl_z": 9.97184991455078, "user/mode": "user", "cam/image_array": "619_cam-image_array_.jpg", "imu/gyr_x": -4.99236641221374, "user/angle": -0.7217017120883816, "user/throttle": 0.2619696646015809, "imu/gyr_z": 43.908396946564885}