{"imu/acl_x": 0.5410895751953124, "imu/gyr_y": 16.068702290076335, "imu/temp": 32.953529411764706, "imu/acl_y": 0.033518823242187495, "imu/acl_z": 10.007762939453125, "user/mode": "user", "cam/image_array": "351_cam-image_array_.jpg", "imu/gyr_x": 3.3053435114503817, "user/angle": -0.2783593249305704, "user/throttle": 0.26877773369548635, "imu/gyr_z": -49.900763358778626}