{"imu/acl_x": 1.8531120849609375, "imu/gyr_y": 24.801526717557252, "imu/temp": 32.953529411764706, "imu/acl_y": -0.16519991455078123, "imu/acl_z": 6.955155822753905, "user/mode": "user", "cam/image_array": "605_cam-image_array_.jpg", "imu/gyr_x": -5.229007633587786, "user/angle": -0.7526169621875668, "user/throttle": 0.2619696646015809, "imu/gyr_z": 48.41984732824427}