{"imu/acl_x": -2.47081611328125, "imu/gyr_y": -6.854961832061068, "imu/temp": 32.341764705882355, "imu/acl_y": -0.373495458984375, "imu/acl_z": 12.59589493408203, "user/mode": "user", "cam/image_array": "1200_cam-image_array_.jpg", "imu/gyr_x": -1.4274809160305344, "user/angle": 0.2783288064210944, "user/throttle": 0.26877773369548635, "imu/gyr_z": -77.77099236641222}