{"imu/acl_x": 1.5921441040039062, "imu/gyr_y": -2.8473282442748094, "imu/temp": 32.48294117647059, "imu/acl_y": 0.3184288208007812, "imu/acl_z": 11.298237634277344, "user/mode": "user", "cam/image_array": "1078_cam-image_array_.jpg", "imu/gyr_x": -16.00763358778626, "user/angle": 0.0, "user/throttle": 0.27218176824243906, "imu/gyr_z": -8.916030534351146}