{"imu/acl_x": -0.7350199096679687, "imu/gyr_y": -1.6106870229007633, "imu/temp": 33.04764705882353, "imu/acl_y": -0.7924807495117187, "imu/acl_z": 10.146626635742187, "user/mode": "user", "cam/image_array": "430_cam-image_array_.jpg", "imu/gyr_x": 2.816793893129771, "user/angle": -0.11340678121280556, "user/throttle": 0.26877773369548635, "imu/gyr_z": 13.648854961832061}