{"imu/acl_x": 1.2641384765625, "imu/gyr_y": -0.9465648854961832, "imu/temp": 33.00058823529412, "imu/acl_y": 1.22583125, "imu/acl_z": 8.884882360839843, "user/mode": "user", "cam/image_array": "281_cam-image_array_.jpg", "imu/gyr_x": -7.129770992366412, "user/angle": -0.9382000183111057, "user/throttle": 0.2653736991485336, "imu/gyr_z": 69.83206106870229}