{"imu/acl_x": 1.5514426757812498, "imu/gyr_y": 5.717557251908397, "imu/temp": 33.09470588235294, "imu/acl_y": 1.5466542724609373, "imu/acl_z": 12.974178796386719, "user/mode": "user", "cam/image_array": "224_cam-image_array_.jpg", "imu/gyr_x": -8.030534351145038, "user/angle": -0.597979674672689, "user/throttle": 0.26877773369548635, "imu/gyr_z": 45.229007633587784}