{"imu/acl_x": 0.8906430175781249, "imu/gyr_y": 3.015267175572519, "imu/temp": 33.09470588235294, "imu/acl_y": 0.3902548706054687, "imu/acl_z": 11.202469567871093, "user/mode": "user", "cam/image_array": "154_cam-image_array_.jpg", "imu/gyr_x": -4.526717557251908, "user/angle": -0.3093050935392315, "user/throttle": 0.26877773369548635, "imu/gyr_z": 49.778625954198475}