{"imu/acl_x": -0.36152445068359373, "imu/gyr_y": 4.122137404580153, "imu/temp": 32.906470588235294, "imu/acl_y": -0.028730419921875, "imu/acl_z": 9.191340173339842, "user/mode": "user", "cam/image_array": "594_cam-image_array_.jpg", "imu/gyr_x": -0.8778625954198473, "user/angle": -0.14435254982146672, "user/throttle": 0.2619696646015809, "imu/gyr_z": 29.27480916030534}