{"imu/acl_x": -0.15083470458984374, "imu/gyr_y": -2.381679389312977, "imu/temp": 32.20058823529412, "imu/acl_y": 0.22026655273437498, "imu/acl_z": 10.180145458984374, "user/mode": "user", "cam/image_array": "1314_cam-image_array_.jpg", "imu/gyr_x": -4.450381679389313, "user/angle": 0.0, "user/throttle": 0.2755757316812647, "imu/gyr_z": -37.396946564885496}