{"imu/acl_x": -1.37906015625, "imu/gyr_y": -2.5419847328244276, "imu/temp": 33.04764705882353, "imu/acl_y": 0.5386953735351562, "imu/acl_z": 11.623849060058593, "user/mode": "user", "cam/image_array": "295_cam-image_array_.jpg", "imu/gyr_x": -4.427480916030534, "user/angle": -0.2371288186284982, "user/throttle": 0.26877773369548635, "imu/gyr_z": -10.717557251908397}