{"imu/acl_x": -0.44532150878906246, "imu/gyr_y": 6.114503816793893, "imu/temp": 32.906470588235294, "imu/acl_y": 0.6248866333007812, "imu/acl_z": 9.588777648925781, "user/mode": "user", "cam/image_array": "536_cam-image_array_.jpg", "imu/gyr_x": -2.099236641221374, "user/angle": -0.8350779747917112, "user/throttle": 0.2857878353221229, "imu/gyr_z": 54.16030534351145}