{"imu/acl_x": -0.27293898925781246, "imu/gyr_y": -0.33587786259541985, "imu/temp": 33.00058823529412, "imu/acl_y": 1.9847931762695312, "imu/acl_z": 11.389217297363281, "user/mode": "user", "cam/image_array": "140_cam-image_array_.jpg", "imu/gyr_x": -0.7786259541984732, "user/angle": -1.0, "user/throttle": 0.26877773369548635, "imu/gyr_z": 62.29770992366412}