{"imu/acl_x": -1.8650830932617186, "imu/gyr_y": -0.366412213740458, "imu/temp": 32.1064705882353, "imu/acl_y": 0.06943184814453125, "imu/acl_z": 9.93354268798828, "user/mode": "user", "cam/image_array": "1497_cam-image_array_.jpg", "imu/gyr_x": -17.51145038167939, "user/angle": 0.05154576250495926, "user/throttle": 0.27218176824243906, "imu/gyr_z": -55.045801526717554}