{"imu/acl_x": -2.3535002319335936, "imu/gyr_y": -2.9236641221374047, "imu/temp": 32.85941176470588, "imu/acl_y": -1.9632453613281249, "imu/acl_z": 15.593435412597655, "user/mode": "user", "cam/image_array": "564_cam-image_array_.jpg", "imu/gyr_x": -38.6412213740458, "user/angle": 0.5464033936582537, "user/throttle": 0.27218176824243906, "imu/gyr_z": -76.2824427480916}