{"imu/acl_x": 1.1252747802734375, "imu/gyr_y": 4.748091603053435, "imu/temp": 32.43588235294118, "imu/acl_y": 0.9552864624023437, "imu/acl_z": 7.431601953125, "user/mode": "user", "cam/image_array": "1064_cam-image_array_.jpg", "imu/gyr_x": -9.236641221374045, "user/angle": -0.5567186498611408, "user/throttle": 0.27218176824243906, "imu/gyr_z": 44.656488549618324}