{"imu/acl_x": 2.7940333374023436, "imu/gyr_y": 15.145038167938932, "imu/temp": 33.04764705882353, "imu/acl_y": 0.33758243408203126, "imu/acl_z": 11.563994018554688, "user/mode": "user", "cam/image_array": "314_cam-image_array_.jpg", "imu/gyr_x": 3.122137404580153, "user/angle": -1.0, "user/throttle": 0.26877773369548635, "imu/gyr_z": 67.3587786259542}