{"imu/acl_x": 0.6727706665039062, "imu/gyr_y": 1.7251908396946565, "imu/temp": 32.1064705882353, "imu/acl_y": -0.6440402465820312, "imu/acl_z": 11.231199987792968, "user/mode": "user", "cam/image_array": "1496_cam-image_array_.jpg", "imu/gyr_x": 4.625954198473282, "user/angle": 0.20618305001983703, "user/throttle": 0.27218176824243906, "imu/gyr_z": -54.12213740458015}