{"imu/acl_x": 1.1180921752929687, "imu/gyr_y": -5.351145038167939, "imu/temp": 31.306470588235296, "imu/acl_y": -2.1835119140624997, "imu/acl_z": 9.665392102050781, "user/mode": "user", "cam/image_array": "1569_cam-image_array_.jpg", "imu/gyr_x": -2.633587786259542, "user/angle": -0.6288949247718741, "user/throttle": 0.2755757316812647, "imu/gyr_z": -72.58778625954199}