{"imu/acl_x": -1.5969325073242187, "imu/gyr_y": 8.98473282442748, "imu/temp": 32.1064705882353, "imu/acl_y": 1.1085153686523437, "imu/acl_z": 7.79552060546875, "user/mode": "user", "cam/image_array": "1416_cam-image_array_.jpg", "imu/gyr_x": -15.770992366412214, "user/angle": -0.7010711996826074, "user/throttle": 0.2755757316812647, "imu/gyr_z": 38.57251908396947}