{"imu/acl_x": 0.7757213378906249, "imu/gyr_y": 1.6793893129770991, "imu/temp": 33.14176470588235, "imu/acl_y": 0.2609679809570312, "imu/acl_z": 12.04762275390625, "user/mode": "user", "cam/image_array": "284_cam-image_array_.jpg", "imu/gyr_x": 4.366412213740458, "user/angle": -0.9382000183111057, "user/throttle": 0.26877773369548635, "imu/gyr_z": 69.73282442748092}