{"imu/acl_x": 0.12689268798828124, "imu/gyr_y": 5.290076335877862, "imu/temp": 32.341764705882355, "imu/acl_y": 0.11252747802734374, "imu/acl_z": 12.303802331542968, "user/mode": "user", "cam/image_array": "1205_cam-image_array_.jpg", "imu/gyr_x": -7.366412213740458, "user/angle": -0.3093050935392315, "user/throttle": 0.27218176824243906, "imu/gyr_z": 6.427480916030534}