{"imu/acl_x": 0.8882488159179687, "imu/gyr_y": 4.099236641221374, "imu/temp": 33.09470588235294, "imu/acl_y": 1.0103531005859374, "imu/acl_z": 10.455478649902343, "user/mode": "user", "cam/image_array": "316_cam-image_array_.jpg", "imu/gyr_x": 3.351145038167939, "user/angle": -1.0, "user/throttle": 0.26877773369548635, "imu/gyr_z": 65.8854961832061}