{"imu/acl_x": 0.8547299926757812, "imu/gyr_y": 5.374045801526718, "imu/temp": 33.04764705882353, "imu/acl_y": 0.201112939453125, "imu/acl_z": 11.44667813720703, "user/mode": "user", "cam/image_array": "156_cam-image_array_.jpg", "imu/gyr_x": -1.8396946564885497, "user/angle": 0.0, "user/throttle": 0.26877773369548635, "imu/gyr_z": 20.572519083969464}