{"imu/acl_x": -0.5434837768554687, "imu/gyr_y": -4.106870229007634, "imu/temp": 32.012352941176474, "imu/acl_y": 1.2401964599609374, "imu/acl_z": 9.267954626464844, "user/mode": "user", "cam/image_array": "1521_cam-image_array_.jpg", "imu/gyr_x": -16.763358778625953, "user/angle": 0.0, "user/throttle": 0.27218176824243906, "imu/gyr_z": -3.3053435114503817}