{"imu/acl_x": -0.70868369140625, "imu/gyr_y": 1.9083969465648856, "imu/temp": 33.09470588235294, "imu/acl_y": 0.6943184814453125, "imu/acl_z": 9.373299499511718, "user/mode": "user", "cam/image_array": "63_cam-image_array_.jpg", "imu/gyr_x": -8.946564885496183, "user/angle": -0.5670339060640278, "user/throttle": 0.27218176824243906, "imu/gyr_z": 22.69465648854962}