{"imu/acl_x": -0.239420166015625, "imu/gyr_y": 8.114503816793894, "imu/temp": 33.14176470588235, "imu/acl_y": 0.6272808349609375, "imu/acl_z": 8.980650427246093, "user/mode": "user", "cam/image_array": "254_cam-image_array_.jpg", "imu/gyr_x": -4.916030534351145, "user/angle": 0.0, "user/throttle": 0.26877773369548635, "imu/gyr_z": -8.145038167938932}