{"imu/acl_x": 0.5985504150390625, "imu/gyr_y": -2.450381679389313, "imu/temp": 33.00058823529412, "imu/acl_y": 0.70868369140625, "imu/acl_z": 9.919177478027343, "user/mode": "user", "cam/image_array": "175_cam-image_array_.jpg", "imu/gyr_x": -8.335877862595419, "user/angle": -0.8557084871974853, "user/throttle": 0.2653736991485336, "imu/gyr_z": 46.908396946564885}