{"imu/acl_x": 0.3112462158203125, "imu/gyr_y": 8.893129770992367, "imu/temp": 32.059411764705885, "imu/acl_y": 1.678335363769531, "imu/acl_z": 12.27028350830078, "user/mode": "user", "cam/image_array": "769_cam-image_array_.jpg", "imu/gyr_x": -5.549618320610687, "user/angle": -0.7217017120883816, "user/throttle": 0.2653736991485336, "imu/gyr_z": 68.45801526717557}