{"imu/acl_x": 1.3263877197265623, "imu/gyr_y": 9.648854961832061, "imu/temp": 32.43588235294118, "imu/acl_y": 1.7429788085937499, "imu/acl_z": 10.462661254882812, "user/mode": "user", "cam/image_array": "1094_cam-image_array_.jpg", "imu/gyr_x": -13.992366412213741, "user/angle": -1.0, "user/throttle": 0.27218176824243906, "imu/gyr_z": 73.64885496183206}