{"imu/acl_x": 0.047884033203124995, "imu/gyr_y": 8.419847328244275, "imu/temp": 33.04764705882353, "imu/acl_y": 1.2665326782226562, "imu/acl_z": 9.0788126953125, "user/mode": "user", "cam/image_array": "90_cam-image_array_.jpg", "imu/gyr_x": -11.419847328244275, "user/angle": -1.0, "user/throttle": 0.27218176824243906, "imu/gyr_z": 49.732824427480914}