{"imu/acl_x": -0.22266075439453123, "imu/gyr_y": 8.664122137404581, "imu/temp": 32.624117647058824, "imu/acl_y": 0.7685387329101562, "imu/acl_z": 11.528080993652344, "user/mode": "user", "cam/image_array": "1006_cam-image_array_.jpg", "imu/gyr_x": 4.175572519083969, "user/angle": -1.0, "user/throttle": 0.27218176824243906, "imu/gyr_z": 65.70229007633588}