{"imu/acl_x": -0.4477157104492187, "imu/gyr_y": -9.396946564885496, "imu/temp": 32.953529411764706, "imu/acl_y": 1.9584569580078124, "imu/acl_z": 8.336610180664062, "user/mode": "user", "cam/image_array": "546_cam-image_array_.jpg", "imu/gyr_x": -12.541984732824428, "user/angle": -0.9484847560045168, "user/throttle": 0.28238380077517017, "imu/gyr_z": 52.00763358778626}