{"imu/acl_x": -0.7805097412109374, "imu/gyr_y": -0.9389312977099237, "imu/temp": 32.57705882352941, "imu/acl_y": 2.626439221191406, "imu/acl_z": 12.861651318359375, "user/mode": "user", "cam/image_array": "915_cam-image_array_.jpg", "imu/gyr_x": -10.709923664122137, "user/angle": -0.8247932370983001, "user/throttle": 0.27218176824243906, "imu/gyr_z": 72.25954198473282}