{"imu/acl_x": 0.4740519287109375, "imu/gyr_y": -5.557251908396947, "imu/temp": 32.71823529411765, "imu/acl_y": 0.1580173095703125, "imu/acl_z": 8.334215979003906, "user/mode": "user", "cam/image_array": "833_cam-image_array_.jpg", "imu/gyr_x": 4.068702290076335, "user/angle": -0.6598406933805353, "user/throttle": 0.2755757316812647, "imu/gyr_z": 41.67175572519084}