{"imu/acl_x": -0.32561142578124996, "imu/gyr_y": -15.969465648854962, "imu/temp": 32.29470588235294, "imu/acl_y": 2.5378537597656248, "imu/acl_z": 7.110778930664062, "user/mode": "user", "cam/image_array": "1332_cam-image_array_.jpg", "imu/gyr_x": -2.4656488549618323, "user/angle": -0.9897457808160649, "user/throttle": 0.2755757316812647, "imu/gyr_z": 78.38931297709924}