{"imu/acl_x": -0.8834604125976562, "imu/gyr_y": -11.274809160305344, "imu/temp": 33.00058823529412, "imu/acl_y": -0.8882488159179687, "imu/acl_z": 12.349292163085936, "user/mode": "user", "cam/image_array": "188_cam-image_array_.jpg", "imu/gyr_x": -3.435114503816794, "user/angle": -0.195898312326426, "user/throttle": 0.26877773369548635, "imu/gyr_z": 42.541984732824424}