{"imu/acl_x": 0.43574470214843747, "imu/gyr_y": 2.8473282442748094, "imu/temp": 32.906470588235294, "imu/acl_y": 0.7206546997070312, "imu/acl_z": 9.926360083007811, "user/mode": "user", "cam/image_array": "574_cam-image_array_.jpg", "imu/gyr_x": -13.580152671755725, "user/angle": -0.6701254310739464, "user/throttle": 0.27218176824243906, "imu/gyr_z": -10.625954198473282}