{"imu/acl_x": -0.6200982299804687, "imu/gyr_y": 5.580152671755725, "imu/temp": 31.777058823529412, "imu/acl_y": 2.8850130004882812, "imu/acl_z": 14.43464180908203, "user/mode": "user", "cam/image_array": "1847_cam-image_array_.jpg", "imu/gyr_x": 1.0687022900763359, "user/angle": -1.0, "user/throttle": 0.2755757316812647, "imu/gyr_z": 78.98473282442748}