{"imu/acl_x": -0.5003881469726562, "imu/gyr_y": -1.3969465648854962, "imu/temp": 32.53, "imu/acl_y": 0.6177040283203125, "imu/acl_z": 11.219228979492186, "user/mode": "user", "cam/image_array": "928_cam-image_array_.jpg", "imu/gyr_x": -7.7251908396946565, "user/angle": -1.0, "user/throttle": 0.27218176824243906, "imu/gyr_z": 68.87786259541984}