{"imu/acl_x": -0.9816226806640624, "imu/gyr_y": 21.549618320610687, "imu/temp": 32.341764705882355, "imu/acl_y": -1.1372457885742187, "imu/acl_z": 12.366051574707031, "user/mode": "user", "cam/image_array": "1157_cam-image_array_.jpg", "imu/gyr_x": -8.732824427480915, "user/angle": -0.9175695059053316, "user/throttle": 0.27218176824243906, "imu/gyr_z": 39.16793893129771}