{"imu/acl_x": 0.6416460449218749, "imu/gyr_y": 11.786259541984732, "imu/temp": 32.341764705882355, "imu/acl_y": 1.944091748046875, "imu/acl_z": 11.662156286621093, "user/mode": "user", "cam/image_array": "1295_cam-image_array_.jpg", "imu/gyr_x": 2.595419847328244, "user/angle": -0.9794305246131779, "user/throttle": 0.2755757316812647, "imu/gyr_z": 93.56488549618321}