{"imu/acl_x": -0.9026140258789062, "imu/gyr_y": 7.572519083969466, "imu/temp": 33.00058823529412, "imu/acl_y": 0.22505495605468748, "imu/acl_z": 8.580818749999999, "user/mode": "user", "cam/image_array": "375_cam-image_array_.jpg", "imu/gyr_x": -2.6030534351145036, "user/angle": -0.4845728934598834, "user/throttle": 0.2653736991485336, "imu/gyr_z": 47.282442748091604}