{"imu/acl_x": 0.5506663818359374, "imu/gyr_y": -13.458015267175572, "imu/temp": 32.24764705882353, "imu/acl_y": 0.9576806640625, "imu/acl_z": 9.68454571533203, "user/mode": "user", "cam/image_array": "1366_cam-image_array_.jpg", "imu/gyr_x": 0.7862595419847328, "user/angle": -1.0, "user/throttle": 0.2755757316812647, "imu/gyr_z": 80.3206106870229}