{"imu/acl_x": 0.32082302246093747, "imu/gyr_y": -4.931297709923665, "imu/temp": 33.00058823529412, "imu/acl_y": -0.011971008300781249, "imu/acl_z": 10.395623608398436, "user/mode": "user", "cam/image_array": "529_cam-image_array_.jpg", "imu/gyr_x": 0.1450381679389313, "user/angle": -0.8557084871974853, "user/throttle": 0.2857878353221229, "imu/gyr_z": 34.93129770992366}