{"imu/acl_x": 1.9321207397460936, "imu/gyr_y": -4.900763358778626, "imu/temp": 32.1064705882353, "imu/acl_y": 0.9433154541015625, "imu/acl_z": 11.142614526367186, "user/mode": "user", "cam/image_array": "1406_cam-image_array_.jpg", "imu/gyr_x": -11.305343511450381, "user/angle": -1.0, "user/throttle": 0.2755757316812647, "imu/gyr_z": 77.82442748091603}