{"imu/acl_x": -1.2282254516601563, "imu/gyr_y": -18.580152671755727, "imu/temp": 32.624117647058824, "imu/acl_y": -0.02633621826171875, "imu/acl_z": 8.403647827148436, "user/mode": "user", "cam/image_array": "876_cam-image_array_.jpg", "imu/gyr_x": 11.030534351145038, "user/angle": -0.8350779747917112, "user/throttle": 0.2755757316812647, "imu/gyr_z": 73.77862595419847}