{"imu/acl_x": 0.9935936889648437, "imu/gyr_y": 15.534351145038167, "imu/temp": 33.09470588235294, "imu/acl_y": 1.5753846923828123, "imu/acl_z": 9.236830004882812, "user/mode": "user", "cam/image_array": "417_cam-image_array_.jpg", "imu/gyr_x": -11.16030534351145, "user/angle": 0.0, "user/throttle": 0.2653736991485336, "imu/gyr_z": -0.9847328244274809}