{"imu/acl_x": -1.6065093139648436, "imu/gyr_y": 1.465648854961832, "imu/temp": 31.871176470588235, "imu/acl_y": 1.3958195678710936, "imu/acl_z": 9.04050546875, "user/mode": "user", "cam/image_array": "1682_cam-image_array_.jpg", "imu/gyr_x": -9.664122137404581, "user/angle": -0.7938474684896389, "user/throttle": 0.2755757316812647, "imu/gyr_z": 61.32824427480916}