{"imu/acl_x": 0.5865794067382812, "imu/gyr_y": 0.6870229007633588, "imu/temp": 32.57705882352941, "imu/acl_y": 0.1149216796875, "imu/acl_z": 9.775525378417969, "user/mode": "user", "cam/image_array": "1017_cam-image_array_.jpg", "imu/gyr_x": 1.6946564885496183, "user/angle": -0.28867458113345745, "user/throttle": 0.27218176824243906, "imu/gyr_z": 61.36641221374046}