{"imu/acl_x": -1.455674609375, "imu/gyr_y": 8.404580152671755, "imu/temp": 32.388823529411766, "imu/acl_y": -0.3854664672851562, "imu/acl_z": 9.658209497070311, "user/mode": "user", "cam/image_array": "1169_cam-image_array_.jpg", "imu/gyr_x": 3.877862595419847, "user/angle": -0.9175695059053316, "user/throttle": 0.27218176824243906, "imu/gyr_z": 66.6412213740458}