{"imu/acl_x": 0.8954314208984374, "imu/gyr_y": 6.603053435114504, "imu/temp": 32.341764705882355, "imu/acl_y": 0.2825157958984375, "imu/acl_z": 10.096348400878906, "user/mode": "user", "cam/image_array": "1187_cam-image_array_.jpg", "imu/gyr_x": 1.7709923664122138, "user/angle": 0.10309152500991851, "user/throttle": 0.27218176824243906, "imu/gyr_z": 0.8702290076335878}