{"imu/acl_x": -2.051830822753906, "imu/gyr_y": -13.83969465648855, "imu/temp": 32.059411764705885, "imu/acl_y": 1.3000515014648437, "imu/acl_z": 9.129090930175781, "user/mode": "user", "cam/image_array": "1478_cam-image_array_.jpg", "imu/gyr_x": -0.2748091603053435, "user/angle": -1.0, "user/throttle": 0.2755757316812647, "imu/gyr_z": 91.99236641221374}