{"imu/acl_x": -3.2345664428710936, "imu/gyr_y": 1.9083969465648856, "imu/temp": 32.29470588235294, "imu/acl_y": 3.095702746582031, "imu/acl_z": 8.664615808105468, "user/mode": "user", "cam/image_array": "1330_cam-image_array_.jpg", "imu/gyr_x": -31.85496183206107, "user/angle": -0.9897457808160649, "user/throttle": 0.2755757316812647, "imu/gyr_z": 77.67175572519083}