{"imu/acl_x": 1.8507178833007811, "imu/gyr_y": 0.45038167938931295, "imu/temp": 32.76529411764706, "imu/acl_y": 0.39743747558593745, "imu/acl_z": 10.682927807617187, "user/mode": "user", "cam/image_array": "725_cam-image_array_.jpg", "imu/gyr_x": -11.717557251908397, "user/angle": -0.7629322183904538, "user/throttle": 0.2653736991485336, "imu/gyr_z": 58.541984732824424}