{"imu/acl_x": -1.218648645019531, "imu/gyr_y": 1.8244274809160306, "imu/temp": 31.68294117647059, "imu/acl_y": 0.51714755859375, "imu/acl_z": 11.511321582031249, "user/mode": "user", "cam/image_array": "1811_cam-image_array_.jpg", "imu/gyr_x": 1.251908396946565, "user/angle": -0.391766106143376, "user/throttle": 0.27218176824243906, "imu/gyr_z": 1.083969465648855}