{"imu/acl_x": 1.9009961181640624, "imu/gyr_y": 22.954198473282442, "imu/temp": 32.624117647058824, "imu/acl_y": 1.5394716674804687, "imu/acl_z": 9.849745629882811, "user/mode": "user", "cam/image_array": "1007_cam-image_array_.jpg", "imu/gyr_x": -14.312977099236642, "user/angle": -1.0, "user/throttle": 0.27218176824243906, "imu/gyr_z": 69.38931297709924}