{"imu/acl_x": -0.5793968017578125, "imu/gyr_y": -3.854961832061069, "imu/temp": 32.43588235294118, "imu/acl_y": 2.1116858642578125, "imu/acl_z": 11.61906065673828, "user/mode": "user", "cam/image_array": "1140_cam-image_array_.jpg", "imu/gyr_x": 3.6412213740458017, "user/angle": -0.8763389996032593, "user/throttle": 0.27218176824243906, "imu/gyr_z": 56.00763358778626}